更新日期,更新時間,地區,累計個案數目,新增個案數目,新村大邱教堂,清道郡大南醫院相關,輸入個案數目,其他,與流行病學有聯繫的群組或確診個案,其他##
24/02/2020,9:00,首爾,30,4,1,0,18,11,,
24/02/2020,9:00,釜山,17,8,4,1,0,12,,
24/02/2020,9:00,大邱,442,155,376,0,0,66,,
24/02/2020,9:00,仁川,2,0,1,0,1,0,,
24/02/2020,9:00,光州,9,2,7,0,1,1,,
24/02/2020,9:00,大田,3,1,0,0,0,3,,
24/02/2020,9:00,蔚山,1,0,1,0,0,0,,
24/02/2020,9:00,世宗,1,0,1,0,0,0,,
24/02/2020,9:00,京畿道,35,12,8,0,11,16,,
24/02/2020,9:00,江原道,7,0,3,0,0,4,,
24/02/2020,9:00,忠清北道,3,0,3,0,0,0,,
24/02/2020,9:00,忠清南道,1,0,0,0,0,1,,
24/02/2020,9:00,全羅北道,3,0,0,0,1,2,,
24/02/2020,9:00,全羅南道,1,0,0,0,1,0,,
24/02/2020,9:00,慶尙北道,186,16,38,112,0,36,,
24/02/2020,9:00,慶尙南道,20,9,13,0,0,7,,
24/02/2020,9:00,濟州,2,0,0,0,0,2,,
25/02/2020,9:00,首爾,36,3,2,0,18,16,,
25/02/2020,9:00,釜山,38,15,5,3,0,30,,
25/02/2020,9:00,大邱,499,57,407,1,0,91,,
25/02/2020,9:00,仁川,2,0,1,0,1,0,,
25/02/2020,9:00,光州,9,0,7,0,1,1,,
25/02/2020,9:00,大田,3,1,0,0,0,3,,
25/02/2020,9:00,蔚山,2,1,1,0,0,1,,
25/02/2020,9:00,世宗,1,0,1,0,0,0,,
25/02/2020,9:00,京畿,40,7,10,0,11,19,,
25/02/2020,9:00,江原,6,0,2,0,0,4,,
25/02/2020,9:00,忠清北,3,0,3,0,0,0,,
25/02/2020,9:00,忠清南,1,0,0,0,0,1,,
25/02/2020,9:00,全羅北,3,0,0,0,1,2,,
25/02/2020,9:00,全羅南,2,0,0,0,1,1,,
25/02/2020,9:00,慶尙北,225,45,49,109,0,67,,
25/02/2020,9:00,慶尙南,21,1,13,0,0,8,,
25/02/2020,9:00,濟州,2,0,0,0,0,2,,
26/02/2020,9:00,首爾,45,8,2,0,18,25,,
26/02/2020,9:00,釜山,50,13,6,2,0,42,,
26/02/2020,9:00,大邱,677,178,501,1,0,175,,
26/02/2020,9:00,仁川,3,1,1,0,1,1,,
26/02/2020,9:00,光州,9,0,7,0,1,1,,
26/02/2020,9:00,大田,3,0,0,0,0,3,,
26/02/2020,9:00,蔚山,3,1,2,0,0,1,,
26/02/2020,9:00,世宗,1,0,1,0,0,0,,
26/02/2020,9:00,京畿,43,3,8,0,11,24,,
26/02/2020,9:00,江原,6,0,2,0,0,4,,
26/02/2020,9:00,忠清北,5,2,3,0,0,2,,
26/02/2020,9:00,忠清南,2,1,0,0,0,2,,
26/02/2020,9:00,全羅北,3,0,0,0,1,2,,
26/02/2020,9:00,全羅南,1,0,0,0,1,0,,
26/02/2020,9:00,慶尙北,268,42,51,111,0,106,,
26/02/2020,9:00,慶尙南,25,4,13,0,0,12,,
26/02/2020,9:00,濟州,2,0,0,0,0,2,,
27/02/2020,9:00,首爾,55,10,2,0,18,35,,
27/02/2020,9:00,釜山,58,8,6,2,0,50,,
27/02/2020,9:00,大邱,1017,340,622,1,0,394,,
27/02/2020,9:00,仁川,3,0,1,0,1,1,,
27/02/2020,9:00,光州,9,0,7,0,1,1,,
27/02/2020,9:00,大田,8,5,0,0,0,8,,
27/02/2020,9:00,蔚山,6,3,2,0,0,4,,
27/02/2020,9:00,世宗,1,0,1,0,0,0,,
27/02/2020,9:00,京畿,55,12,10,0,11,34,,
27/02/2020,9:00,江原,6,0,2,0,0,4,,
27/02/2020,9:00,忠清北,7,2,3,0,0,4,,
27/02/2020,9:00,忠清南,7,5,0,0,0,7,,
27/02/2020,9:00,全羅北,3,0,0,0,1,2,,
27/02/2020,9:00,全羅南,1,0,0,0,1,0,,
27/02/2020,9:00,慶尙北,321,53,62,111,0,148,,
27/02/2020,9:00,慶尙南,36,11,13,0,0,23,,
27/02/2020,9:00,濟州,2,0,0,0,0,2,,
28/02/2020,9:00,首爾,62,7,2,0,18,42,,
28/02/2020,9:00,釜山,63,5,6,2,0,55,,
28/02/2020,9:00,大邱,1314,297,721,2,0,591,,
28/02/2020,9:00,仁川,4,1,1,0,1,2,,
28/02/2020,9:00,光州,9,0,7,0,1,1,,
28/02/2020,9:00,大田,13,5,0,0,0,13,,
28/02/2020,9:00,蔚山,11,5,4,0,0,7,,
28/02/2020,9:00,世宗,1,0,1,0,0,0,,
28/02/2020,9:00,京畿,66,11,10,0,11,45,,
28/02/2020,9:00,江原,6,0,2,0,0,4,,
28/02/2020,9:00,忠清北,9,2,3,0,0,6,,
28/02/2020,9:00,忠清南,16,9,0,0,0,16,,
28/02/2020,9:00,全羅北,5,2,0,0,1,4,,
28/02/2020,9:00,全羅南,1,0,0,0,1,0,,
28/02/2020,9:00,慶尙北,394,73,62,113,0,148,,
28/02/2020,9:00,慶尙南,46,10,13,0,0,23,,
28/02/2020,9:00,濟州,2,0,0,0,0,2,,
29/02/2020,9:00,首爾,74,12,4,0,18,52,,
29/02/2020,9:00,釜山,77,14,8,2,0,67,,
29/02/2020,9:00,大邱,2055,741,1356,2,0,697,,
29/02/2020,9:00,仁川,6,2,1,0,1,4,,
29/02/2020,9:00,光州,9,0,7,0,1,1,,
29/02/2020,9:00,大田,14,2,0,0,0,14,,
29/02/2020,9:00,蔚山,17,6,8,0,0,9,,
29/02/2020,9:00,世宗,1,0,1,0,0,0,,
29/02/2020,9:00,京畿,76,10,13,0,11,52,,
29/02/2020,9:00,江原,7,1,3,0,0,4,,
29/02/2020,9:00,忠清北,10,0,4,0,0,6,,
29/02/2020,9:00,忠清南,48,32,0,0,0,48,,
29/02/2020,9:00,全羅北,5,0,0,0,1,4,,
29/02/2020,9:00,全羅南,2,1,0,0,1,1,,
29/02/2020,9:00,慶尙北,469,75,133,115,0,221,,
29/02/2020,9:00,慶尙南,59,13,19,0,0,40,,
29/02/2020,9:00,濟州,2,0,0,0,0,2,,
01/03/2020,9:00,首爾,82,8,4,0,18,60,,
01/03/2020,9:00,釜山,81,4,8,2,0,71,,
01/03/2020,9:00,大邱,2569,513,1877,2,0,690,,
01/03/2020,9:00,仁川,6,0,1,0,1,4,,
01/03/2020,9:00,光州,9,0,7,0,1,1,,
01/03/2020,9:00,大田,13,0,0,0,0,13,,
01/03/2020,9:00,蔚山,17,0,9,0,0,8,,
01/03/2020,9:00,世宗,1,0,1,0,0,0,,
01/03/2020,9:00,京畿,84,8,14,0,11,59,,
01/03/2020,9:00,江原,7,0,3,0,0,4,,
01/03/2020,9:00,忠清北,11,1,4,0,0,7,,
01/03/2020,9:00,忠清南,60,12,2,0,0,58,,
01/03/2020,9:00,全羅北,5,0,0,0,1,4,,
01/03/2020,9:00,全羅南,3,1,0,0,1,2,,
01/03/2020,9:00,慶尙北,514,45,162,115,0,237,,
01/03/2020,9:00,慶尙南,62,3,21,0,0,41,,
01/03/2020,9:00,濟州,2,0,0,0,0,2,,
01/03/2020,16:00,首爾,87,5,4,0,18,60,,
01/03/2020,16:00,釜山,83,2,8,2,0,71,,
01/03/2020,16:00,大邱,2705,136,1877,2,0,690,,
01/03/2020,16:00,仁川,6,0,1,0,1,4,,
01/03/2020,16:00,光州,9,0,7,0,1,1,,
01/03/2020,16:00,大田,13,0,0,0,0,13,,
01/03/2020,16:00,蔚山,20,3,9,0,0,8,,
01/03/2020,16:00,世宗,1,0,1,0,0,0,,
01/03/2020,16:00,京畿,89,5,14,0,11,59,,
01/03/2020,16:00,江原,15,8,3,0,0,4,,
01/03/2020,16:00,忠清北,11,0,4,0,0,7,,
01/03/2020,16:00,忠清南,68,8,2,0,0,58,,
01/03/2020,16:00,全羅北,6,1,0,0,1,4,,
01/03/2020,16:00,全羅南,3,0,0,0,1,2,,
01/03/2020,16:00,慶尙北,555,41,162,115,0,237,,
01/03/2020,16:00,慶尙南,63,1,21,0,0,41,,
01/03/2020,16:00,濟州,2,0,0,0,0,2,,
02/03/2020,0:00,首爾,91,9,4,0,18,69,,
02/03/2020,0:00,釜山,88,7,9,2,0,77,,
02/03/2020,0:00,大邱,3081,514,2136,2,0,943,,
02/03/2020,0:00,仁川,7,1,1,0,1,5,,
02/03/2020,0:00,光州,9,0,7,0,1,1,,
02/03/2020,0:00,大田,14,1,0,0,0,14,,
02/03/2020,0:00,蔚山,20,3,10,0,0,10,,
02/03/2020,0:00,世宗,1,0,1,0,0,0,,
02/03/2020,0:00,京畿,92,8,16,0,11,65,,
02/03/2020,0:00,江原,19,12,7,0,0,12,,
02/03/2020,0:00,忠清北,11,0,5,0,0,6,,
02/03/2020,0:00,忠清南,78,18,2,0,0,76,,
02/03/2020,0:00,全羅北,6,1,0,0,1,5,,
02/03/2020,0:00,全羅南,5,2,1,0,1,3,,
02/03/2020,0:00,慶尙北,624,108,197,115,0,312,,
02/03/2020,0:00,慶尙南,64,2,22,0,0,42,,
02/03/2020,0:00,濟州,2,0,0,0,0,2,,
03/03/2020,0:00,首爾,98,7,,,,,57,41
03/03/2020,0:00,釜山,90,2,,,,,68,22
03/03/2020,0:00,大邱,3601,520,,,,,2385,1216
03/03/2020,0:00,仁川,7,0,,,,,3,4
03/03/2020,0:00,光州,11,2,,,,,9,2
03/03/2020,0:00,大田,14,0,,,,,8,6
03/03/2020,0:00,蔚山,20,0,,,,,10,10
03/03/2020,0:00,世宗,1,0,,,,,1,0
03/03/2020,0:00,京畿,94,2,,,,,70,24
03/03/2020,0:00,江原,20,1,,,,,7,13
03/03/2020,0:00,忠清北,11,0,,,,,5,6
03/03/2020,0:00,忠清南,81,3,,,,,57,24
03/03/2020,0:00,全羅北,7,1,,,,,3,4
03/03/2020,0:00,全羅南,5,0,,,,,2,3
03/03/2020,0:00,慶尙北,685,61,,,,,436,249
03/03/2020,0:00,慶尙南,64,0,,,,,40,24
03/03/2020,0:00,濟州,3,1,,,,,0,3
04/03/2020,0:00,首爾,99,1,,,,,62,37
04/03/2020,0:00,釜山,93,3,,,,,71,22
04/03/2020,0:00,大邱,4006,405,,,,,2585,1421
04/03/2020,0:00,仁川,9,2,,,,,3,6
04/03/2020,0:00,光州,13,2,,,,,9,4
04/03/2020,0:00,大田,15,1,,,,,8,7
04/03/2020,0:00,蔚山,23,3,,,,,11,12
04/03/2020,0:00,世宗,1,0,,,,,1,0
04/03/2020,0:00,京畿,101,7,,,,,75,26
04/03/2020,0:00,江原,21,1,,,,,11,10
04/03/2020,0:00,忠清北,11,0,,,,,5,6
04/03/2020,0:00,忠清南,82,1,,,,,81,1
04/03/2020,0:00,全羅北,7,0,,,,,4,3
04/03/2020,0:00,全羅南,5,0,,,,,2,3
04/03/2020,0:00,慶尙北,774,89,,,,,526,248
04/03/2020,0:00,慶尙南,65,1,,,,,40,25
04/03/2020,0:00,濟州,3,0,,,,,0,3
05/03/2020,0:00,首爾,103,4,,,,,65,38
05/03/2020,0:00,釜山,92,-1,,,,,67,25
05/03/2020,0:00,大邱,4327,321,,,,,3015,1312
05/03/2020,0:00,仁川,9,0,,,,,4,5
05/03/2020,0:00,光州,14,1,,,,,8,6
05/03/2020,0:00,大田,16,1,,,,,9,7
05/03/2020,0:00,蔚山,23,0,,,,,11,12
05/03/2020,0:00,世宗,1,0,,,,,1,0
05/03/2020,0:00,京畿,110,9,,,,,80,30
05/03/2020,0:00,江原,23,2,,,,,11,12
05/03/2020,0:00,忠清北,12,1,,,,,5,7
05/03/2020,0:00,忠清南,86,4,,,,,81,5
05/03/2020,0:00,全羅北,7,0,,,,,3,4
05/03/2020,0:00,全羅南,4,-1,,,,,2,2
05/03/2020,0:00,慶尙北,861,87,,,,,597,264
05/03/2020,0:00,慶尙南,74,9,,,,,45,29
05/03/2020,0:00,濟州,4,1,,,,,0,4
06/03/2020,0:00,首爾,105,2,,,,,65,40
06/03/2020,0:00,釜山,95,3,,,,,67,28
06/03/2020,0:00,大邱,4694,367,,,,,3399,1295
06/03/2020,0:00,仁川,9,0,,,,,5,4
06/03/2020,0:00,光州,13,-1,,,,,8,5
06/03/2020,0:00,大田,18,2,,,,,10,8
06/03/2020,0:00,蔚山,23,0,,,,,10,13
06/03/2020,0:00,世宗,1,0,,,,,1,0
06/03/2020,0:00,京畿,120,10,,,,,86,34
06/03/2020,0:00,江原,25,2,,,,,12,13
06/03/2020,0:00,忠清北,15,3,,,,,6,9
06/03/2020,0:00,忠清南,90,4,,,,,88,2
06/03/2020,0:00,全羅北,7,0,,,,,3,4
06/03/2020,0:00,全羅南,4,0,,,,,2,2
06/03/2020,0:00,慶尙北,984,123,,,,,693,291
06/03/2020,0:00,慶尙南,77,3,,,,,48,29
06/03/2020,0:00,濟州,4,0,,,,,0,4
07/03/2020,0:00,首爾,108,3,,,,,65,43
07/03/2020,0:00,釜山,96,1,,,,,69,27
07/03/2020,0:00,大邱,5084,390,,,,,3718,1366
07/03/2020,0:00,仁川,9,0,,,,,5,4
07/03/2020,0:00,光州,13,0,,,,,9,4
07/03/2020,0:00,大田,18,0,,,,,10,8
07/03/2020,0:00,蔚山,23,0,,,,,12,11
07/03/2020,0:00,世宗,2,1,,,,,1,1
07/03/2020,0:00,京畿,130,10,,,,,97,33
07/03/2020,0:00,江原,26,1,,,,,15,11
07/03/2020,0:00,忠清北,20,5,,,,,14,6
07/03/2020,0:00,忠清南,92,2,,,,,91,1
07/03/2020,0:00,全羅北,7,0,,,,,4,3
07/03/2020,0:00,全羅南,4,0,,,,,2,2
07/03/2020,0:00,慶尙北,1049,65,,,,,758,291
07/03/2020,0:00,慶尙南,82,5,,,,,55,27
07/03/2020,0:00,濟州,4,0,,,,,0,4
08/03/2020,0:00,首爾,120,12,,,,,75,45
08/03/2020,0:00,釜山,97,1,,,,,70,27
08/03/2020,0:00,大邱,5381,297,,,,,4418,963
08/03/2020,0:00,仁川,9,0,,,,,5,4
08/03/2020,0:00,光州,13,0,,,,,9,4
08/03/2020,0:00,大田,18,0,,,,,10,8
08/03/2020,0:00,蔚山,24,1,,,,,12,12
08/03/2020,0:00,世宗,3,1,,,,,3,0
08/03/2020,0:00,京畿,141,11,,,,,106,35
08/03/2020,0:00,江原,27,1,,,,,15,12
08/03/2020,0:00,忠清北,24,4,,,,,14,10
08/03/2020,0:00,忠清南,98,6,,,,,92,6
08/03/2020,0:00,全羅北,7,0,,,,,4,3
08/03/2020,0:00,全羅南,4,0,,,,,2,2
08/03/2020,0:00,慶尙北,1081,32,,,,,777,304
08/03/2020,0:00,慶尙南,83,1,,,,,55,28
08/03/2020,0:00,濟州,4,0,,,,,0,4
09/03/2020,0:00,首爾,130,10,,,,,85,45
09/03/2020,0:00,釜山,96,-1,,,,,69,27
09/03/2020,0:00,大邱,5571,190,,,,,4582,989
09/03/2020,0:00,仁川,9,0,,,,,5,4
09/03/2020,0:00,光州,15,2,,,,,10,5
09/03/2020,0:00,大田,19,1,,,,,10,9
09/03/2020,0:00,蔚山,24,0,,,,,12,12
09/03/2020,0:00,世宗,6,3,,,,,6,0
09/03/2020,0:00,京畿,152,11,,,,,118,34
09/03/2020,0:00,江原,28,1,,,,,15,13
09/03/2020,0:00,忠清北,25,1,,,,,18,7
09/03/2020,0:00,忠清南,102,4,,,,,92,10
09/03/2020,0:00,全羅北,7,0,,,,,4,3
09/03/2020,0:00,全羅南,4,0,,,,,2,2
09/03/2020,0:00,慶尙北,1107,26,,,,,798,309
09/03/2020,0:00,慶尙南,83,0,,,,,55,28
09/03/2020,0:00,濟州,4,0,,,,,0,4
10/03/2020,0:00,首爾,141,11,,,,,97,44
10/03/2020,0:00,釜山,96,0,,,,,69,27
10/03/2020,0:00,大邱,5663,92,,,,,4676,987
10/03/2020,0:00,仁川,13,4,,,,,5,8
10/03/2020,0:00,光州,15,0,,,,,10,5
10/03/2020,0:00,大田,18,-1,,,,,10,8
10/03/2020,0:00,蔚山,24,0,,,,,15,9
10/03/2020,0:00,世宗,8,2,,,,,8,0
10/03/2020,0:00,京畿,163,11,,,,,126,37
10/03/2020,0:00,江原,28,0,,,,,15,13
10/03/2020,0:00,忠清北,25,0,,,,,21,4
10/03/2020,0:00,忠清南,104,2,,,,,99,5
10/03/2020,0:00,全羅北,7,0,,,,,4,3
10/03/2020,0:00,全羅南,4,0,,,,,2,2
10/03/2020,0:00,慶尙北,1117,10,,,,,814,303
10/03/2020,0:00,慶尙南,83,0,,,,,55,28
10/03/2020,0:00,濟州,4,0,,,,,0,4
11/03/2020,0:00,首爾,193,52,,,,,149,44
11/03/2020,0:00,釜山,98,2,,,,,70,28
11/03/2020,0:00,大邱,5794,131,,,,,4755,1039
11/03/2020,0:00,仁川,25,12,,,,,20,5
11/03/2020,0:00,光州,15,0,,,,,10,5
11/03/2020,0:00,大田,18,0,,,,,10,8
11/03/2020,0:00,蔚山,25,1,,,,,16,9
11/03/2020,0:00,世宗,10,2,,,,,9,1
11/03/2020,0:00,京畿,175,12,,,,,136,39
11/03/2020,0:00,江原,29,1,,,,,18,11
11/03/2020,0:00,忠清北,27,2,,,,,25,2
11/03/2020,0:00,忠清南,112,8,,,,,105,7
11/03/2020,0:00,全羅北,7,0,,,,,4,3
11/03/2020,0:00,全羅南,4,0,,,,,3,1
11/03/2020,0:00,慶尙北,1135,18,,,,,820,315
11/03/2020,0:00,慶尙南,84,1,,,,,63,21
11/03/2020,0:00,濟州,4,0,,,,,0,4
12/03/2020,0:00,首爾,212,19,,,,,166,46
12/03/2020,0:00,釜山,99,1,,,,,70,29
12/03/2020,0:00,大邱,5867,73,,,,,4808,1059
12/03/2020,0:00,仁川,25,0,,,,,22,3
12/03/2020,0:00,光州,15,0,,,,,10,5
12/03/2020,0:00,大田,20,2,,,,,10,10
12/03/2020,0:00,蔚山,25,0,,,,,19,6
12/03/2020,0:00,世宗,15,5,,,,,14,1
12/03/2020,0:00,京畿,178,3,,,,,138,40
12/03/2020,0:00,江原,29,0,,,,,19,10
12/03/2020,0:00,忠清北,27,0,,,,,25,2
12/03/2020,0:00,忠清南,114,2,,,,,113,1
12/03/2020,0:00,全羅北,7,0,,,,,4,3
12/03/2020,0:00,全羅南,4,0,,,,,3,1
12/03/2020,0:00,慶尙北,1143,8,,,,,823,320
12/03/2020,0:00,慶尙南,85,1,,,,,63,22
12/03/2020,0:00,濟州,4,0,,,,,0,4
13/03/2020,0:00,首爾,225,13,,,,,170,55
13/03/2020,0:00,釜山,100,1,,,,,70,30
13/03/2020,0:00,大邱,5928,61,,,,,4838,1090
13/03/2020,0:00,仁川,27,2,,,,,24,3
13/03/2020,0:00,光州,15,0,,,,,10,5
13/03/2020,0:00,大田,22,2,,,,,12,10
13/03/2020,0:00,蔚山,27,2,,,,,19,8
13/03/2020,0:00,世宗,32,17,,,,,29,3
13/03/2020,0:00,京畿,185,7,,,,,143,42
13/03/2020,0:00,江原,29,0,,,,,19,10
13/03/2020,0:00,忠清北,27,0,,,,,25,2
13/03/2020,0:00,忠清南,115,1,,,,,112,3
13/03/2020,0:00,全羅北,7,0,,,,,4,3
13/03/2020,0:00,全羅南,4,0,,,,,3,1
13/03/2020,0:00,慶尙北,1147,4,,,,,829,318
13/03/2020,0:00,慶尙南,85,0,,,,,63,22
13/03/2020,0:00,濟州,4,0,,,,,0,4
14/03/2020,0:00,首爾,238,13,,,,,177,61
14/03/2020,0:00,釜山,103,3,,,,,72,31
14/03/2020,0:00,大邱,5990,62,,,,,4974,1016
14/03/2020,0:00,仁川,28,1,,,,,25,3
14/03/2020,0:00,光州,15,0,,,,,10,5
14/03/2020,0:00,大田,22,0,,,,,12,10
14/03/2020,0:00,蔚山,27,0,,,,,19,8
14/03/2020,0:00,世宗,38,6,,,,,35,3
14/03/2020,0:00,京畿,200,15,,,,,156,44
14/03/2020,0:00,江原,29,0,,,,,21,8
14/03/2020,0:00,忠清北,28,1,,,,,25,3
14/03/2020,0:00,忠清南,115,0,,,,,112,3
14/03/2020,0:00,全羅北,7,0,,,,,4,3
14/03/2020,0:00,全羅南,4,0,,,,,3,1
14/03/2020,0:00,慶尙北,1153,6,,,,,841,312
14/03/2020,0:00,慶尙南,85,0,,,,,66,19
14/03/2020,0:00,濟州,4,0,,,,,0,4
15/03/2020,0:00,首爾,247,9,,,,,183,64
15/03/2020,0:00,釜山,106,3,,,,,74,32
15/03/2020,0:00,大邱,6031,41,,,,,4990,1041
15/03/2020,0:00,仁川,30,2,,,,,25,5
15/03/2020,0:00,光州,16,1,,,,,10,6
15/03/2020,0:00,大田,22,0,,,,,12,10
15/03/2020,0:00,蔚山,28,1,,,,,22,6
15/03/2020,0:00,世宗,39,1,,,,,36,3
15/03/2020,0:00,京畿,211,11,,,,,167,44
15/03/2020,0:00,江原,29,0,,,,,21,8
15/03/2020,0:00,忠清北,31,3,,,,,27,4
15/03/2020,0:00,忠清南,115,0,,,,,112,3
15/03/2020,0:00,全羅北,7,0,,,,,4,3
15/03/2020,0:00,全羅南,4,0,,,,,3,1
15/03/2020,0:00,慶尙北,1157,4,,,,,841,316
15/03/2020,0:00,慶尙南,85,0,,,,,66,19
15/03/2020,0:00,濟州,4,0,,,,,0,4
16/03/2020,0:00,首爾,253,6,,,,,188,65
16/03/2020,0:00,釜山,107,1,,,,,75,32
16/03/2020,0:00,大邱,6066,35,,,,,5010,1056
16/03/2020,0:00,仁川,30,0,,,,,26,4
16/03/2020,0:00,光州,16,0,,,,,14,2
16/03/2020,0:00,大田,22,0,,,,,12,10
16/03/2020,0:00,蔚山,28,0,,,,,22,6
16/03/2020,0:00,世宗,40,1,,,,,37,3
16/03/2020,0:00,京畿,231,20,,,,,184,47
16/03/2020,0:00,江原,29,0,,,,,21,8
16/03/2020,0:00,忠清北,31,0,,,,,27,4
16/03/2020,0:00,忠清南,115,0,,,,,112,3
16/03/2020,0:00,全羅北,7,0,,,,,4,3
16/03/2020,0:00,全羅南,4,0,,,,,3,1
16/03/2020,0:00,慶尙北,1164,7,,,,,842,322
16/03/2020,0:00,慶尙南,85,0,,,,,66,19
16/03/2020,0:00,濟州,4,0,,,,,0,4
16/03/2020,0:00,隔離,4,4,,,,,4,0
17/03/2020,0:00,首爾,265,12,,,,,196,69
17/03/2020,0:00,釜山,107,0,,,,,75,32
17/03/2020,0:00,大邱,6098,32,,,,,5021,1077
17/03/2020,0:00,仁川,31,1,,,,,27,4
17/03/2020,0:00,光州,16,0,,,,,14,2
17/03/2020,0:00,大田,22,0,,,,,12,10
17/03/2020,0:00,蔚山,28,0,,,,,22,6
17/03/2020,0:00,世宗,40,0,,,,,37,3
17/03/2020,0:00,京畿,262,31,,,,,214,48
17/03/2020,0:00,江原,29,0,,,,,21,8
17/03/2020,0:00,忠清北,31,0,,,,,27,4
17/03/2020,0:00,忠清南,115,0,,,,,112,3
17/03/2020,0:00,全羅北,7,0,,,,,4,3
17/03/2020,0:00,全羅南,4,0,,,,,3,1
17/03/2020,0:00,慶尙北,1169,5,,,,,848,321
17/03/2020,0:00,慶尙南,86,1,,,,,66,20
17/03/2020,0:00,濟州,4,0,,,,,0,4
17/03/2020,0:00,隔離,6,2,,,,,6,0
18/03/2020,0:00,首爾,270,5,,,,,203,67
18/03/2020,0:00,釜山,107,0,,,,,75,32
18/03/2020,0:00,大邱,6144,46,,,,,5026,1118
18/03/2020,0:00,仁川,32,1,,,,,27,5
18/03/2020,0:00,光州,17,1,,,,,14,3
18/03/2020,0:00,大田,22,0,,,,,12,10
18/03/2020,0:00,蔚山,30,2,,,,,23,7
18/03/2020,0:00,世宗,41,1,,,,,38,3
18/03/2020,0:00,京畿,277,15,,,,,227,50
18/03/2020,0:00,江原,30,1,,,,,21,9
18/03/2020,0:00,忠清北,32,1,,,,,28,4
18/03/2020,0:00,忠清南,118,3,,,,,112,6
18/03/2020,0:00,全羅北,9,2,,,,,4,5
18/03/2020,0:00,全羅南,5,1,,,,,4,1
18/03/2020,0:00,慶尙北,1178,9,,,,,850,328
18/03/2020,0:00,慶尙南,86,0,,,,,70,16
18/03/2020,0:00,濟州,4,0,,,,,0,4
18/03/2020,0:00,隔離,11,5,,,,,11,0
19/03/2020,0:00,首爾,282,12,,,,,208,74
19/03/2020,0:00,釜山,107,0,,,,,78,29
19/03/2020,0:00,大邱,6241,97,,,,,5157,1084
19/03/2020,0:00,仁川,32,0,,,,,27,5
19/03/2020,0:00,光州,17,0,,,,,14,3
19/03/2020,0:00,大田,22,0,,,,,12,10
19/03/2020,0:00,蔚山,36,6,,,,,26,10
19/03/2020,0:00,世宗,41,0,,,,,38,3
19/03/2020,0:00,京畿,295,18,,,,,243,52
19/03/2020,0:00,江原,30,0,,,,,21,9
19/03/2020,0:00,忠清北,33,1,,,,,29,4
19/03/2020,0:00,忠清南,118,0,,,,,112,6
19/03/2020,0:00,全羅北,10,1,,,,,4,6
19/03/2020,0:00,全羅南,5,0,,,,,4,1
19/03/2020,0:00,慶尙北,1190,12,,,,,863,327
19/03/2020,0:00,慶尙南,86,0,,,,,70,16
19/03/2020,0:00,濟州,4,0,,,,,0,4
19/03/2020,0:00,隔離,16,5,,,,,16,0
20/03/2020,0:00,首爾,299,17,,,,,218,81
20/03/2020,0:00,釜山,108,1,,,,,78,30
20/03/2020,0:00,大邱,6275,34,,,,,5179,1096
20/03/2020,0:00,仁川,36,4,,,,,30,6
20/03/2020,0:00,光州,18,1,,,,,15,3
20/03/2020,0:00,大田,22,0,,,,,12,10
20/03/2020,0:00,蔚山,36,0,,,,,26,10
20/03/2020,0:00,世宗,41,0,,,,,38,3
20/03/2020,0:00,京畿,309,14,,,,,250,59
20/03/2020,0:00,江原,30,0,,,,,21,9
20/03/2020,0:00,忠清北,33,0,,,,,28,5
20/03/2020,0:00,忠清南,119,1,,,,,112,7
20/03/2020,0:00,全羅北,10,0,,,,,4,6
20/03/2020,0:00,全羅南,5,0,,,,,4,1
20/03/2020,0:00,慶尙北,1203,13,,,,,870,333
20/03/2020,0:00,慶尙南,87,1,,,,,70,17
20/03/2020,0:00,濟州,4,0,,,,,0,4
20/03/2020,0:00,隔離,17,1,,,,,17,0
21/03/2020,0:00,首爾,314,15,,,,,223,91
21/03/2020,0:00,釜山,108,0,,,,,78,30
21/03/2020,0:00,大邱,6344,69,,,,,5242,1102
21/03/2020,0:00,仁川,40,4,,,,,32,8
21/03/2020,0:00,光州,18,0,,,,,15,3
21/03/2020,0:00,大田,22,0,,,,,12,10
21/03/2020,0:00,蔚山,36,0,,,,,26,10
21/03/2020,0:00,世宗,41,0,,,,,38,3
21/03/2020,0:00,京畿,321,12,,,,,262,59
21/03/2020,0:00,江原,30,0,,,,,21,9
21/03/2020,0:00,忠清北,34,1,,,,,28,6
21/03/2020,0:00,忠清南,119,0,,,,,112,7
21/03/2020,0:00,全羅北,10,0,,,,,4,6
21/03/2020,0:00,全羅南,5,0,,,,,4,1
21/03/2020,0:00,慶尙北,1243,40,,,,,910,333
21/03/2020,0:00,慶尙南,87,0,,,,,70,17
21/03/2020,0:00,濟州,4,0,,,,,0,4
21/03/2020,0:00,隔離,23,6,,,,,23,0
22/03/2020,0:00,首爾,324,10,,,,,230,94
22/03/2020,0:00,釜山,108,0,,,,,78,30
22/03/2020,0:00,大邱,6387,43,,,,,5302,1085
22/03/2020,0:00,仁川,40,0,,,,,32,8
22/03/2020,0:00,光州,19,1,,,,,15,4
22/03/2020,0:00,大田,24,2,,,,,13,11
22/03/2020,0:00,蔚山,36,0,,,,,26,10
22/03/2020,0:00,世宗,41,0,,,,,38,3
22/03/2020,0:00,京畿,337,16,,,,,275,62
22/03/2020,0:00,江原,30,0,,,,,21,9
22/03/2020,0:00,忠清北,35,1,,,,,28,7
22/03/2020,0:00,忠清南,120,1,,,,,112,8
22/03/2020,0:00,全羅北,10,0,,,,,4,6
22/03/2020,0:00,全羅南,6,1,,,,,4,2
22/03/2020,0:00,慶尙北,1254,11,,,,,918,336
22/03/2020,0:00,慶尙南,88,1,,,,,71,17
22/03/2020,0:00,濟州,4,0,,,,,0,4
22/03/2020,0:00,隔離,34,11,,,,,34,0
23/03/2020,0:00,首爾,330,6,,,,,233,97
23/03/2020,0:00,釜山,109,1,,,,,78,31
23/03/2020,0:00,大邱,6411,24,,,,,5334,1077
23/03/2020,0:00,仁川,40,0,,,,,32,8
23/03/2020,0:00,光州,19,0,,,,,15,4
23/03/2020,0:00,大田,24,0,,,,,13,11
23/03/2020,0:00,蔚山,36,0,,,,,26,10
23/03/2020,0:00,世宗,42,1,,,,,38,4
23/03/2020,0:00,京畿,351,14,,,,,286,65
23/03/2020,0:00,江原,30,0,,,,,21,9
23/03/2020,0:00,忠清北,37,2,,,,,30,7
23/03/2020,0:00,忠清南,120,0,,,,,112,8
23/03/2020,0:00,全羅北,10,0,,,,,4,6
23/03/2020,0:00,全羅南,6,0,,,,,4,2
23/03/2020,0:00,慶尙北,1256,2,,,,,921,335
23/03/2020,0:00,慶尙南,89,1,,,,,72,17
23/03/2020,0:00,濟州,4,0,,,,,0,4
23/03/2020,0:00,隔離,47,13,,,,,47,0
24/03/2020,0:00,首爾,334,4,,,,,233,101
24/03/2020,0:00,釜山,111,2,,,,,80,31
24/03/2020,0:00,大邱,6442,31,,,,,5358,1084
24/03/2020,0:00,仁川,41,1,,,,,32,9
24/03/2020,0:00,光州,19,0,,,,,15,4
24/03/2020,0:00,大田,24,0,,,,,13,11
24/03/2020,0:00,蔚山,36,0,,,,,26,10
24/03/2020,0:00,世宗,42,0,,,,,38,4
24/03/2020,0:00,京畿,366,15,,,,,293,73
24/03/2020,0:00,江原,30,0,,,,,21,9
24/03/2020,0:00,忠清北,38,1,,,,,31,7
24/03/2020,0:00,忠清南,120,0,,,,,112,8
24/03/2020,0:00,全羅北,10,0,,,,,4,6
24/03/2020,0:00,全羅南,6,0,,,,,4,2
24/03/2020,0:00,慶尙北,1257,1,,,,,932,325
24/03/2020,0:00,慶尙南,90,1,,,,,73,17
24/03/2020,0:00,濟州,4,0,,,,,0,4
24/03/2020,0:00,隔離,67,20,,,,,0,67
25/03/2020,0:00,首爾,347,13,,,58,,259,30
25/03/2020,0:00,釜山,112,1,,,2,,76,34
25/03/2020,0:00,大邱,6456,14,,,2,,5427,1027
25/03/2020,0:00,仁川,42,1,,,6,,34,2
25/03/2020,0:00,光州,19,0,,,4,,14,1
25/03/2020,0:00,大田,24,0,,,0,,14,10
25/03/2020,0:00,蔚山,37,1,,,6,,24,7
25/03/2020,0:00,世宗,44,2,,,0,,41,3
25/03/2020,0:00,京畿,387,21,,,36,,298,53
25/03/2020,0:00,江原,31,1,,,2,,23,6
25/03/2020,0:00,忠清北,38,0,,,0,,30,8
25/03/2020,0:00,忠清南,123,3,,,4,,112,7
25/03/2020,0:00,全羅北,10,0,,,3,,1,6
25/03/2020,0:00,全羅南,8,2,,,0,,4,4
25/03/2020,0:00,慶尙北,1262,5,,,0,,1103,159
25/03/2020,0:00,慶尙南,90,0,,,2,,72,16
25/03/2020,0:00,濟州,6,2,,,1,,0,5
25/03/2020,0:00,隔離,101,34,,,101,,0,0
26/03/2020,0:00,首爾,360,13,,,68,,266,26
26/03/2020,0:00,釜山,112,0,,,2,,76,34
26/03/2020,0:00,大邱,6482,26,,,2,,5463,1017
26/03/2020,0:00,仁川,43,1,,,7,,34,2
26/03/2020,0:00,光州,19,0,,,4,,14,1
26/03/2020,0:00,大田,30,6,,,1,,18,11
26/03/2020,0:00,蔚山,37,0,,,6,,24,7
26/03/2020,0:00,世宗,44,0,,,0,,42,2
26/03/2020,0:00,京畿,401,14,,,47,,309,45
26/03/2020,0:00,江原,31,0,,,2,,22,7
26/03/2020,0:00,忠清北,39,1,,,0,,26,13
26/03/2020,0:00,忠清南,124,1,,,5,,112,7
26/03/2020,0:00,全羅北,10,0,,,3,,1,6
26/03/2020,0:00,全羅南,8,0,,,1,,4,3
26/03/2020,0:00,慶尙北,1274,12,,,1,,1115,158
26/03/2020,0:00,慶尙南,90,0,,,2,,72,16
26/03/2020,0:00,濟州,6,0,,,2,,0,4
26/03/2020,0:00,隔離,131,30,,,131,,0,0
27/03/2020,0:00,首爾,372,12,,,74,,268,30
27/03/2020,0:00,釜山,113,1,,,2,,76,35
27/03/2020,0:00,大邱,6516,34,,,2,,5487,1027
27/03/2020,0:00,仁川,46,3,,,8,,34,4
27/03/2020,0:00,光州,20,1,,,4,,14,2
27/03/2020,0:00,大田,31,1,,,2,,18,11
27/03/2020,0:00,蔚山,39,2,,,7,,24,8
27/03/2020,0:00,世宗,44,0,,,0,,42,2
27/03/2020,0:00,京畿,412,11,,,49,,315,48
27/03/2020,0:00,江原,31,0,,,2,,22,7
27/03/2020,0:00,忠清北,41,2,,,1,,28,12
27/03/2020,0:00,忠清南,124,0,,,5,,112,7
27/03/2020,0:00,全羅北,10,0,,,3,,1,6
27/03/2020,0:00,全羅南,8,0,,,1,,4,3
27/03/2020,0:00,慶尙北,1283,9,,,1,,1117,165
27/03/2020,0:00,慶尙南,91,1,,,2,,73,16
27/03/2020,0:00,濟州,7,1,,,2,,0,5
27/03/2020,0:00,隔離,144,13,,,144,,0,0
28/03/2020,0:00,首爾,390,18,,,83,,272,35
28/03/2020,0:00,釜山,114,1,,,4,,76,34
28/03/2020,0:00,大邱,6587,71,,,2,,5562,1023
28/03/2020,0:00,仁川,51,5,,,14,,34,3
28/03/2020,0:00,光州,20,0,,,5,,14,1
28/03/2020,0:00,大田,31,0,,,3,,18,10
28/03/2020,0:00,蔚山,39,0,,,8,,24,7
28/03/2020,0:00,世宗,44,0,,,0,,42,2
28/03/2020,0:00,京畿,433,21,,,55,,333,45
28/03/2020,0:00,江原,32,1,,,3,,22,7
28/03/2020,0:00,忠清北,41,0,,,2,,27,12
28/03/2020,0:00,忠清南,126,2,,,5,,113,8
28/03/2020,0:00,全羅北,10,0,,,3,,1,6
28/03/2020,0:00,全羅南,8,0,,,1,,4,3
28/03/2020,0:00,慶尙北,1285,2,,,1,,1120,164
28/03/2020,0:00,慶尙南,91,0,,,3,,72,16
28/03/2020,0:00,濟州,8,1,,,3,,0,5
28/03/2020,0:00,隔離,168,24,,,168,,0,0
29/03/2020,0:00,首爾,410,20,,,92,,281,37
29/03/2020,0:00,釜山,117,3,,,5,,76,36
29/03/2020,0:00,大邱,6610,23,,,3,,5584,1023
29/03/2020,0:00,仁川,58,7,,,15,,36,7
29/03/2020,0:00,光州,20,0,,,5,,14,1
29/03/2020,0:00,大田,34,3,,,4,,20,10
29/03/2020,0:00,蔚山,39,0,,,8,,24,7
29/03/2020,0:00,世宗,46,2,,,0,,42,4
29/03/2020,0:00,京畿,448,15,,,64,,335,49
29/03/2020,0:00,江原,34,2,,,4,,22,8
29/03/2020,0:00,忠清北,41,0,,,2,,27,12
29/03/2020,0:00,忠清南,127,1,,,7,,113,7
29/03/2020,0:00,全羅北,12,2,,,3,,1,8
29/03/2020,0:00,全羅南,9,1,,,1,,6,2
29/03/2020,0:00,慶尙北,1287,2,,,1,,1121,165
29/03/2020,0:00,慶尙南,94,3,,,5,,72,17
29/03/2020,0:00,濟州,8,0,,,4,,0,4
29/03/2020,0:00,隔離,189,21,,,189,,0,0
30/03/2020,0:00,首爾,426,16,,,109,,284,33
30/03/2020,0:00,釜山,118,1,,,8,,80,30
30/03/2020,0:00,大邱,6624,14,,,4,,5871,749
30/03/2020,0:00,仁川,58,0,,,19,,36,3
30/03/2020,0:00,光州,20,0,,,5,,14,1
30/03/2020,0:00,大田,34,0,,,4,,21,9
30/03/2020,0:00,蔚山,39,0,,,8,,24,7
30/03/2020,0:00,世宗,46,0,,,3,,42,1
30/03/2020,0:00,京畿,463,15,,,79,,342,42
30/03/2020,0:00,江原,36,2,,,5,,23,8
30/03/2020,0:00,忠清北,44,3,,,3,,32,9
30/03/2020,0:00,忠清南,127,0,,,7,,113,7
30/03/2020,0:00,全羅北,13,1,,,5,,1,7
30/03/2020,0:00,全羅南,9,0,,,2,,6,1
30/03/2020,0:00,慶尙北,1298,11,,,2,,1162,134
30/03/2020,0:00,慶尙南,95,1,,,6,,72,17
30/03/2020,0:00,濟州,9,1,,,5,,0,4
30/03/2020,0:00,隔離,202,13,,,202,,0,0
31/03/2020,0:00,首爾,450,24,,,119,,293,38
31/03/2020,0:00,釜山,119,1,,,8,,80,31
31/03/2020,0:00,大邱,6684,60,,,5,,5930,749
31/03/2020,0:00,仁川,64,6,,,21,,36,7
31/03/2020,0:00,光州,20,0,,,5,,14,1
31/03/2020,0:00,大田,36,2,,,4,,21,11
31/03/2020,0:00,蔚山,39,0,,,8,,24,7
31/03/2020,0:00,世宗,46,0,,,3,,42,1
31/03/2020,0:00,京畿,476,13,,,86,,348,42
31/03/2020,0:00,江原,36,0,,,6,,22,8
31/03/2020,0:00,忠清北,44,0,,,4,,32,8
31/03/2020,0:00,忠清南,128,1,,,7,,113,8
31/03/2020,0:00,全羅北,13,0,,,6,,1,6
31/03/2020,0:00,全羅南,9,0,,,2,,6,1
31/03/2020,0:00,慶尙北,1300,2,,,5,,1162,133
31/03/2020,0:00,慶尙南,96,1,,,7,,72,17
31/03/2020,0:00,濟州,9,0,,,5,,0,4
31/03/2020,0:00,隔離,217,15,,,217,,0,0
01/04/2020,0:00,首爾,474,24,,,127,,310,37
01/04/2020,0:00,釜山,122,3,,,12,,80,30
01/04/2020,0:00,大邱,6704,20,,,5,,5961,738
01/04/2020,0:00,仁川,69,5,,,25,,40,4
01/04/2020,0:00,光州,24,4,,,6,,15,3
01/04/2020,0:00,大田,36,0,,,6,,21,9
01/04/2020,0:00,蔚山,39,0,,,8,,24,7
01/04/2020,0:00,世宗,46,0,,,3,,42,1
01/04/2020,0:00,京畿,499,23,,,96,,359,44
01/04/2020,0:00,江原,38,2,,,7,,23,8
01/04/2020,0:00,忠清北,44,0,,,4,,31,9
01/04/2020,0:00,忠清南,131,3,,,8,,114,9
01/04/2020,0:00,全羅北,14,1,,,6,,1,7
01/04/2020,0:00,全羅南,12,3,,,4,,6,2
01/04/2020,0:00,慶尙北,1302,2,,,5,,1164,133
01/04/2020,0:00,慶尙南,100,4,,,9,,72,19
01/04/2020,0:00,濟州,9,0,,,5,,0,4
01/04/2020,0:00,隔離,224,7,,,224,,0,0
02/04/2020,0:00,首爾,488,14,,,134,,314,40
02/04/2020,0:00,釜山,122,0,,,12,,80,30
02/04/2020,0:00,大邱,6725,21,,,6,,5979,740
02/04/2020,0:00,仁川,73,4,,,27,,43,3
02/04/2020,0:00,光州,25,1,,,8,,16,1
02/04/2020,0:00,大田,36,0,,,6,,21,9
02/04/2020,0:00,蔚山,40,1,,,8,,24,8
02/04/2020,0:00,世宗,46,0,,,3,,42,1
02/04/2020,0:00,京畿,516,17,,,102,,371,43
02/04/2020,0:00,江原,39,1,,,8,,23,8
02/04/2020,0:00,忠清北,44,0,,,4,,32,8
02/04/2020,0:00,忠清南,133,2,,,8,,117,8
02/04/2020,0:00,全羅北,14,0,,,6,,3,5
02/04/2020,0:00,全羅南,14,2,,,5,,7,2
02/04/2020,0:00,慶尙北,1304,2,,,7,,1164,133
02/04/2020,0:00,慶尙南,106,6,,,10,,76,20
02/04/2020,0:00,濟州,9,0,,,5,,0,4
02/04/2020,0:00,隔離,242,18,,,242,,0,0
03/04/2020,0:00,首爾,506,18,,,148,,319,39
03/04/2020,0:00,釜山,122,0,,,12,,80,30
03/04/2020,0:00,大邱,6734,9,,,7,,5986,741
03/04/2020,0:00,仁川,74,1,,,27,,43,4
03/04/2020,0:00,光州,26,1,,,9,,16,1
03/04/2020,0:00,大田,36,0,,,6,,21,9
03/04/2020,0:00,蔚山,40,0,,,9,,24,7
03/04/2020,0:00,世宗,46,0,,,3,,42,1
03/04/2020,0:00,京畿,539,23,,,107,,389,43
03/04/2020,0:00,江原,41,2,,,8,,25,8
03/04/2020,0:00,忠清北,45,1,,,4,,32,9
03/04/2020,0:00,忠清南,134,1,,,8,,119,7
03/04/2020,0:00,全羅北,15,1,,,6,,3,6
03/04/2020,0:00,全羅南,15,1,,,6,,7,2
03/04/2020,0:00,慶尙北,1309,5,,,7,,1168,134
03/04/2020,0:00,慶尙南,107,1,,,11,,78,18
03/04/2020,0:00,濟州,9,0,,,5,,0,4
03/04/2020,0:00,隔離,264,22,,,264,,0,0
04/04/2020,0:00,首爾,528,22,,,162,,321,45
04/04/2020,0:00,釜山,122,0,,,12,,80,30
04/04/2020,0:00,大邱,6761,27,,,8,,6010,743
04/04/2020,0:00,仁川,77,3,,,29,,44,4
04/04/2020,0:00,光州,26,0,,,10,,16,0
04/04/2020,0:00,大田,36,0,,,6,,21,9
04/04/2020,0:00,蔚山,40,0,,,9,,24,7
04/04/2020,0:00,世宗,46,0,,,3,,42,1
04/04/2020,0:00,京畿,562,23,,,110,,408,44
04/04/2020,0:00,江原,42,1,,,8,,26,8
04/04/2020,0:00,忠清北,45,0,,,5,,32,8
04/04/2020,0:00,忠清南,135,1,,,8,,119,8
04/04/2020,0:00,全羅北,15,0,,,7,,3,5
04/04/2020,0:00,全羅南,15,0,,,7,,7,1
04/04/2020,0:00,慶尙北,1310,1,,,8,,1167,135
04/04/2020,0:00,慶尙南,108,1,,,12,,79,17
04/04/2020,0:00,濟州,9,0,,,5,,0,4
04/04/2020,0:00,隔離,279,15,,,279,,0,0
05/04/2020,0:00,首爾,552,24,,,179,,334,39
05/04/2020,0:00,釜山,122,0,,,12,,80,30
05/04/2020,0:00,大邱,6768,7,,,10,,6041,717
05/04/2020,0:00,仁川,79,2,,,31,,44,4
05/04/2020,0:00,光州,27,1,,,11,,16,0
05/04/2020,0:00,大田,37,1,,,6,,22,9
05/04/2020,0:00,蔚山,40,0,,,9,,24,7
05/04/2020,0:00,世宗,46,0,,,3,,42,1
05/04/2020,0:00,京畿,572,10,,,114,,411,47
05/04/2020,0:00,江原,45,3,,,9,,28,8
05/04/2020,0:00,忠清北,45,0,,,5,,32,8
05/04/2020,0:00,忠清南,135,0,,,8,,119,8
05/04/2020,0:00,全羅北,16,1,,,7,,3,6
05/04/2020,0:00,全羅南,15,0,,,7,,7,1
05/04/2020,0:00,慶尙北,1314,4,,,9,,1172,133
05/04/2020,0:00,慶尙南,109,1,,,12,,80,17
05/04/2020,0:00,濟州,12,3,,,6,,1,5
05/04/2020,0:00,隔離,303,24,,,303,,0,0
07/04/2020,0:00,首爾,567,4,,,58,,340,27
07/04/2020,0:00,釜山,123,1,,,0,,80,31
07/04/2020,0:00,大邱,6794,13,,,4,,6067,715
07/04/2020,0:00,仁川,80,0,,,4,,45,4
07/04/2020,0:00,光州,27,0,,,6,,16,0
07/04/2020,0:00,大田,39,0,,,0,,21,9
07/04/2020,0:00,蔚山,40,0,,,3,,24,7
07/04/2020,0:00,世宗,46,0,,,0,,42,1
07/04/2020,0:00,京畿,590,10,,,38,,421,44
07/04/2020,0:00,江原,47,2,,,0,,28,9
07/04/2020,0:00,忠清北,45,0,,,2,,32,8
07/04/2020,0:00,忠清南,137,1,,,1,,120,9
07/04/2020,0:00,全羅北,16,0,,,0,,4,5
07/04/2020,0:00,全羅南,15,0,,,1,,7,1
07/04/2020,0:00,慶尙北,1317,1,,,1,,1175,133
07/04/2020,0:00,慶尙南,112,1,,,0,,81,18
07/04/2020,0:00,濟州,12,0,,,1,,1,4
07/04/2020,0:00,隔離,324,14,,,0,,0,0
08/04/2020,0:00,首爾,578,11,,,207,,341,30
08/04/2020,0:00,釜山,125,2,,,15,,81,29
08/04/2020,0:00,大邱,6803,9,,,12,,6075,716
08/04/2020,0:00,仁川,84,4,,,31,,45,8
08/04/2020,0:00,光州,27,0,,,11,,16,0
08/04/2020,0:00,大田,39,0,,,9,,21,9
08/04/2020,0:00,蔚山,40,0,,,9,,24,7
08/04/2020,0:00,世宗,46,0,,,3,,42,1
08/04/2020,0:00,京畿,596,6,,,128,,423,45
08/04/2020,0:00,江原,49,2,,,12,,30,7
08/04/2020,0:00,忠清北,45,0,,,5,,32,8
08/04/2020,0:00,忠清南,137,0,,,8,,120,9
08/04/2020,0:00,全羅北,17,1,,,8,,4,5
08/04/2020,0:00,全羅南,15,0,,,7,,7,1
08/04/2020,0:00,慶尙北,1320,3,,,9,,1175,136
08/04/2020,0:00,慶尙南,113,1,,,13,,83,17
08/04/2020,0:00,濟州,12,0,,,7,,1,4
08/04/2020,0:00,隔離,338,14,,,338,,0,0
09/04/2020,0:00,首爾,590,12,,,217,,347,26
09/04/2020,0:00,釜山,125,0,,,15,,81,29
09/04/2020,0:00,大邱,6807,4,,,12,,6079,716
09/04/2020,0:00,仁川,84,0,,,33,,46,5
09/04/2020,0:00,光州,27,0,,,11,,16,0
09/04/2020,0:00,大田,39,0,,,9,,21,9
09/04/2020,0:00,蔚山,40,0,,,9,,24,7
09/04/2020,0:00,世宗,46,0,,,3,,42,1
09/04/2020,0:00,京畿,606,10,,,134,,429,43
09/04/2020,0:00,江原,49,0,,,12,,30,7
09/04/2020,0:00,忠清北,45,0,,,5,,32,8
09/04/2020,0:00,忠清南,138,1,,,8,,120,10
09/04/2020,0:00,全羅北,17,0,,,8,,4,5
09/04/2020,0:00,全羅南,15,0,,,7,,7,1
09/04/2020,0:00,慶尙北,1320,0,,,9,,1178,133
09/04/2020,0:00,慶尙南,115,2,,,14,,84,17
09/04/2020,0:00,濟州,12,0,,,7,,1,4
09/04/2020,0:00,隔離,348,10,,,348,,0,0
10/04/2020,0:00,首爾,595,5,,,218,,350,27
10/04/2020,0:00,釜山,126,1,,,15,,81,30
10/04/2020,0:00,大邱,6807,0,,,12,,6079,716
10/04/2020,0:00,仁川,85,1,,,34,,47,4
10/04/2020,0:00,光州,27,0,,,11,,16,0
10/04/2020,0:00,大田,39,0,,,9,,21,9
10/04/2020,0:00,蔚山,40,0,,,9,,24,7
10/04/2020,0:00,世宗,46,0,,,3,,42,1
10/04/2020,0:00,京畿,615,9,,,135,,433,47
10/04/2020,0:00,江原,49,0,,,12,,30,7
10/04/2020,0:00,忠清北,45,0,,,5,,32,8
10/04/2020,0:00,忠清南,138,0,,,9,,120,9
10/04/2020,0:00,全羅北,17,0,,,8,,4,5
10/04/2020,0:00,全羅南,15,0,,,7,,7,1
10/04/2020,0:00,慶尙北,1327,7,,,9,,1181,137
10/04/2020,0:00,慶尙南,115,0,,,14,,84,17
10/04/2020,0:00,濟州,12,0,,,7,,1,4
10/04/2020,0:00,隔離,352,4,,,352,,0,0
11/04/2020,0:00,首爾,599,4,,,222,,349,28
11/04/2020,0:00,釜山,126,0,,,15,,81,30
11/04/2020,0:00,大邱,6814,7,,,13,,6085,716
11/04/2020,0:00,仁川,85,0,,,34,,47,4
11/04/2020,0:00,光州,27,0,,,11,,16,0
11/04/2020,0:00,大田,39,0,,,9,,21,9
11/04/2020,0:00,蔚山,41,1,,,10,,24,7
11/04/2020,0:00,世宗,46,0,,,3,,42,1
11/04/2020,0:00,京畿,624,9,,,140,,439,45
11/04/2020,0:00,江原,49,0,,,12,,30,7
11/04/2020,0:00,忠清北,45,0,,,5,,32,8
11/04/2020,0:00,忠清南,138,0,,,9,,120,9
11/04/2020,0:00,全羅北,17,0,,,8,,4,5
11/04/2020,0:00,全羅南,15,0,,,7,,7,1
11/04/2020,0:00,慶尙北,1330,3,,,9,,1185,136
11/04/2020,0:00,慶尙南,115,0,,,14,,84,17
11/04/2020,0:00,濟州,12,0,,,7,,1,4
11/04/2020,0:00,隔離,358,6,,,358,,0,0
12/04/2020,0:00,首爾,602,3,,,225,,350,27
12/04/2020,0:00,釜山,126,0,,,15,,81,30
12/04/2020,0:00,大邱,6816,2,,,14,,6085,717
12/04/2020,0:00,仁川,86,1,,,35,,47,4
12/04/2020,0:00,光州,27,0,,,11,,16,0
12/04/2020,0:00,大田,39,0,,,9,,21,9
12/04/2020,0:00,蔚山,41,0,,,10,,24,7
12/04/2020,0:00,世宗,46,0,,,3,,42,1
12/04/2020,0:00,京畿,628,4,,,143,,440,45
12/04/2020,0:00,江原,49,0,,,12,,30,7
12/04/2020,0:00,忠清北,45,0,,,5,,32,8
12/04/2020,0:00,忠清南,139,1,,,9,,120,10
12/04/2020,0:00,全羅北,17,0,,,8,,4,5
12/04/2020,0:00,全羅南,15,0,,,7,,7,1
12/04/2020,0:00,慶尙北,1333,3,,,9,,1190,134
12/04/2020,0:00,慶尙南,115,0,,,14,,84,17
12/04/2020,0:00,濟州,12,0,,,7,,1,4
12/04/2020,0:00,隔離,376,18,,,376,,0,0
13/04/2020,0:00,首爾,610,8,,,233,,355,22
13/04/2020,0:00,釜山,126,0,,,16,,81,29
13/04/2020,0:00,大邱,6819,3,,,14,,6088,717
13/04/2020,0:00,仁川,87,1,,,36,,47,4
13/04/2020,0:00,光州,27,0,,,11,,16,0
13/04/2020,0:00,大田,39,0,,,9,,21,9
13/04/2020,0:00,蔚山,41,0,,,10,,24,7
13/04/2020,0:00,世宗,46,0,,,3,,42,1
13/04/2020,0:00,京畿,631,3,,,143,,442,46
13/04/2020,0:00,江原,49,0,,,12,,30,7
13/04/2020,0:00,忠清北,45,0,,,5,,32,8
13/04/2020,0:00,忠清南,139,0,,,10,,120,9
13/04/2020,0:00,全羅北,17,0,,,8,,4,5
13/04/2020,0:00,全羅南,15,0,,,7,,7,1
13/04/2020,0:00,慶尙北,1337,4,,,9,,1194,134
13/04/2020,0:00,慶尙南,115,0,,,14,,84,17
13/04/2020,0:00,濟州,12,0,,,7,,1,4
13/04/2020,0:00,隔離,382,6,,,382,,0,0
