As of date,As of time,Countries/areas,Cumulative number of confirmed cases,Number of newly confirmed cases reported in the past 14 days,Cumulative number of deaths among confirmed cases,Remark
26/03/2020,10:00,Afghanistan,74,70,1,
26/03/2020,10:00,Albania,146,144,5,
26/03/2020,10:00,Algeria,264,247,17,
26/03/2020,10:00,Andorra,188,187,1,
26/03/2020,10:00,Angola,2,2,0,
26/03/2020,10:00,Antigua and Barbuda,3,3,0,
26/03/2020,10:00,Argentina,301,284,4,
26/03/2020,10:00,Armenia,265,264,0,
26/03/2020,10:00,Aruba,12,12,0,
26/03/2020,10:00,Australia,2252,2140,8,
26/03/2020,10:00,Austria,5282,5036,30,
26/03/2020,10:00,Azerbaijan,87,78,1,
26/03/2020,10:00,Bahamas,4,4,0,
26/03/2020,10:00,Bahrain,392,282,3,
26/03/2020,10:00,Bangladesh,39,36,4,
26/03/2020,10:00,Barbados,18,18,0,
26/03/2020,10:00,Belarus,81,72,0,
26/03/2020,10:00,Belgium,4269,4002,122,
26/03/2020,10:00,Belize,1,1,0,
26/03/2020,10:00,Benin,5,5,0,
26/03/2020,10:00,Bermuda,6,6,0,
26/03/2020,10:00,Bhutan,2,1,0,
26/03/2020,10:00,Bolivia,28,26,0,
26/03/2020,10:00,Bosnia and Herzegovina,164,160,2,
26/03/2020,10:00,Brazil,2201,2167,46,
26/03/2020,10:00,Brunei Darussalam,104,103,0,
26/03/2020,10:00,Bulgaria,220,210,3,
26/03/2020,10:00,Burkina Faso,114,112,3,
26/03/2020,10:00,Cabo Verde,3,3,0,
26/03/2020,10:00,Cambodia,91,88,0,
26/03/2020,10:00,Cameroon,72,70,1,
26/03/2020,10:00,Canada,1739,1646,25,
26/03/2020,10:00,Cayman Islands,5,5,1,
26/03/2020,10:00,Central African Republic,4,4,0,
26/03/2020,10:00,Chad,3,3,0,
26/03/2020,10:00,Chile,922,905,2,
26/03/2020,10:00,Colombia,306,303,3,
26/03/2020,10:00,Congo,4,4,0,
26/03/2020,10:00,Costa Rica,177,164,2,
26/03/2020,10:00,Côte d’Ivoire,72,72,0,
26/03/2020,10:00,Croatia,382,366,1,
26/03/2020,10:00,Cuba,48,48,1,
26/03/2020,10:00,Curaçao,6,6,1,
26/03/2020,10:00,Cyprus,124,122,3,
26/03/2020,10:00,Czech Republic,1394,1333,3,
26/03/2020,10:00,Democratic Republic of the Congo,45,44,2,
26/03/2020,10:00,Denmark,1591,1329,32,
26/03/2020,10:00,Djibouti,3,3,0,
26/03/2020,10:00,Dominica,2,2,0,
26/03/2020,10:00,Dominican Republic,312,307,6,
26/03/2020,10:00,Ecuador,1049,1034,27,
26/03/2020,10:00,Egypt,402,343,20,
26/03/2020,10:00,El Salvador,5,5,0,
26/03/2020,10:00,Equatorial Guinea,6,6,0,
26/03/2020,10:00,Eritrea,1,1,0,
26/03/2020,10:00,Estonia,369,356,0,
26/03/2020,10:00,Eswatini,4,4,0,
26/03/2020,10:00,Ethiopia,12,12,0,
26/03/2020,10:00,Faroe Islands,122,120,0,
26/03/2020,10:00,Fiji,4,4,0,
26/03/2020,10:00,Finland,792,752,1,
26/03/2020,10:00,France,25233,22952,1331,
26/03/2020,10:00,French Guiana,23,18,0,
26/03/2020,10:00,French Polynesia,25,25,0,
26/03/2020,10:00,Gabon,6,6,1,
26/03/2020,10:00,Gambia,2,2,0,
26/03/2020,10:00,Georgia,73,50,0,
26/03/2020,10:00,Germany,31554,29987,149,
26/03/2020,10:00,Ghana,53,53,2,
26/03/2020,10:00,Gibraltar,15,14,0,
26/03/2020,10:00,Greece,743,654,20,
26/03/2020,10:00,Greenland,4,4,0,
26/03/2020,10:00,Grenada,1,1,0,
26/03/2020,10:00,Guadeloupe,73,73,0,
26/03/2020,10:00,Guam,32,32,1,
26/03/2020,10:00,Guatemala,21,21,1,
26/03/2020,10:00,Guernsey,23,22,0,
26/03/2020,10:00,Guinea,4,4,0,
26/03/2020,10:00,Guyana,5,5,1,
26/03/2020,10:00,Haiti,7,7,0,
26/03/2020,10:00,Holy See,1,0,0,
26/03/2020,10:00,Honduras,30,30,0,
26/03/2020,10:00,Hong Kong Special Administrative Region,411,281,4,Including 1 probable case
26/03/2020,10:00,Hungary,226,213,10,
26/03/2020,10:00,Iceland,648,587,2,
26/03/2020,10:00,India,562,502,9,
26/03/2020,10:00,Indonesia,686,659,55,
26/03/2020,10:00,Iran,27017,18017,2077,
26/03/2020,10:00,Iraq,316,255,27,
26/03/2020,10:00,Ireland,1329,1295,7,
26/03/2020,10:00,Isle of Man,23,23,0,
26/03/2020,10:00,Israel,2170,2095,5,
26/03/2020,10:00,Italy,74386,61924,7503,
26/03/2020,10:00,Jamaica,21,20,1,
26/03/2020,10:00,Japan,1291,671,45,Excluding 712 cases were confirmed among passengers/crews in a cruise ship (including 10 fatal cases)
26/03/2020,10:00,Jersey,16,16,0,
26/03/2020,10:00,Jordan,153,152,0,
26/03/2020,10:00,Kazakhstan,79,79,0,
26/03/2020,10:00,Kenya,25,25,0,
26/03/2020,10:00,Korea,9241,1372,131,
26/03/2020,10:00,Kosovo,63,63,1,
26/03/2020,10:00,Kuwait,195,126,0,
26/03/2020,10:00,Kyrgyzstan,42,42,0,
26/03/2020,10:00,Lao People's Democratic Republic,2,2,0,
26/03/2020,10:00,Latvia,197,189,0,
26/03/2020,10:00,Lebanon,304,263,4,
26/03/2020,10:00,Liberia,3,3,0,
26/03/2020,10:00,Libya,1,1,0,
26/03/2020,10:00,Liechtenstein,47,46,0,
26/03/2020,10:00,Lithuania,209,208,2,
26/03/2020,10:00,Luxembourg,1099,1094,8,
26/03/2020,10:00,Macao Special Administrative Region,31,21,0,
26/03/2020,10:00,Madagascar,19,19,0,
26/03/2020,10:00,Mainland China,81285,492,3287,
26/03/2020,10:00,Malaysia,1624,1495,16,
26/03/2020,10:00,Maldives,13,5,0,
26/03/2020,10:00,Malta,120,116,0,
26/03/2020,10:00,Martinique,57,54,0,
26/03/2020,10:00,Mauritania,2,2,0,
26/03/2020,10:00,Mauritius,42,42,2,
26/03/2020,10:00,Mayotte,30,30,0,
26/03/2020,10:00,Mexico,370,363,4,
26/03/2020,10:00,Monaco,23,22,0,
26/03/2020,10:00,Mongolia,10,9,0,
26/03/2020,10:00,Montenegro,29,29,0,
26/03/2020,10:00,Montserrat,1,1,0,
26/03/2020,10:00,Morocco,170,167,5,
26/03/2020,10:00,Mozambique,3,3,0,
26/03/2020,10:00,Myanmar,3,3,0,
26/03/2020,10:00,Namibia,4,4,0,
26/03/2020,10:00,Nepal,2,1,0,
26/03/2020,10:00,Netherlands,5560,5057,276,
26/03/2020,10:00,New Caledonia,10,10,0,
26/03/2020,10:00,New Zealand,189,184,0,
26/03/2020,10:00,Nicaragua,2,2,0,
26/03/2020,10:00,Niger,2,2,0,
26/03/2020,10:00,Nigeria,42,40,0,
26/03/2020,10:00,North Macedonia,148,141,2,
26/03/2020,10:00,Norway,2566,2289,10,
26/03/2020,10:00,Oman,99,81,0,
26/03/2020,10:00,Pakistan,991,975,7,
26/03/2020,10:00,Palestine,60,34,0,
26/03/2020,10:00,Panama,345,337,6,
26/03/2020,10:00,Papua New Guinea,1,1,0,
26/03/2020,10:00,Paraguay,27,19,2,
26/03/2020,10:00,Peru,416,405,5,
26/03/2020,10:00,Philippines,552,503,35,
26/03/2020,10:00,Poland,901,879,10,
26/03/2020,10:00,Portugal,2362,2321,33,
26/03/2020,10:00,Puerto Rico,39,39,2,
26/03/2020,10:00,Qatar,526,264,0,
26/03/2020,10:00,Republic of Moldova,125,122,1,
26/03/2020,10:00,Réunion,83,83,0,
26/03/2020,10:00,Romania,762,747,11,
26/03/2020,10:00,Russia,658,651,0,
26/03/2020,10:00,Rwanda,40,40,0,
26/03/2020,10:00,Saint Barthélemy,3,2,0,
26/03/2020,10:00,Saint Lucia,3,3,0,
26/03/2020,10:00,Saint Martin,8,6,0,
26/03/2020,10:00,Saint Vincent and the Grenadines,1,1,0,
26/03/2020,10:00,San Marino,187,124,21,
26/03/2020,10:00,Saudi Arabia,767,747,1,
26/03/2020,10:00,Senegal,86,82,0,
26/03/2020,10:00,Serbia,303,291,3,
26/03/2020,10:00,Seychelles,7,7,0,
26/03/2020,10:00,Singapore,564,386,2,
26/03/2020,10:00,Sint Maarten,2,2,0,
26/03/2020,10:00,Slovakia,204,197,0,
26/03/2020,10:00,Slovenia,480,449,3,
26/03/2020,10:00,Somalia,1,1,0,
26/03/2020,10:00,South Africa,554,547,0,
26/03/2020,10:00,Spain,47610,45470,3434,
26/03/2020,10:00,Sri Lanka,102,101,0,
26/03/2020,10:00,Sudan,3,3,1,
26/03/2020,10:00,Suriname,6,6,0,
26/03/2020,10:00,Sweden,2272,1946,36,
26/03/2020,10:00,Switzerland,8789,8144,86,
26/03/2020,10:00,Syrian Arab Republic,1,1,0,
26/03/2020,10:00,Taiwan,235,187,2,
26/03/2020,10:00,Thailand,934,875,4,
26/03/2020,10:00,Timor-Leste,1,1,0,
26/03/2020,10:00,Togo,20,19,0,
26/03/2020,10:00,Trinidad and Tobago,57,57,0,
26/03/2020,10:00,Tunisia,114,108,3,
26/03/2020,10:00,Turkey,1872,1872,44,
26/03/2020,10:00,Turks and Caicos Islands,1,1,0,
26/03/2020,10:00,Uganda,9,9,0,
26/03/2020,10:00,Ukraine,113,112,4,
26/03/2020,10:00,United Arab Emirates,248,174,2,
26/03/2020,10:00,United Kingdom,9529,9073,463,
26/03/2020,10:00,United Republic of Tanzania,12,12,0,
26/03/2020,10:00,United States of America,54453,53515,737,Excluding persons repatriated to the United States by chartered flight: 46 cases (Diamond Princess Cruise ship) and 3 cases (Wuhan)
26/03/2020,10:00,United States Virgin Islands,17,17,0,
26/03/2020,10:00,Uruguay,162,162,0,
26/03/2020,10:00,Uzbekistan,50,50,0,
26/03/2020,10:00,Venezuela (Bolivarian Republic of),77,77,0,
26/03/2020,10:00,Viet Nam,134,99,0,
26/03/2020,10:00,Zambia,3,3,0,
26/03/2020,10:00,Zimbabwe,2,2,1,
27/03/2020,10:00,Afghanistan,80,76,2,
27/03/2020,10:00,Albania,174,172,5,
27/03/2020,10:00,Algeria,264,247,17,
27/03/2020,10:00,Andorra,213,212,3,
27/03/2020,10:00,Angola,2,2,0,
27/03/2020,10:00,Antigua and Barbuda,3,3,0,
27/03/2020,10:00,Argentina,387,368,6,
27/03/2020,10:00,Armenia,290,289,0,
27/03/2020,10:00,Aruba,19,19,0,
27/03/2020,10:00,Australia,2799,2673,11,
27/03/2020,10:00,Austria,5888,5527,34,
27/03/2020,10:00,Azerbaijan,93,84,2,
27/03/2020,10:00,Bahamas,5,5,0,
27/03/2020,10:00,Bahrain,419,230,4,
27/03/2020,10:00,Bangladesh,39,36,4,
27/03/2020,10:00,Barbados,18,18,0,
27/03/2020,10:00,Belarus,86,74,0,
27/03/2020,10:00,Belgium,4937,4538,178,
27/03/2020,10:00,Belize,2,2,0,
27/03/2020,10:00,Benin,5,5,0,
27/03/2020,10:00,Bermuda,7,7,0,
27/03/2020,10:00,Bhutan,2,1,0,
27/03/2020,10:00,Bolivia,39,37,0,
27/03/2020,10:00,Bosnia and Herzegovina,173,169,3,
27/03/2020,10:00,Brazil,2433,2381,57,
27/03/2020,10:00,Brunei Darussalam,109,97,0,
27/03/2020,10:00,Bulgaria,242,235,3,
27/03/2020,10:00,Burkina Faso,146,144,3,
27/03/2020,10:00,Cabo Verde,3,3,0,
27/03/2020,10:00,Cambodia,96,93,0,
27/03/2020,10:00,Cameroon,70,68,1,
27/03/2020,10:00,Canada,3409,3271,35,
27/03/2020,10:00,Cayman Islands,8,8,1,
27/03/2020,10:00,Central African Republic,5,5,0,
27/03/2020,10:00,Chad,3,3,0,
27/03/2020,10:00,Chile,1142,1119,3,
27/03/2020,10:00,Colombia,470,461,4,
27/03/2020,10:00,Congo,4,4,0,
27/03/2020,10:00,Costa Rica,201,188,2,
27/03/2020,10:00,Côte d’Ivoire,80,79,0,
27/03/2020,10:00,Croatia,418,402,1,
27/03/2020,10:00,Cuba,57,57,1,
27/03/2020,10:00,Curaçao,6,6,1,
27/03/2020,10:00,Cyprus,132,126,3,
27/03/2020,10:00,Czech Republic,1654,1538,6,
27/03/2020,10:00,Democratic Republic of the Congo,51,50,3,
27/03/2020,10:00,Denmark,1724,1050,34,
27/03/2020,10:00,Djibouti,12,12,0,
27/03/2020,10:00,Dominica,7,7,0,
27/03/2020,10:00,Dominican Republic,392,387,10,
27/03/2020,10:00,Ecuador,1211,1194,29,
27/03/2020,10:00,Egypt,456,389,21,
27/03/2020,10:00,El Salvador,13,13,0,
27/03/2020,10:00,Equatorial Guinea,6,6,0,
27/03/2020,10:00,Eritrea,4,4,0,
27/03/2020,10:00,Estonia,404,391,1,
27/03/2020,10:00,Eswatini,4,4,0,
27/03/2020,10:00,Ethiopia,12,12,0,
27/03/2020,10:00,Faroe Islands,132,130,0,
27/03/2020,10:00,Fiji,5,5,0,
27/03/2020,10:00,Finland,880,771,3,
27/03/2020,10:00,France,25233,22357,1331,
27/03/2020,10:00,French Guiana,28,23,0,
27/03/2020,10:00,French Polynesia,25,24,0,
27/03/2020,10:00,Gabon,6,6,1,
27/03/2020,10:00,Gambia,2,2,0,
27/03/2020,10:00,Georgia,77,54,0,
27/03/2020,10:00,Germany,36508,34139,198,
27/03/2020,10:00,Ghana,68,68,2,
27/03/2020,10:00,Gibraltar,26,25,0,
27/03/2020,10:00,Greece,821,688,22,
27/03/2020,10:00,Greenland,5,5,0,
27/03/2020,10:00,Grenada,1,1,0,
27/03/2020,10:00,Guadeloupe,76,76,0,
27/03/2020,10:00,Guam,37,37,1,
27/03/2020,10:00,Guatemala,24,24,1,
27/03/2020,10:00,Guernsey,30,29,0,
27/03/2020,10:00,Guinea,4,4,0,
27/03/2020,10:00,Guinea-Bissau,2,2,0,
27/03/2020,10:00,Guyana,5,5,1,
27/03/2020,10:00,Haiti,8,8,0,
27/03/2020,10:00,Holy See,4,3,0,
27/03/2020,10:00,Honduras,52,50,0,
27/03/2020,10:00,Hong Kong Special Administrative Region,454,322,4,Including 1 probable case
27/03/2020,10:00,Hungary,261,248,10,
27/03/2020,10:00,Iceland,737,676,2,
27/03/2020,10:00,India,649,576,13,
27/03/2020,10:00,Indonesia,790,756,58,
27/03/2020,10:00,Iran,29406,19331,2234,
27/03/2020,10:00,Iraq,346,276,29,
27/03/2020,10:00,Ireland,1564,1494,9,
27/03/2020,10:00,Isle of Man,23,23,0,
27/03/2020,10:00,Israel,2369,2294,5,
27/03/2020,10:00,Italy,80539,65426,8165,
27/03/2020,10:00,Jamaica,26,25,1,
27/03/2020,10:00,Japan,1387,712,46,Excluding 712 cases were confirmed among passengers/crews in a cruise ship (including 10 fatal cases)
27/03/2020,10:00,Jersey,18,18,0,
27/03/2020,10:00,Jordan,172,171,0,
27/03/2020,10:00,Kazakhstan,97,97,0,
27/03/2020,10:00,Kenya,25,25,0,
27/03/2020,10:00,Korea,9332,1353,139,
27/03/2020,10:00,Kosovo,71,71,1,
27/03/2020,10:00,Kuwait,208,128,0,
27/03/2020,10:00,Kyrgyzstan,44,44,0,
27/03/2020,10:00,Lao People's Democratic Republic,3,3,0,
27/03/2020,10:00,Latvia,221,205,0,
27/03/2020,10:00,Lebanon,333,267,4,
27/03/2020,10:00,Liberia,3,3,0,
27/03/2020,10:00,Libya,1,1,0,
27/03/2020,10:00,Liechtenstein,51,50,0,
27/03/2020,10:00,Lithuania,274,271,4,
27/03/2020,10:00,Luxembourg,1333,1316,8,
27/03/2020,10:00,Macao Special Administrative Region,33,23,0,
27/03/2020,10:00,Madagascar,19,19,0,
27/03/2020,10:00,Mainland China,81340,527,3292,
27/03/2020,10:00,Malaysia,1796,1638,19,
27/03/2020,10:00,Maldives,13,5,0,
27/03/2020,10:00,Mali,2,2,0,
27/03/2020,10:00,Malta,129,123,0,
27/03/2020,10:00,Martinique,66,63,1,
27/03/2020,10:00,Mauritania,2,2,0,
27/03/2020,10:00,Mauritius,47,47,2,
27/03/2020,10:00,Mayotte,35,35,0,
27/03/2020,10:00,Mexico,478,467,5,
27/03/2020,10:00,Monaco,19,18,0,
27/03/2020,10:00,Mongolia,10,9,0,
27/03/2020,10:00,Montenegro,52,52,1,
27/03/2020,10:00,Montserrat,2,2,0,
27/03/2020,10:00,Morocco,225,220,6,
27/03/2020,10:00,Mozambique,5,5,0,
27/03/2020,10:00,Myanmar,3,3,0,
27/03/2020,10:00,Namibia,5,5,0,
27/03/2020,10:00,Nepal,3,2,0,
27/03/2020,10:00,Netherlands,6412,5798,356,
27/03/2020,10:00,New Caledonia,14,14,0,
27/03/2020,10:00,New Zealand,262,257,0,
27/03/2020,10:00,Nicaragua,2,2,0,
27/03/2020,10:00,Niger,2,2,0,
27/03/2020,10:00,Nigeria,46,44,1,
27/03/2020,10:00,North Macedonia,177,170,2,
27/03/2020,10:00,Norway,2916,2427,12,
27/03/2020,10:00,Oman,99,81,0,
27/03/2020,10:00,Pakistan,1057,1038,8,
27/03/2020,10:00,Palestine,64,38,1,
27/03/2020,10:00,Panama,558,548,8,
27/03/2020,10:00,Papua New Guinea,1,1,0,
27/03/2020,10:00,Paraguay,41,36,3,
27/03/2020,10:00,Peru,480,463,9,
27/03/2020,10:00,Philippines,636,584,38,
27/03/2020,10:00,Poland,1051,1007,14,
27/03/2020,10:00,Portugal,2995,2954,43,
27/03/2020,10:00,Puerto Rico,51,51,2,
27/03/2020,10:00,Qatar,537,275,0,
27/03/2020,10:00,Republic of Moldova,149,145,1,
27/03/2020,10:00,Réunion,94,94,0,
27/03/2020,10:00,Romania,906,858,13,
27/03/2020,10:00,Russia,840,820,2,
27/03/2020,10:00,Rwanda,41,41,0,
27/03/2020,10:00,Saint Barthélemy,3,2,0,
27/03/2020,10:00,Saint Kitts and Nevis,2,2,0,
27/03/2020,10:00,Saint Lucia,3,3,0,
27/03/2020,10:00,Saint Martin,11,9,0,
27/03/2020,10:00,Saint Vincent and the Grenadines,1,1,0,
27/03/2020,10:00,San Marino,208,145,21,
27/03/2020,10:00,Saudi Arabia,900,879,2,
27/03/2020,10:00,Senegal,99,95,0,
27/03/2020,10:00,Serbia,384,365,4,
27/03/2020,10:00,Seychelles,7,7,0,
27/03/2020,10:00,Singapore,683,496,2,
27/03/2020,10:00,Sint Maarten,2,2,0,
27/03/2020,10:00,Slovakia,216,206,0,
27/03/2020,10:00,Slovenia,528,471,4,
27/03/2020,10:00,Somalia,2,2,0,
27/03/2020,10:00,South Africa,709,696,0,
27/03/2020,10:00,Spain,56188,53223,4089,
27/03/2020,10:00,Sri Lanka,102,100,0,
27/03/2020,10:00,Sudan,3,3,1,
27/03/2020,10:00,Suriname,7,7,0,
27/03/2020,10:00,Sweden,2510,1890,42,
27/03/2020,10:00,Switzerland,9714,8900,103,
27/03/2020,10:00,Syrian Arab Republic,5,5,0,
27/03/2020,10:00,Taiwan,252,203,2,
27/03/2020,10:00,Thailand,934,864,4,
27/03/2020,10:00,Timor-Leste,1,1,0,
27/03/2020,10:00,Togo,23,22,0,
27/03/2020,10:00,Trinidad and Tobago,60,60,1,
27/03/2020,10:00,Tunisia,173,167,5,
27/03/2020,10:00,Turkey,2433,2432,59,
27/03/2020,10:00,Turks and Caicos Islands,1,1,0,
27/03/2020,10:00,Uganda,14,14,0,
27/03/2020,10:00,Ukraine,156,155,5,
27/03/2020,10:00,United Arab Emirates,333,259,2,
27/03/2020,10:00,United Kingdom,11658,11064,578,
27/03/2020,10:00,United Republic of Tanzania,13,13,0,
27/03/2020,10:00,United States of America,68440,67225,994,
27/03/2020,10:00,United States Virgin Islands,17,17,0,
27/03/2020,10:00,Uruguay,217,217,0,
27/03/2020,10:00,Uzbekistan,65,65,0,
27/03/2020,10:00,Venezuela (Bolivarian Republic of),91,91,0,
27/03/2020,10:00,Viet Nam,141,102,0,
27/03/2020,10:00,Zambia,3,3,0,
27/03/2020,10:00,Zimbabwe,2,2,1,
28/03/2020,10:00,Afghanistan,80,76,2,
28/03/2020,10:00,Albania,186,184,5,
28/03/2020,10:00,Algeria,305,288,17,
28/03/2020,10:00,Andorra,231,230,3,
28/03/2020,10:00,Angola,2,2,0,
28/03/2020,10:00,Anguilla,2,2,0,
28/03/2020,10:00,Antigua and Barbuda,3,3,0,
28/03/2020,10:00,Argentina,502,471,6,
28/03/2020,10:00,Armenia,329,328,0,
28/03/2020,10:00,Aruba,19,19,0,
28/03/2020,10:00,Australia,2985,2788,11,
28/03/2020,10:00,Austria,7029,6525,34,
28/03/2020,10:00,Azerbaijan,122,111,2,
28/03/2020,10:00,Bahamas,5,5,0,
28/03/2020,10:00,Bahrain,458,263,4,
28/03/2020,10:00,Bangladesh,48,45,4,
28/03/2020,10:00,Barbados,18,18,0,
28/03/2020,10:00,Belarus,86,65,0,
28/03/2020,10:00,Belgium,6235,5676,178,
28/03/2020,10:00,Belize,2,2,0,
28/03/2020,10:00,Benin,6,6,0,
28/03/2020,10:00,Bermuda,7,7,0,
28/03/2020,10:00,Bhutan,3,2,0,
28/03/2020,10:00,Bolivia,39,36,0,
28/03/2020,10:00,Bosnia and Herzegovina,213,200,3,
28/03/2020,10:00,Brazil,2433,2356,57,
28/03/2020,10:00,British Virgin Islands,2,2,0,
28/03/2020,10:00,Brunei Darussalam,114,102,0,
28/03/2020,10:00,Bulgaria,264,257,3,
28/03/2020,10:00,Burkina Faso,146,144,3,
28/03/2020,10:00,Cabo Verde,3,3,0,
28/03/2020,10:00,Cambodia,98,93,0,
28/03/2020,10:00,Cameroon,75,73,1,
28/03/2020,10:00,Canada,3555,3417,35,
28/03/2020,10:00,Cayman Islands,8,8,1,
28/03/2020,10:00,Central African Republic,5,5,0,
28/03/2020,10:00,Chad,5,5,0,
28/03/2020,10:00,Chile,1306,1273,3,
28/03/2020,10:00,Colombia,470,461,4,
28/03/2020,10:00,Congo,4,4,0,
28/03/2020,10:00,Costa Rica,201,179,2,
28/03/2020,10:00,Côte d’Ivoire,80,79,0,
28/03/2020,10:00,Croatia,495,464,1,
28/03/2020,10:00,Cuba,67,64,1,
28/03/2020,10:00,Curaçao,7,7,1,
28/03/2020,10:00,Cyprus,146,132,3,
28/03/2020,10:00,Czech Republic,2062,1946,6,
28/03/2020,10:00,Democratic Republic of the Congo,54,53,3,
28/03/2020,10:00,Denmark,1877,1076,34,
28/03/2020,10:00,Djibouti,12,12,0,
28/03/2020,10:00,Dominica,11,11,0,
28/03/2020,10:00,Dominican Republic,488,483,10,
28/03/2020,10:00,Ecuador,1211,1194,29,
28/03/2020,10:00,Egypt,495,428,21,
28/03/2020,10:00,El Salvador,13,13,0,
28/03/2020,10:00,Equatorial Guinea,6,6,0,
28/03/2020,10:00,Eritrea,6,6,0,
28/03/2020,10:00,Estonia,538,459,1,
28/03/2020,10:00,Eswatini,6,6,0,
28/03/2020,10:00,Ethiopia,12,12,0,
28/03/2020,10:00,Faroe Islands,140,138,0,
28/03/2020,10:00,Fiji,5,5,0,
28/03/2020,10:00,Finland,958,803,3,
28/03/2020,10:00,France,32964,29303,1995,
28/03/2020,10:00,French Guiana,28,22,0,
28/03/2020,10:00,French Polynesia,30,29,0,
28/03/2020,10:00,Gabon,6,6,1,
28/03/2020,10:00,Gambia,2,2,0,
28/03/2020,10:00,Georgia,81,56,0,
28/03/2020,10:00,Germany,42288,39226,253,
28/03/2020,10:00,Ghana,132,132,2,
28/03/2020,10:00,Gibraltar,35,34,0,
28/03/2020,10:00,Greece,892,759,22,
28/03/2020,10:00,Greenland,6,6,0,
28/03/2020,10:00,Grenada,7,7,0,
28/03/2020,10:00,Guadeloupe,76,76,0,
28/03/2020,10:00,Guam,45,45,1,
28/03/2020,10:00,Guatemala,24,24,1,
28/03/2020,10:00,Guernsey,34,33,0,
28/03/2020,10:00,Guinea,5,5,0,
28/03/2020,10:00,Guinea-Bissau,2,2,0,
28/03/2020,10:00,Guyana,5,4,1,
28/03/2020,10:00,Haiti,8,8,0,
28/03/2020,10:00,Holy See,4,3,0,
28/03/2020,10:00,Honduras,52,50,1,
28/03/2020,10:00,Hong Kong Special Administrative Region,519,381,4,Including 1 probable case
28/03/2020,10:00,Hungary,300,281,10,
28/03/2020,10:00,Iceland,802,697,2,
28/03/2020,10:00,India,724,650,17,
28/03/2020,10:00,Indonesia,893,859,78,
28/03/2020,10:00,Iran,32332,20968,2378,
28/03/2020,10:00,Iraq,382,312,36,
28/03/2020,10:00,Ireland,1819,1729,19,
28/03/2020,10:00,Isle of Man,26,26,0,
28/03/2020,10:00,Israel,3035,2909,10,
28/03/2020,10:00,Italy,86498,68838,9134,
28/03/2020,10:00,Jamaica,26,25,1,
28/03/2020,10:00,Japan,1499,783,49,Excluding 712 cases were confirmed among passengers/crews in a cruise ship (including 10 fatal cases)
28/03/2020,10:00,Jersey,32,30,1,
28/03/2020,10:00,Jordan,212,211,0,
28/03/2020,10:00,Kazakhstan,125,124,0,
28/03/2020,10:00,Kenya,25,25,1,
28/03/2020,10:00,Korea,9478,1392,144,
28/03/2020,10:00,Kosovo,79,79,1,
28/03/2020,10:00,Kuwait,208,128,0,
28/03/2020,10:00,Kyrgyzstan,58,58,0,
28/03/2020,10:00,Lao People's Democratic Republic,6,6,0,
28/03/2020,10:00,Latvia,244,227,0,
28/03/2020,10:00,Lebanon,368,302,6,
28/03/2020,10:00,Liberia,3,3,0,
28/03/2020,10:00,Libya,1,1,0,
28/03/2020,10:00,Liechtenstein,56,52,0,
28/03/2020,10:00,Lithuania,299,293,4,
28/03/2020,10:00,Luxembourg,1453,1436,9,
28/03/2020,10:00,Macao Special Administrative Region,35,25,0,
28/03/2020,10:00,Madagascar,24,24,0,
28/03/2020,10:00,Mainland China,81394,570,3295,
28/03/2020,10:00,Malaysia,2031,1834,23,
28/03/2020,10:00,Maldives,13,5,0,
28/03/2020,10:00,Mali,2,2,0,
28/03/2020,10:00,Malta,134,125,0,
28/03/2020,10:00,Martinique,66,62,1,
28/03/2020,10:00,Mauritania,3,3,0,
28/03/2020,10:00,Mauritius,81,81,2,
28/03/2020,10:00,Mayotte,50,50,0,
28/03/2020,10:00,Mexico,478,466,5,
28/03/2020,10:00,Monaco,19,18,0,
28/03/2020,10:00,Mongolia,11,10,0,
28/03/2020,10:00,Montenegro,67,67,1,
28/03/2020,10:00,Montserrat,2,2,0,
28/03/2020,10:00,Morocco,275,269,10,
28/03/2020,10:00,Mozambique,5,5,0,
28/03/2020,10:00,Myanmar,5,5,0,
28/03/2020,10:00,Namibia,8,8,0,
28/03/2020,10:00,Nepal,3,2,0,
28/03/2020,10:00,Netherlands,7431,6627,434,
28/03/2020,10:00,New Caledonia,14,14,0,
28/03/2020,10:00,New Zealand,338,333,0,
28/03/2020,10:00,Nicaragua,2,2,0,
28/03/2020,10:00,Niger,10,10,1,
28/03/2020,10:00,Nigeria,65,63,1,
28/03/2020,10:00,North Macedonia,201,192,3,
28/03/2020,10:00,Norway,3156,2406,14,
28/03/2020,10:00,Oman,109,91,0,
28/03/2020,10:00,Pakistan,1057,1037,8,
28/03/2020,10:00,Palestine,84,53,1,
28/03/2020,10:00,Panama,558,544,8,
28/03/2020,10:00,Papua New Guinea,1,1,0,
28/03/2020,10:00,Paraguay,41,36,3,
28/03/2020,10:00,Peru,580,558,9,
28/03/2020,10:00,Philippines,707,655,45,
28/03/2020,10:00,Poland,1221,1172,16,
28/03/2020,10:00,Portugal,3544,3432,60,
28/03/2020,10:00,Puerto Rico,64,64,2,
28/03/2020,10:00,Qatar,549,229,0,
28/03/2020,10:00,Republic of Moldova,177,169,2,
28/03/2020,10:00,Réunion,135,132,0,
28/03/2020,10:00,Romania,1029,965,17,
28/03/2020,10:00,Russia,1036,1002,3,
28/03/2020,10:00,Rwanda,50,50,0,
28/03/2020,10:00,Saint Barthélemy,3,2,0,
28/03/2020,10:00,Saint Kitts and Nevis,2,2,0,
28/03/2020,10:00,Saint Lucia,3,3,0,
28/03/2020,10:00,Saint Martin,11,9,0,
28/03/2020,10:00,Saint Vincent and the Grenadines,1,0,0,
28/03/2020,10:00,San Marino,218,141,21,
28/03/2020,10:00,Saudi Arabia,1012,991,3,
28/03/2020,10:00,Senegal,105,95,0,
28/03/2020,10:00,Serbia,457,438,7,
28/03/2020,10:00,Seychelles,7,7,0,
28/03/2020,10:00,Singapore,732,532,2,
28/03/2020,10:00,Sint Maarten,2,2,0,
28/03/2020,10:00,Slovakia,226,194,0,
28/03/2020,10:00,Slovenia,577,520,5,
28/03/2020,10:00,Somalia,3,3,0,
28/03/2020,10:00,South Africa,927,910,0,
28/03/2020,10:00,Spain,64059,59828,4858,
28/03/2020,10:00,Sri Lanka,106,103,0,
28/03/2020,10:00,Sudan,3,3,1,
28/03/2020,10:00,Suriname,7,7,0,
28/03/2020,10:00,Sweden,2806,2031,66,
28/03/2020,10:00,Switzerland,10714,9705,161,
28/03/2020,10:00,Syrian Arab Republic,5,5,0,
28/03/2020,10:00,Taiwan,267,217,2,
28/03/2020,10:00,Thailand,1136,1061,5,
28/03/2020,10:00,Timor-Leste,1,1,0,
28/03/2020,10:00,Togo,24,23,0,
28/03/2020,10:00,Trinidad and Tobago,61,61,1,
28/03/2020,10:00,Tunisia,197,190,5,
28/03/2020,10:00,Turkey,3629,3628,75,
28/03/2020,10:00,Turks and Caicos Islands,2,2,0,
28/03/2020,10:00,Uganda,14,14,0,
28/03/2020,10:00,Ukraine,218,215,5,
28/03/2020,10:00,United Arab Emirates,333,248,2,
28/03/2020,10:00,United Kingdom,14543,13741,759,
28/03/2020,10:00,United Republic of Tanzania,13,13,0,
28/03/2020,10:00,United States of America,85656,84027,1246,
28/03/2020,10:00,United States Virgin Islands,17,17,0,
28/03/2020,10:00,Uruguay,217,217,0,
28/03/2020,10:00,Uzbekistan,83,83,0,
28/03/2020,10:00,Venezuela (Bolivarian Republic of),91,91,0,
28/03/2020,10:00,Viet Nam,153,114,0,
28/03/2020,10:00,Zambia,3,3,0,
28/03/2020,10:00,Zimbabwe,3,3,1,
29/03/2020,10:00,Afghanistan,106,102,2,
29/03/2020,10:00,Albania,197,195,9,
29/03/2020,10:00,Algeria,367,350,25,
29/03/2020,10:00,Andorra,289,287,3,
29/03/2020,10:00,Angola,2,2,0,
29/03/2020,10:00,Anguilla,2,2,0,
29/03/2020,10:00,Antigua and Barbuda,7,6,0,
29/03/2020,10:00,Argentina,589,555,12,
29/03/2020,10:00,Armenia,372,364,1,
29/03/2020,10:00,Aruba,28,28,0,
29/03/2020,10:00,Australia,3635,3438,14,
29/03/2020,10:00,Austria,7697,7042,68,
29/03/2020,10:00,Azerbaijan,147,128,3,
29/03/2020,10:00,Bahamas,9,9,0,
29/03/2020,10:00,Bahrain,473,262,4,
29/03/2020,10:00,Bangladesh,48,45,5,
29/03/2020,10:00,Barbados,24,24,0,
29/03/2020,10:00,Belarus,94,73,0,
29/03/2020,10:00,Belgium,7284,6595,289,
29/03/2020,10:00,Belize,2,2,0,
29/03/2020,10:00,Benin,6,6,0,
29/03/2020,10:00,Bermuda,15,15,0,
29/03/2020,10:00,Bhutan,3,2,0,
29/03/2020,10:00,Bolivia,61,58,0,
29/03/2020,10:00,Bosnia and Herzegovina,233,220,4,
29/03/2020,10:00,Brazil,2915,2817,77,
29/03/2020,10:00,British Virgin Islands,2,2,0,
29/03/2020,10:00,Brunei Darussalam,115,90,1,
29/03/2020,10:00,Bulgaria,293,286,3,
29/03/2020,10:00,Burkina Faso,146,144,3,
29/03/2020,10:00,Cabo Verde,5,5,1,
29/03/2020,10:00,Cambodia,104,97,0,
29/03/2020,10:00,Cameroon,75,73,1,
29/03/2020,10:00,Canada,4018,3774,39,
29/03/2020,10:00,Cayman Islands,8,7,1,
29/03/2020,10:00,Central African Republic,6,6,0,
29/03/2020,10:00,Chad,5,5,0,
29/03/2020,10:00,Chile,1610,1567,5,
29/03/2020,10:00,Colombia,491,475,6,
29/03/2020,10:00,Congo,19,19,0,
29/03/2020,10:00,Costa Rica,231,208,2,
29/03/2020,10:00,Côte d’Ivoire,92,91,0,
29/03/2020,10:00,Croatia,586,555,3,
29/03/2020,10:00,Cuba,80,76,2,
29/03/2020,10:00,Curaçao,7,7,1,
29/03/2020,10:00,Cyprus,162,141,5,
29/03/2020,10:00,Czech Republic,2279,2129,9,
29/03/2020,10:00,Democratic Republic of the Congo,58,56,4,
29/03/2020,10:00,Denmark,2046,1219,52,
29/03/2020,10:00,Djibouti,13,13,0,
29/03/2020,10:00,Dominica,11,11,0,
29/03/2020,10:00,Dominican Republic,581,576,20,
29/03/2020,10:00,Ecuador,1595,1572,36,
29/03/2020,10:00,Egypt,536,443,30,
29/03/2020,10:00,El Salvador,13,13,0,
29/03/2020,10:00,Equatorial Guinea,6,6,0,
29/03/2020,10:00,Eritrea,6,6,0,
29/03/2020,10:00,Estonia,575,496,1,
29/03/2020,10:00,Eswatini,9,9,0,
29/03/2020,10:00,Ethiopia,16,15,0,
29/03/2020,10:00,Faroe Islands,144,141,0,
29/03/2020,10:00,Fiji,5,5,0,
29/03/2020,10:00,Finland,1025,870,7,
29/03/2020,10:00,France,37575,33075,2314,
29/03/2020,10:00,French Guiana,31,25,0,
29/03/2020,10:00,French Polynesia,30,29,0,
29/03/2020,10:00,Gabon,7,6,1,
29/03/2020,10:00,Gambia,2,2,1,
29/03/2020,10:00,Georgia,85,55,0,
29/03/2020,10:00,Germany,48582,44787,325,
29/03/2020,10:00,Ghana,137,136,4,
29/03/2020,10:00,Gibraltar,55,54,0,
29/03/2020,10:00,Greece,966,776,28,
29/03/2020,10:00,Greenland,9,9,0,
29/03/2020,10:00,Grenada,7,7,0,
29/03/2020,10:00,Guadeloupe,96,95,2,
29/03/2020,10:00,Guam,51,51,1,
29/03/2020,10:00,Guatemala,25,25,1,
29/03/2020,10:00,Guernsey,36,35,0,
29/03/2020,10:00,Guinea,8,7,0,
29/03/2020,10:00,Guinea-Bissau,2,2,0,
29/03/2020,10:00,Guyana,5,4,1,
29/03/2020,10:00,Haiti,8,8,0,
29/03/2020,10:00,Holy See,4,3,0,
29/03/2020,10:00,Honduras,67,65,1,
29/03/2020,10:00,Hong Kong Special Administrative Region,583,441,4,Including 1 probable case
29/03/2020,10:00,Hungary,343,318,11,
29/03/2020,10:00,Iceland,890,752,2,
29/03/2020,10:00,India,724,642,17,
29/03/2020,10:00,Indonesia,1046,977,87,
29/03/2020,10:00,Iran,35408,22679,2517,
29/03/2020,10:00,Iraq,458,365,40,
29/03/2020,10:00,Ireland,2121,1992,22,
29/03/2020,10:00,Isle of Man,29,29,0,
29/03/2020,10:00,Israel,3460,3360,12,
29/03/2020,10:00,Italy,92472,71315,10023,
29/03/2020,10:00,Jamaica,26,19,1,
29/03/2020,10:00,Japan,1693,913,52,Excluding 712 cases were confirmed among passengers/crews in a cruise ship (including 10 fatal cases)
29/03/2020,10:00,Jersey,52,50,1,
29/03/2020,10:00,Jordan,235,234,1,
29/03/2020,10:00,Kazakhstan,204,204,1,
29/03/2020,10:00,Kenya,25,24,1,
29/03/2020,10:00,Korea,9583,1421,152,
29/03/2020,10:00,Kosovo,88,88,1,
29/03/2020,10:00,Kuwait,235,135,0,
29/03/2020,10:00,Kyrgyzstan,58,58,0,
29/03/2020,10:00,Lao People's Democratic Republic,6,6,0,
29/03/2020,10:00,Latvia,280,254,0,
29/03/2020,10:00,Lebanon,391,314,8,
29/03/2020,10:00,Liberia,3,3,0,
29/03/2020,10:00,Libya,1,1,0,
29/03/2020,10:00,Liechtenstein,60,56,0,
29/03/2020,10:00,Lithuania,358,352,5,
29/03/2020,10:00,Luxembourg,1605,1567,15,
29/03/2020,10:00,Macao Special Administrative Region,37,27,0,
29/03/2020,10:00,Madagascar,26,26,0,
29/03/2020,10:00,Mainland China,81439,595,3300,
29/03/2020,10:00,Malaysia,2161,1923,26,
29/03/2020,10:00,Maldives,13,4,0,
29/03/2020,10:00,Mali,9,9,0,
29/03/2020,10:00,Malta,139,127,0,
29/03/2020,10:00,Martinique,93,87,1,
29/03/2020,10:00,Mauritania,3,3,0,
29/03/2020,10:00,Mauritius,96,96,2,
29/03/2020,10:00,Mayotte,50,50,0,
29/03/2020,10:00,Mexico,589,563,8,
29/03/2020,10:00,Monaco,19,17,0,
29/03/2020,10:00,Mongolia,12,11,0,
29/03/2020,10:00,Montenegro,70,70,1,
29/03/2020,10:00,Montserrat,5,5,0,
29/03/2020,10:00,Morocco,358,351,23,
29/03/2020,10:00,Mozambique,7,7,0,
29/03/2020,10:00,Myanmar,5,5,0,
29/03/2020,10:00,Namibia,8,8,0,
29/03/2020,10:00,Nepal,3,2,0,
29/03/2020,10:00,Netherlands,8603,7644,546,
29/03/2020,10:00,New Caledonia,15,15,0,
29/03/2020,10:00,New Zealand,416,410,0,
29/03/2020,10:00,Nicaragua,2,2,1,
29/03/2020,10:00,Niger,10,10,1,
29/03/2020,10:00,Nigeria,65,63,1,
29/03/2020,10:00,North Macedonia,219,206,3,
29/03/2020,10:00,Norway,3581,2674,16,
29/03/2020,10:00,Oman,152,133,0,
29/03/2020,10:00,Pakistan,1235,1214,9,
29/03/2020,10:00,Palestine,97,66,1,
29/03/2020,10:00,Panama,674,647,9,
29/03/2020,10:00,Papua New Guinea,1,1,0,
29/03/2020,10:00,Paraguay,52,46,3,
29/03/2020,10:00,Peru,580,552,9,
29/03/2020,10:00,Philippines,803,739,54,
29/03/2020,10:00,Poland,1389,1325,16,
29/03/2020,10:00,Portugal,4268,4156,76,
29/03/2020,10:00,Puerto Rico,64,61,2,
29/03/2020,10:00,Qatar,562,225,0,
29/03/2020,10:00,Republic of Moldova,199,191,2,
29/03/2020,10:00,Réunion,135,130,0,
29/03/2020,10:00,Romania,1292,1179,24,
29/03/2020,10:00,Russia,1264,1230,4,
29/03/2020,10:00,Rwanda,54,54,0,
29/03/2020,10:00,Saint Barthélemy,5,4,0,
29/03/2020,10:00,Saint Kitts and Nevis,2,2,0,
29/03/2020,10:00,Saint Lucia,3,3,0,
29/03/2020,10:00,Saint Martin,12,10,0,
29/03/2020,10:00,Saint Vincent and the Grenadines,1,0,0,
29/03/2020,10:00,San Marino,228,151,21,
29/03/2020,10:00,Saudi Arabia,1104,1042,3,
29/03/2020,10:00,Senegal,119,109,0,
29/03/2020,10:00,Serbia,528,497,7,
29/03/2020,10:00,Seychelles,7,7,0,
29/03/2020,10:00,Singapore,732,520,2,
29/03/2020,10:00,Sint Maarten,3,3,0,
29/03/2020,10:00,Slovakia,295,251,0,
29/03/2020,10:00,Slovenia,632,491,9,
29/03/2020,10:00,Somalia,3,3,0,
29/03/2020,10:00,South Africa,1170,1153,2,
29/03/2020,10:00,Spain,72248,66495,5690,
29/03/2020,10:00,Sri Lanka,106,100,0,
29/03/2020,10:00,Sudan,3,2,1,
29/03/2020,10:00,Suriname,8,8,0,
29/03/2020,10:00,Sweden,3046,2122,92,
29/03/2020,10:00,Switzerland,12104,10916,197,
29/03/2020,10:00,Syrian Arab Republic,5,5,0,
29/03/2020,10:00,Taiwan,283,230,2,
29/03/2020,10:00,Thailand,1136,1061,5,
29/03/2020,10:00,Timor-Leste,1,1,0,
29/03/2020,10:00,Togo,25,24,0,
29/03/2020,10:00,Trinidad and Tobago,66,65,2,
29/03/2020,10:00,Tunisia,227,211,6,
29/03/2020,10:00,Turkey,5698,5693,92,
29/03/2020,10:00,Turks and Caicos Islands,2,2,0,
29/03/2020,10:00,Uganda,14,14,0,
29/03/2020,10:00,Ukraine,311,308,8,
29/03/2020,10:00,United Arab Emirates,405,320,2,
29/03/2020,10:00,United Kingdom,17089,15945,1019,
29/03/2020,10:00,United Republic of Tanzania,13,13,0,
29/03/2020,10:00,United States of America,103321,101692,1668,
29/03/2020,10:00,United States Virgin Islands,17,17,0,
29/03/2020,10:00,Uruguay,238,238,0,
29/03/2020,10:00,Uzbekistan,104,104,1,
29/03/2020,10:00,Venezuela (Bolivarian Republic of),106,104,0,
29/03/2020,10:00,Viet Nam,169,121,0,
29/03/2020,10:00,Zambia,13,13,0,
29/03/2020,10:00,Zimbabwe,5,5,1,
30/03/2020,10:00,Afghanistan,114,104,4,
30/03/2020,10:00,Albania,212,170,10,
30/03/2020,10:00,Algeria,409,372,26,
30/03/2020,10:00,Andorra,321,319,4,
30/03/2020,10:00,Angola,2,2,0,
30/03/2020,10:00,Anguilla,2,2,0,
30/03/2020,10:00,Antigua and Barbuda,7,6,0,
30/03/2020,10:00,Argentina,690,645,17,
30/03/2020,10:00,Armenia,424,398,3,
30/03/2020,10:00,Aruba,46,46,0,
30/03/2020,10:00,Australia,3966,3717,16,
30/03/2020,10:00,Austria,8291,7431,68,
30/03/2020,10:00,Azerbaijan,164,145,4,
30/03/2020,10:00,Bahamas,10,10,0,
30/03/2020,10:00,Bahrain,476,262,4,
30/03/2020,10:00,Bangladesh,48,45,5,
30/03/2020,10:00,Barbados,24,24,0,
30/03/2020,10:00,Belarus,94,73,0,
30/03/2020,10:00,Belgium,9134,8248,353,
30/03/2020,10:00,Belize,2,2,0,
30/03/2020,10:00,Benin,6,6,0,
30/03/2020,10:00,Bermuda,17,17,0,
30/03/2020,10:00,Bhutan,3,2,0,
30/03/2020,10:00,Bolivia,74,71,0,
30/03/2020,10:00,Bosnia and Herzegovina,269,251,6,
30/03/2020,10:00,Brazil,3417,3296,92,
30/03/2020,10:00,British Virgin Islands,2,2,0,
30/03/2020,10:00,Brunei Darussalam,120,80,1,
30/03/2020,10:00,Bulgaria,331,288,7,
30/03/2020,10:00,Burkina Faso,146,143,3,
30/03/2020,10:00,Cabo Verde,5,5,1,
30/03/2020,10:00,Cambodia,102,95,0,
30/03/2020,10:00,Cameroon,91,88,2,
30/03/2020,10:00,Canada,4757,4453,55,
30/03/2020,10:00,Cayman Islands,8,7,1,
30/03/2020,10:00,Central African Republic,6,5,0,
30/03/2020,10:00,Chad,5,5,0,
30/03/2020,10:00,Chile,1909,1848,6,
30/03/2020,10:00,Colombia,539,515,6,
30/03/2020,10:00,Congo,19,18,0,
30/03/2020,10:00,Costa Rica,263,240,2,
30/03/2020,10:00,Côte d’Ivoire,140,137,0,
30/03/2020,10:00,Croatia,657,626,5,
30/03/2020,10:00,Cuba,119,115,3,
30/03/2020,10:00,Curaçao,7,5,1,
30/03/2020,10:00,Cyprus,179,153,5,
30/03/2020,10:00,Czech Republic,2663,2410,11,
30/03/2020,10:00,Democratic Republic of the Congo,68,66,6,
30/03/2020,10:00,Denmark,2201,1337,65,
30/03/2020,10:00,Djibouti,15,15,0,
30/03/2020,10:00,Dominica,11,11,0,
30/03/2020,10:00,Dominican Republic,581,576,20,
30/03/2020,10:00,Ecuador,1823,1800,48,
30/03/2020,10:00,Egypt,576,483,36,
30/03/2020,10:00,El Salvador,19,19,0,
30/03/2020,10:00,Equatorial Guinea,6,5,0,
30/03/2020,10:00,Eritrea,6,6,0,
30/03/2020,10:00,Estonia,640,561,1,
30/03/2020,10:00,Eswatini,9,8,0,
30/03/2020,10:00,Ethiopia,16,15,0,
30/03/2020,10:00,Faroe Islands,155,146,0,
30/03/2020,10:00,Fiji,5,5,0,
30/03/2020,10:00,Finland,1218,977,9,
30/03/2020,10:00,France,40174,34251,2606,
30/03/2020,10:00,French Guiana,31,24,0,
30/03/2020,10:00,French Polynesia,34,31,0,
30/03/2020,10:00,Gabon,7,6,1,
30/03/2020,10:00,Gambia,3,3,1,
30/03/2020,10:00,Georgia,90,57,0,
30/03/2020,10:00,Germany,52547,47709,389,
30/03/2020,10:00,Ghana,137,135,4,
30/03/2020,10:00,Gibraltar,56,55,0,
30/03/2020,10:00,Greece,1061,730,32,
30/03/2020,10:00,Greenland,10,10,0,
30/03/2020,10:00,Grenada,7,7,0,
30/03/2020,10:00,Guadeloupe,96,93,2,
30/03/2020,10:00,Guam,56,56,1,
30/03/2020,10:00,Guatemala,32,32,1,
30/03/2020,10:00,Guernsey,39,38,0,
30/03/2020,10:00,Guinea,8,7,0,
30/03/2020,10:00,Guinea-Bissau,2,2,0,
30/03/2020,10:00,Guyana,5,4,1,
30/03/2020,10:00,Haiti,8,8,0,
30/03/2020,10:00,Holy See,4,3,0,
30/03/2020,10:00,Honduras,67,65,1,
30/03/2020,10:00,Hong Kong Special Administrative Region,642,493,4,Including 1 probable case
30/03/2020,10:00,Hungary,408,376,13,
30/03/2020,10:00,Iceland,963,825,2,
30/03/2020,10:00,India,979,872,25,
30/03/2020,10:00,Indonesia,1155,1038,102,
30/03/2020,10:00,Iran,38309,24371,2640,
30/03/2020,10:00,Iraq,506,413,42,
30/03/2020,10:00,Ireland,2415,2246,36,
30/03/2020,10:00,Isle of Man,32,32,0,
30/03/2020,10:00,Israel,3865,3665,81,
30/03/2020,10:00,Italy,97689,72942,10779,
30/03/2020,10:00,Jamaica,30,22,1,
30/03/2020,10:00,Japan,1866,1052,54,Excluding 712 cases were confirmed among passengers/crews in a cruise ship (including 10 fatal cases)
30/03/2020,10:00,Jersey,61,59,1,
30/03/2020,10:00,Jordan,246,245,1,
30/03/2020,10:00,Kazakhstan,265,259,1,
30/03/2020,10:00,Kenya,25,24,1,
30/03/2020,10:00,Korea,9661,1499,158,
30/03/2020,10:00,Kosovo,91,91,1,
30/03/2020,10:00,Kuwait,235,123,0,
30/03/2020,10:00,Kyrgyzstan,84,84,0,
30/03/2020,10:00,Lao People's Democratic Republic,6,6,0,
30/03/2020,10:00,Latvia,305,275,0,
30/03/2020,10:00,Lebanon,412,319,8,
30/03/2020,10:00,Liberia,3,3,0,
30/03/2020,10:00,Libya,3,3,0,
30/03/2020,10:00,Liechtenstein,61,57,0,
30/03/2020,10:00,Lithuania,394,385,7,
30/03/2020,10:00,Luxembourg,1831,1812,18,
30/03/2020,10:00,Macao Special Administrative Region,38,27,0,
30/03/2020,10:00,Madagascar,26,26,0,
30/03/2020,10:00,Mainland China,81470,610,3304,
30/03/2020,10:00,Malaysia,2320,1892,27,
30/03/2020,10:00,Maldives,16,6,0,
30/03/2020,10:00,Mali,18,18,0,
30/03/2020,10:00,Malta,139,118,0,
30/03/2020,10:00,Martinique,93,83,1,
30/03/2020,10:00,Mauritania,5,4,0,
30/03/2020,10:00,Mauritius,102,102,2,
30/03/2020,10:00,Mayotte,50,49,0,
30/03/2020,10:00,Mexico,717,676,12,
30/03/2020,10:00,Monaco,19,17,0,
30/03/2020,10:00,Mongolia,12,11,0,
30/03/2020,10:00,Montenegro,82,82,1,
30/03/2020,10:00,Montserrat,5,5,0,
30/03/2020,10:00,Morocco,437,419,26,
30/03/2020,10:00,Mozambique,8,8,0,
30/03/2020,10:00,Myanmar,8,8,0,
30/03/2020,10:00,Namibia,8,6,0,
30/03/2020,10:00,Nepal,5,4,0,
30/03/2020,10:00,Netherlands,9762,8627,639,
30/03/2020,10:00,New Caledonia,15,15,0,
30/03/2020,10:00,New Zealand,476,470,1,
30/03/2020,10:00,Nicaragua,4,4,1,
30/03/2020,10:00,Niger,10,10,1,
30/03/2020,10:00,Nigeria,65,63,1,
30/03/2020,10:00,North Macedonia,241,228,4,
30/03/2020,10:00,Northern Mariana Islands,2,2,0,
30/03/2020,10:00,Norway,3845,2768,20,
30/03/2020,10:00,Oman,167,147,0,
30/03/2020,10:00,Pakistan,1526,1498,13,
30/03/2020,10:00,Palestine,104,66,1,
30/03/2020,10:00,Panama,786,759,14,
30/03/2020,10:00,Papua New Guinea,1,1,0,
30/03/2020,10:00,Paraguay,56,50,3,
30/03/2020,10:00,Peru,635,592,11,
30/03/2020,10:00,Philippines,1075,935,68,
30/03/2020,10:00,Poland,1638,1527,18,
30/03/2020,10:00,Portugal,5170,5058,100,
30/03/2020,10:00,Puerto Rico,64,61,2,
30/03/2020,10:00,Qatar,590,189,1,
30/03/2020,10:00,Republic of Moldova,231,208,2,
30/03/2020,10:00,Réunion,143,137,0,
30/03/2020,10:00,Romania,1452,1329,29,
30/03/2020,10:00,Russia,1534,1500,8,
30/03/2020,10:00,Rwanda,60,60,0,
30/03/2020,10:00,Saint Barthélemy,5,4,0,
30/03/2020,10:00,Saint Kitts and Nevis,2,2,0,
30/03/2020,10:00,Saint Lucia,3,3,0,
30/03/2020,10:00,Saint Martin,12,10,0,
30/03/2020,10:00,Saint Vincent and the Grenadines,1,0,0,
30/03/2020,10:00,San Marino,228,151,22,
30/03/2020,10:00,Saudi Arabia,1203,1100,4,
30/03/2020,10:00,Senegal,119,98,0,
30/03/2020,10:00,Serbia,659,613,10,
30/03/2020,10:00,Seychelles,7,7,0,
30/03/2020,10:00,Singapore,844,618,3,
30/03/2020,10:00,Sint Maarten,3,3,0,
30/03/2020,10:00,Slovakia,295,234,0,
30/03/2020,10:00,Slovenia,691,634,9,
30/03/2020,10:00,Somalia,3,3,0,
30/03/2020,10:00,South Africa,1187,1149,1,
30/03/2020,10:00,Spain,78797,71044,6528,
30/03/2020,10:00,Sri Lanka,106,95,0,
30/03/2020,10:00,Sudan,5,4,1,
30/03/2020,10:00,Suriname,8,8,0,
30/03/2020,10:00,Sweden,3447,2455,102,
30/03/2020,10:00,Switzerland,13152,11590,235,
30/03/2020,10:00,Syrian Arab Republic,5,5,0,
30/03/2020,10:00,Taiwan,298,239,2,
30/03/2020,10:00,Thailand,1388,1313,7,
30/03/2020,10:00,Timor-Leste,1,1,0,
30/03/2020,10:00,Togo,29,28,0,
30/03/2020,10:00,Trinidad and Tobago,74,73,2,
30/03/2020,10:00,Tunisia,278,262,8,
30/03/2020,10:00,Turkey,7402,7397,108,
30/03/2020,10:00,Turks and Caicos Islands,2,2,0,
30/03/2020,10:00,Uganda,14,14,0,
30/03/2020,10:00,Ukraine,418,415,9,
30/03/2020,10:00,United Arab Emirates,468,383,2,
30/03/2020,10:00,United Kingdom,19522,18150,1228,
30/03/2020,10:00,United Republic of Tanzania,14,14,0,
30/03/2020,10:00,United States of America,122653,121024,2112,
30/03/2020,10:00,United States Virgin Islands,17,17,0,
30/03/2020,10:00,Uruguay,274,274,0,
30/03/2020,10:00,Uzbekistan,133,133,2,
30/03/2020,10:00,Venezuela (Bolivarian Republic of),113,111,2,
30/03/2020,10:00,Viet Nam,179,126,0,
30/03/2020,10:00,Zambia,16,16,0,
30/03/2020,10:00,Zimbabwe,5,5,1,
31/03/2020,10:00,Afghanistan,114,98,4,
31/03/2020,10:00,Albania,223,172,10,
31/03/2020,10:00,Algeria,454,405,29,
31/03/2020,10:00,Andorra,341,327,6,
31/03/2020,10:00,Angola,2,2,0,
31/03/2020,10:00,Anguilla,2,2,0,
31/03/2020,10:00,Antigua and Barbuda,7,6,0,
31/03/2020,10:00,Argentina,745,689,19,
31/03/2020,10:00,Armenia,482,452,3,
31/03/2020,10:00,Aruba,46,46,0,
31/03/2020,10:00,Australia,3966,3591,16,
31/03/2020,10:00,Austria,8813,7797,86,
31/03/2020,10:00,Azerbaijan,190,171,4,
31/03/2020,10:00,Bahamas,10,10,0,
31/03/2020,10:00,Bahrain,515,294,4,
31/03/2020,10:00,Bangladesh,49,44,5,
31/03/2020,10:00,Barbados,26,26,0,
31/03/2020,10:00,Belarus,94,58,0,
31/03/2020,10:00,Belgium,10836,9778,431,
31/03/2020,10:00,Belize,2,2,0,
31/03/2020,10:00,Benin,6,6,0,
31/03/2020,10:00,Bermuda,22,22,0,
31/03/2020,10:00,Bhutan,4,3,0,
31/03/2020,10:00,Bolivia,74,63,0,
31/03/2020,10:00,Bosnia and Herzegovina,325,306,6,
31/03/2020,10:00,Brazil,3904,3704,114,
31/03/2020,10:00,British Virgin Islands,2,2,0,
31/03/2020,10:00,Brunei Darussalam,126,76,1,
31/03/2020,10:00,Bulgaria,346,295,8,
31/03/2020,10:00,Burkina Faso,222,219,3,
31/03/2020,10:00,Cabo Verde,5,5,1,
31/03/2020,10:00,Cambodia,103,91,0,
31/03/2020,10:00,Cameroon,113,110,2,
31/03/2020,10:00,Canada,5655,5231,61,
31/03/2020,10:00,Cayman Islands,8,7,1,
31/03/2020,10:00,Central African Republic,6,5,0,
31/03/2020,10:00,Chad,5,5,0,
31/03/2020,10:00,Chile,1909,1834,6,
31/03/2020,10:00,Colombia,608,584,6,
31/03/2020,10:00,Congo,19,18,0,
31/03/2020,10:00,Costa Rica,295,272,2,
31/03/2020,10:00,Côte d’Ivoire,165,162,0,
31/03/2020,10:00,Croatia,713,664,6,
31/03/2020,10:00,Cuba,119,115,3,
31/03/2020,10:00,Curaçao,7,5,1,
31/03/2020,10:00,Cyprus,214,181,6,
31/03/2020,10:00,Czech Republic,2829,2531,16,
31/03/2020,10:00,Democratic Republic of the Congo,81,79,8,
31/03/2020,10:00,Denmark,2395,1481,72,
31/03/2020,10:00,Djibouti,19,19,0,
31/03/2020,10:00,Dominica,11,11,0,
31/03/2020,10:00,Dominican Republic,581,576,20,
31/03/2020,10:00,Ecuador,1835,1798,48,
31/03/2020,10:00,Egypt,609,483,40,
31/03/2020,10:00,El Salvador,24,24,0,
31/03/2020,10:00,Equatorial Guinea,13,12,0,
31/03/2020,10:00,Eritrea,6,6,0,
31/03/2020,10:00,Estonia,679,474,3,
31/03/2020,10:00,Eswatini,9,8,0,
31/03/2020,10:00,Ethiopia,21,20,0,
31/03/2020,10:00,Faroe Islands,159,148,0,
31/03/2020,10:00,Fiji,5,5,0,
31/03/2020,10:00,Finland,1218,946,11,
31/03/2020,10:00,France,44450,37817,3024,
31/03/2020,10:00,French Guiana,31,24,0,
31/03/2020,10:00,French Polynesia,35,32,0,
31/03/2020,10:00,Gabon,7,6,1,
31/03/2020,10:00,Gambia,3,3,1,
31/03/2020,10:00,Georgia,98,65,0,
31/03/2020,10:00,Germany,57298,51286,455,
31/03/2020,10:00,Ghana,152,150,5,
31/03/2020,10:00,Gibraltar,65,64,0,
31/03/2020,10:00,Greece,1156,804,38,
31/03/2020,10:00,Greenland,10,10,0,
31/03/2020,10:00,Grenada,7,7,0,
31/03/2020,10:00,Guadeloupe,96,90,2,
31/03/2020,10:00,Guam,56,56,1,
31/03/2020,10:00,Guatemala,34,33,1,
31/03/2020,10:00,Guernsey,39,38,0,
31/03/2020,10:00,Guinea,16,15,0,
31/03/2020,10:00,Guinea-Bissau,2,2,0,
31/03/2020,10:00,Guyana,5,1,1,
31/03/2020,10:00,Haiti,15,15,0,
31/03/2020,10:00,Holy See,6,5,0,
31/03/2020,10:00,Honduras,110,108,2,
31/03/2020,10:00,Hong Kong Special Administrative Region,683,525,4,Including 1 probable case
31/03/2020,10:00,Hungary,447,415,15,
31/03/2020,10:00,Iceland,1020,840,2,
31/03/2020,10:00,India,1071,957,29,
31/03/2020,10:00,Indonesia,1285,1168,114,
31/03/2020,10:00,Iran,41495,26504,2757,
31/03/2020,10:00,Iraq,547,423,42,
31/03/2020,10:00,Ireland,2615,2446,46,
31/03/2020,10:00,Isle of Man,42,42,0,
31/03/2020,10:00,Israel,4247,3997,15,
31/03/2020,10:00,Italy,101739,73759,11591,
31/03/2020,10:00,Jamaica,32,22,1,
31/03/2020,10:00,Japan,1953,1124,56,Excluding 712 cases were confirmed among passengers/crews in a cruise ship (including 10 fatal cases)
31/03/2020,10:00,Jersey,63,61,2,
31/03/2020,10:00,Jordan,259,253,3,
31/03/2020,10:00,Kazakhstan,294,288,1,
31/03/2020,10:00,Kenya,25,24,1,
31/03/2020,10:00,Korea,9786,1466,162,
31/03/2020,10:00,Kosovo,94,94,1,
31/03/2020,10:00,Kuwait,255,143,0,
31/03/2020,10:00,Kyrgyzstan,84,84,0,
31/03/2020,10:00,Lao People's Democratic Republic,8,8,0,
31/03/2020,10:00,Latvia,376,342,0,
31/03/2020,10:00,Lebanon,438,339,10,
31/03/2020,10:00,Liberia,3,3,0,
31/03/2020,10:00,Libya,8,8,0,
31/03/2020,10:00,Liechtenstein,62,55,0,
31/03/2020,10:00,Lithuania,484,467,7,
31/03/2020,10:00,Luxembourg,1950,1912,21,
31/03/2020,10:00,Macao Special Administrative Region,39,28,0,
31/03/2020,10:00,Madagascar,37,37,0,
31/03/2020,10:00,Mainland China,81518,637,3305,
31/03/2020,10:00,Malaysia,2470,1917,34,
31/03/2020,10:00,Maldives,17,4,0,
31/03/2020,10:00,Mali,18,18,0,
31/03/2020,10:00,Malta,151,130,0,
31/03/2020,10:00,Martinique,105,90,2,
31/03/2020,10:00,Mauritania,5,4,0,
31/03/2020,10:00,Mauritius,102,102,2,
31/03/2020,10:00,Mayotte,82,81,0,
31/03/2020,10:00,Mexico,848,795,16,
31/03/2020,10:00,Monaco,46,37,0,
31/03/2020,10:00,Mongolia,12,11,0,
31/03/2020,10:00,Montenegro,85,85,1,
31/03/2020,10:00,Montserrat,5,5,0,
31/03/2020,10:00,Morocco,516,488,27,
31/03/2020,10:00,Mozambique,8,8,0,
31/03/2020,10:00,Myanmar,8,8,0,
31/03/2020,10:00,Namibia,11,9,0,
31/03/2020,10:00,Nepal,5,4,0,
31/03/2020,10:00,Netherlands,10866,9453,771,
31/03/2020,10:00,New Caledonia,15,15,0,
31/03/2020,10:00,New Zealand,552,546,1,
31/03/2020,10:00,Nicaragua,4,4,1,
31/03/2020,10:00,Niger,20,20,3,
31/03/2020,10:00,Nigeria,65,63,1,
31/03/2020,10:00,North Macedonia,259,240,6,
31/03/2020,10:00,Northern Mariana Islands,2,2,0,
31/03/2020,10:00,Norway,4102,2933,22,
31/03/2020,10:00,Oman,167,145,0,
31/03/2020,10:00,Pakistan,1625,1573,18,
31/03/2020,10:00,Palestine,115,77,1,
31/03/2020,10:00,Panama,901,858,17,
31/03/2020,10:00,Papua New Guinea,1,1,0,
31/03/2020,10:00,Paraguay,59,51,3,
31/03/2020,10:00,Peru,671,600,11,
31/03/2020,10:00,Philippines,1418,1276,71,
31/03/2020,10:00,Poland,1862,1706,22,
31/03/2020,10:00,Portugal,5962,5717,119,
31/03/2020,10:00,Puerto Rico,64,61,2,
31/03/2020,10:00,Qatar,634,195,2,
31/03/2020,10:00,Republic of Moldova,263,240,2,
31/03/2020,10:00,Réunion,207,198,0,
31/03/2020,10:00,Romania,1760,1602,40,
31/03/2020,10:00,Russia,1534,1441,10,
31/03/2020,10:00,Rwanda,70,65,0,
31/03/2020,10:00,Saint Barthélemy,5,2,0,
31/03/2020,10:00,Saint Kitts and Nevis,4,4,0,
31/03/2020,10:00,Saint Lucia,4,3,0,
31/03/2020,10:00,Saint Martin,6,4,0,
31/03/2020,10:00,Saint Vincent and the Grenadines,1,0,0,
31/03/2020,10:00,San Marino,229,127,24,
31/03/2020,10:00,Saudi Arabia,1299,1196,8,
31/03/2020,10:00,Senegal,142,116,0,
31/03/2020,10:00,Serbia,741,695,13,
31/03/2020,10:00,Seychelles,8,6,0,
31/03/2020,10:00,Singapore,879,636,3,
31/03/2020,10:00,Sint Maarten,3,3,0,
31/03/2020,10:00,Slovakia,336,264,0,
31/03/2020,10:00,Slovenia,730,511,11,
31/03/2020,10:00,Somalia,3,3,0,
31/03/2020,10:00,South Africa,1280,1229,1,
31/03/2020,10:00,Spain,85195,76004,7340,
31/03/2020,10:00,Sri Lanka,120,101,1,
31/03/2020,10:00,Sudan,6,5,2,
31/03/2020,10:00,Suriname,8,7,0,
31/03/2020,10:00,Sweden,3700,2641,110,
31/03/2020,10:00,Switzerland,14274,12601,257,
31/03/2020,10:00,Syrian Arab Republic,9,9,1,
31/03/2020,10:00,Taiwan,306,239,5,
31/03/2020,10:00,Thailand,1524,1410,9,
31/03/2020,10:00,Timor-Leste,1,1,0,
31/03/2020,10:00,Togo,28,27,1,
31/03/2020,10:00,Trinidad and Tobago,76,74,3,
31/03/2020,10:00,Tunisia,312,294,8,
31/03/2020,10:00,Turkey,9271,9266,131,
31/03/2020,10:00,Turks and Caicos Islands,4,4,0,
31/03/2020,10:00,Uganda,33,33,0,
31/03/2020,10:00,Ukraine,480,477,11,
31/03/2020,10:00,United Arab Emirates,570,472,3,
31/03/2020,10:00,United Kingdom,22141,20594,1408,
31/03/2020,10:00,United Republic of Tanzania,14,14,0,
31/03/2020,10:00,United States of America,140904,137417,2405,
31/03/2020,10:00,United States Virgin Islands,22,22,0,
31/03/2020,10:00,Uruguay,303,299,0,
31/03/2020,10:00,Uzbekistan,145,141,2,
31/03/2020,10:00,Venezuela (Bolivarian Republic of),113,111,2,
31/03/2020,10:00,Viet Nam,188,131,0,
31/03/2020,10:00,Zambia,16,16,0,
31/03/2020,10:00,Zimbabwe,5,5,1,
01/04/2020,10:00,Afghanistan,166,145,4,
01/04/2020,10:00,Albania,223,168,11,
01/04/2020,10:00,Algeria,511,451,31,
01/04/2020,10:00,Andorra,370,356,8,
01/04/2020,10:00,Angola,2,2,0,
01/04/2020,10:00,Anguilla,2,2,0,
01/04/2020,10:00,Antigua and Barbuda,7,6,0,
01/04/2020,10:00,Argentina,820,755,20,
01/04/2020,10:00,Armenia,482,430,3,
01/04/2020,10:00,Aruba,50,48,0,
01/04/2020,10:00,Australia,4359,3984,18,
01/04/2020,10:00,Austria,9618,8286,108,
01/04/2020,10:00,Azerbaijan,273,245,4,
01/04/2020,10:00,Bahamas,14,13,0,
01/04/2020,10:00,Bahrain,515,273,4,
01/04/2020,10:00,Bangladesh,49,41,5,
01/04/2020,10:00,Barbados,33,33,0,
01/04/2020,10:00,Belarus,152,116,0,
01/04/2020,10:00,Belgium,11899,10656,513,
01/04/2020,10:00,Belize,3,3,0,
01/04/2020,10:00,Benin,6,5,0,
01/04/2020,10:00,Bermuda,22,22,0,
01/04/2020,10:00,Bhutan,4,3,0,
01/04/2020,10:00,Bolivia,97,86,5,
01/04/2020,10:00,Bosnia and Herzegovina,359,338,9,
01/04/2020,10:00,Brazil,4256,4022,136,
01/04/2020,10:00,British Virgin Islands,2,2,0,
01/04/2020,10:00,Brunei Darussalam,127,77,1,
01/04/2020,10:00,Bulgaria,359,278,8,
01/04/2020,10:00,Burkina Faso,246,231,12,
01/04/2020,10:00,Cabo Verde,5,5,1,
01/04/2020,10:00,Cambodia,107,83,0,
01/04/2020,10:00,Cameroon,139,134,6,
01/04/2020,10:00,Canada,6317,5893,66,
01/04/2020,10:00,Cayman Islands,12,11,1,
01/04/2020,10:00,Central African Republic,6,5,0,
01/04/2020,10:00,Chad,5,5,0,
01/04/2020,10:00,Chile,2449,2293,8,
01/04/2020,10:00,Colombia,702,657,10,
01/04/2020,10:00,Congo,19,18,0,
01/04/2020,10:00,Costa Rica,314,273,2,
01/04/2020,10:00,Côte d’Ivoire,169,163,0,
01/04/2020,10:00,Croatia,790,725,6,
01/04/2020,10:00,Cuba,170,165,4,
01/04/2020,10:00,Curaçao,11,8,1,
01/04/2020,10:00,Cyprus,230,197,7,
01/04/2020,10:00,Czech Republic,3002,2568,24,
01/04/2020,10:00,Democratic Republic of the Congo,98,95,8,
01/04/2020,10:00,Denmark,2577,1600,77,
01/04/2020,10:00,Djibouti,26,26,0,
01/04/2020,10:00,Dominica,11,11,0,
01/04/2020,10:00,Dominican Republic,901,880,42,
01/04/2020,10:00,Ecuador,1962,1904,60,
01/04/2020,10:00,Egypt,656,490,41,
01/04/2020,10:00,El Salvador,30,30,0,
01/04/2020,10:00,Equatorial Guinea,14,13,0,
01/04/2020,10:00,Eritrea,6,6,0,
01/04/2020,10:00,Estonia,715,490,3,
01/04/2020,10:00,Eswatini,9,8,0,
01/04/2020,10:00,Ethiopia,23,18,0,
01/04/2020,10:00,Faroe Islands,168,121,0,
01/04/2020,10:00,Fiji,5,5,0,
01/04/2020,10:00,Finland,1313,994,13,
01/04/2020,10:00,France,52128,44398,3523,
01/04/2020,10:00,French Guiana,43,36,0,
01/04/2020,10:00,French Polynesia,36,33,0,
01/04/2020,10:00,Gabon,7,6,1,
01/04/2020,10:00,Gambia,3,3,1,
01/04/2020,10:00,Georgia,103,69,0,
01/04/2020,10:00,Germany,61913,54757,583,
01/04/2020,10:00,Ghana,152,146,5,
01/04/2020,10:00,Gibraltar,69,66,0,
01/04/2020,10:00,Greece,1212,825,43,
01/04/2020,10:00,Greenland,10,10,0,
01/04/2020,10:00,Grenada,9,9,0,
01/04/2020,10:00,Guadeloupe,106,88,4,
01/04/2020,10:00,Guam,58,55,1,
01/04/2020,10:00,Guatemala,36,35,1,
01/04/2020,10:00,Guernsey,45,44,0,
01/04/2020,10:00,Guinea,16,15,0,
01/04/2020,10:00,Guinea-Bissau,2,2,0,
01/04/2020,10:00,Guyana,8,4,1,
01/04/2020,10:00,Haiti,15,15,0,
01/04/2020,10:00,Holy See,6,5,0,
01/04/2020,10:00,Honduras,139,131,2,
01/04/2020,10:00,Hong Kong Special Administrative Region,715,547,4,Including 1 probable case
01/04/2020,10:00,Hungary,447,397,15,
01/04/2020,10:00,Iceland,1086,861,2,
01/04/2020,10:00,India,1071,934,29,
01/04/2020,10:00,Indonesia,1414,1280,122,
01/04/2020,10:00,Iran,44606,28437,2898,
01/04/2020,10:00,Iraq,630,506,46,
01/04/2020,10:00,Ireland,2910,2618,54,
01/04/2020,10:00,Isle of Man,42,42,0,
01/04/2020,10:00,Israel,4831,4527,17,
01/04/2020,10:00,Italy,105792,74286,12428,
01/04/2020,10:00,Jamaica,36,26,1,
01/04/2020,10:00,Japan,1953,1080,56,Excluding 712 cases were confirmed among passengers/crews in a cruise ship (including 11 fatal cases)
01/04/2020,10:00,Jersey,63,61,2,
01/04/2020,10:00,Jordan,268,233,5,
01/04/2020,10:00,Kazakhstan,312,279,1,
01/04/2020,10:00,Kenya,38,35,1,
01/04/2020,10:00,Korea,9887,1474,165,
01/04/2020,10:00,Kosovo,106,106,1,
01/04/2020,10:00,Kuwait,266,136,0,
01/04/2020,10:00,Kyrgyzstan,107,107,0,
01/04/2020,10:00,Lao People's Democratic Republic,8,8,0,
01/04/2020,10:00,Latvia,376,316,0,
01/04/2020,10:00,Lebanon,446,337,11,
01/04/2020,10:00,Liberia,3,2,0,
01/04/2020,10:00,Libya,8,8,0,
01/04/2020,10:00,Liechtenstein,64,57,0,
01/04/2020,10:00,Lithuania,484,459,7,
01/04/2020,10:00,Luxembourg,1988,1907,22,
01/04/2020,10:00,Macao Special Administrative Region,41,28,0,
01/04/2020,10:00,Madagascar,46,46,0,
01/04/2020,10:00,Mainland China,81554,660,3312,
01/04/2020,10:00,Malaysia,2626,2073,37,
01/04/2020,10:00,Maldives,17,4,0,
01/04/2020,10:00,Mali,18,18,0,
01/04/2020,10:00,Malta,156,126,0,
01/04/2020,10:00,Martinique,111,95,2,
01/04/2020,10:00,Mauritania,5,4,0,
01/04/2020,10:00,Mauritius,107,107,2,
01/04/2020,10:00,Mayotte,82,81,0,
01/04/2020,10:00,Mexico,993,940,20,
01/04/2020,10:00,Monaco,49,40,0,
01/04/2020,10:00,Mongolia,12,8,0,
01/04/2020,10:00,Montenegro,91,91,1,
01/04/2020,10:00,Montserrat,5,5,0,
01/04/2020,10:00,Morocco,574,536,33,
01/04/2020,10:00,Mozambique,8,8,0,
01/04/2020,10:00,Myanmar,10,10,0,
01/04/2020,10:00,Namibia,11,9,0,
01/04/2020,10:00,Nepal,5,4,0,
01/04/2020,10:00,Netherlands,11750,10045,864,
01/04/2020,10:00,New Caledonia,15,15,0,
01/04/2020,10:00,New Zealand,600,589,1,
01/04/2020,10:00,Nicaragua,4,4,1,
01/04/2020,10:00,Niger,20,20,3,
01/04/2020,10:00,Nigeria,111,109,1,
01/04/2020,10:00,North Macedonia,285,254,7,
01/04/2020,10:00,Northern Mariana Islands,2,2,0,
01/04/2020,10:00,Norway,4226,3057,26,
01/04/2020,10:00,Oman,179,155,0,
01/04/2020,10:00,Pakistan,1865,1678,25,
01/04/2020,10:00,Palestine,117,78,1,
01/04/2020,10:00,Panama,989,920,24,
01/04/2020,10:00,Papua New Guinea,1,1,0,
01/04/2020,10:00,Paraguay,64,55,3,
01/04/2020,10:00,Peru,852,766,11,
01/04/2020,10:00,Philippines,1546,1359,78,
01/04/2020,10:00,Poland,2055,1899,31,
01/04/2020,10:00,Portugal,6408,5960,140,
01/04/2020,10:00,Puerto Rico,174,171,6,
01/04/2020,10:00,Qatar,693,251,1,
01/04/2020,10:00,Republic of Moldova,298,268,2,
01/04/2020,10:00,Réunion,207,198,0,
01/04/2020,10:00,Romania,1952,1768,44,
01/04/2020,10:00,Russia,1837,1744,9,
01/04/2020,10:00,Rwanda,70,63,0,
01/04/2020,10:00,Saint Barthélemy,6,3,0,
01/04/2020,10:00,Saint Kitts and Nevis,2,2,0,
01/04/2020,10:00,Saint Lucia,9,7,0,
01/04/2020,10:00,Saint Martin,18,16,1,
01/04/2020,10:00,Saint Vincent and the Grenadines,1,0,0,
01/04/2020,10:00,San Marino,230,126,25,
01/04/2020,10:00,Saudi Arabia,1453,1320,8,
01/04/2020,10:00,Senegal,162,135,0,
01/04/2020,10:00,Serbia,785,713,13,
01/04/2020,10:00,Seychelles,8,4,0,
01/04/2020,10:00,Singapore,926,683,3,
01/04/2020,10:00,Sint Maarten,6,6,0,
01/04/2020,10:00,Slovakia,336,239,0,
01/04/2020,10:00,Slovenia,763,488,11,
01/04/2020,10:00,Somalia,3,2,0,
01/04/2020,10:00,South Africa,1326,1264,3,
01/04/2020,10:00,Spain,94417,83239,8189,
01/04/2020,10:00,Sri Lanka,120,91,1,
01/04/2020,10:00,Sudan,6,4,2,
01/04/2020,10:00,Suriname,8,7,0,
01/04/2020,10:00,Sweden,4028,2861,146,
01/04/2020,10:00,Switzerland,15412,13150,295,
01/04/2020,10:00,Syrian Arab Republic,10,10,2,
01/04/2020,10:00,Taiwan,322,245,5,
01/04/2020,10:00,Thailand,1524,1377,9,
01/04/2020,10:00,Timor-Leste,1,1,0,
01/04/2020,10:00,Togo,34,33,1,
01/04/2020,10:00,Trinidad and Tobago,82,77,3,
01/04/2020,10:00,Tunisia,362,342,9,
01/04/2020,10:00,Turkey,10827,10780,168,
01/04/2020,10:00,Turks and Caicos,5,5,0,
01/04/2020,10:00,Islands,,,,
01/04/2020,10:00,Uganda,33,33,0,
01/04/2020,10:00,Ukraine,549,535,13,
01/04/2020,10:00,United Arab Emirates,611,513,5,
01/04/2020,10:00,United Kingdom,25150,23196,1789,
01/04/2020,10:00,United Republic of Tanzania,19,18,0,
01/04/2020,10:00,United States of America,163539,160036,2860,
01/04/2020,10:00,United States Virgin Islands,30,28,0,
01/04/2020,10:00,Uruguay,309,303,0,
01/04/2020,10:00,Uzbekistan,149,133,2,
01/04/2020,10:00,Venezuela (Bolivarian Republic of),129,96,3,
01/04/2020,10:00,Viet Nam,203,142,0,
01/04/2020,10:00,Zambia,35,35,0,
01/04/2020,10:00,Zimbabwe,5,5,1,
02/04/2020,10:00,Afghanistan,192,170,4,
02/04/2020,10:00,Albania,243,188,13,
02/04/2020,10:00,Algeria,584,524,35,
02/04/2020,10:00,Andorra,376,360,12,
02/04/2020,10:00,Angola,7,7,2,
02/04/2020,10:00,Anguilla,2,2,0,
02/04/2020,10:00,Antigua and Barbuda,7,6,0,
02/04/2020,10:00,Argentina,966,901,24,
02/04/2020,10:00,Armenia,532,480,3,
02/04/2020,10:00,Aruba,55,53,0,
02/04/2020,10:00,Australia,4707,4253,20,
02/04/2020,10:00,Austria,10182,8536,128,
02/04/2020,10:00,Azerbaijan,298,270,5,
02/04/2020,10:00,Bahamas,14,13,0,
02/04/2020,10:00,Bahrain,567,312,4,
02/04/2020,10:00,Bangladesh,54,46,6,
02/04/2020,10:00,Barbados,33,33,0,
02/04/2020,10:00,Belarus,152,116,0,
02/04/2020,10:00,Belgium,12775,11289,705,
02/04/2020,10:00,Belize,3,3,0,
02/04/2020,10:00,Benin,9,8,0,
02/04/2020,10:00,Bermuda,27,27,0,
02/04/2020,10:00,Bhutan,4,3,0,
02/04/2020,10:00,Bolivia,107,96,6,
02/04/2020,10:00,Bosnia and Herzegovina,413,392,12,
02/04/2020,10:00,Botswana,3,3,0,
02/04/2020,10:00,Brazil,4579,4345,159,
02/04/2020,10:00,British Virgin Islands,3,3,0,
02/04/2020,10:00,Brunei Darussalam,129,75,1,
02/04/2020,10:00,Bulgaria,399,318,8,
02/04/2020,10:00,Burkina Faso,261,241,14,
02/04/2020,10:00,Burundi,2,2,0,
02/04/2020,10:00,Cabo Verde,5,5,1,
02/04/2020,10:00,Cambodia,109,85,0,
02/04/2020,10:00,Cameroon,139,134,6,
02/04/2020,10:00,Canada,7695,7074,89,
02/04/2020,10:00,Cayman Islands,12,11,1,
02/04/2020,10:00,Central African Republic,6,5,0,
02/04/2020,10:00,Chad,7,7,0,
02/04/2020,10:00,Chile,2738,2582,12,
02/04/2020,10:00,Colombia,798,753,14,
02/04/2020,10:00,Congo,19,18,0,
02/04/2020,10:00,Costa Rica,314,273,2,
02/04/2020,10:00,Côte d’Ivoire,169,163,0,
02/04/2020,10:00,Croatia,867,802,6,
02/04/2020,10:00,Cuba,186,181,6,
02/04/2020,10:00,Curaçao,11,8,1,
02/04/2020,10:00,Cyprus,262,229,8,
02/04/2020,10:00,Czech Republic,3308,2874,31,
02/04/2020,10:00,Democratic Republic of the Congo,109,106,8,
02/04/2020,10:00,Denmark,2860,1803,90,
02/04/2020,10:00,Djibouti,31,31,0,
02/04/2020,10:00,Dominica,11,11,0,
02/04/2020,10:00,Dominican Republic,1109,1088,51,
02/04/2020,10:00,Ecuador,2240,2182,75,
02/04/2020,10:00,Egypt,710,544,46,
02/04/2020,10:00,El Salvador,30,30,0,
02/04/2020,10:00,Equatorial Guinea,14,13,0,
02/04/2020,10:00,Eritrea,6,6,0,
02/04/2020,10:00,Estonia,745,520,4,
02/04/2020,10:00,Eswatini,9,8,0,
02/04/2020,10:00,Ethiopia,26,21,0,
02/04/2020,10:00,Faroe Islands,169,122,0,
02/04/2020,10:00,Fiji,5,5,0,
02/04/2020,10:00,Finland,1384,1065,17,
02/04/2020,10:00,France,56989,47855,4032,
02/04/2020,10:00,French Guiana,46,39,0,
02/04/2020,10:00,French Polynesia,37,34,0,
02/04/2020,10:00,Gabon,7,6,1,
02/04/2020,10:00,Gambia,3,3,1,
02/04/2020,10:00,Georgia,115,81,0,
02/04/2020,10:00,Germany,67366,59168,732,
02/04/2020,10:00,Ghana,152,146,5,
02/04/2020,10:00,Gibraltar,69,66,0,
02/04/2020,10:00,Greece,1314,927,49,
02/04/2020,10:00,Greenland,10,10,0,
02/04/2020,10:00,Grenada,9,9,0,
02/04/2020,10:00,Guadeloupe,114,96,5,
02/04/2020,10:00,Guam,69,66,2,
02/04/2020,10:00,Guatemala,36,30,1,
02/04/2020,10:00,Guernsey,60,59,1,
02/04/2020,10:00,Guinea,16,15,0,
02/04/2020,10:00,Guinea-Bissau,9,9,0,
02/04/2020,10:00,Guyana,12,8,2,
02/04/2020,10:00,Haiti,15,15,0,
02/04/2020,10:00,Holy See,6,5,0,
02/04/2020,10:00,Honduras,139,131,2,
02/04/2020,10:00,Hong Kong Special Administrative Region,766,573,4,Including 1 probable case
02/04/2020,10:00,Hungary,492,434,16,
02/04/2020,10:00,Iceland,1135,885,2,
02/04/2020,10:00,India,1636,1485,38,
02/04/2020,10:00,Indonesia,1528,1356,136,
02/04/2020,10:00,Iran,47593,30232,3036,
02/04/2020,10:00,Iraq,694,540,50,
02/04/2020,10:00,Ireland,3235,2943,71,
02/04/2020,10:00,Isle of Man,52,52,0,
02/04/2020,10:00,Israel,5129,4702,21,
02/04/2020,10:00,Italy,110574,74861,13155,
02/04/2020,10:00,Jamaica,36,24,1,
02/04/2020,10:00,Japan,2384,1470,57,Excluding 712 cases were confirmed among passengers/crews in a cruise ship (including 11 fatal cases)
02/04/2020,10:00,Jersey,63,58,2,
02/04/2020,10:00,Jordan,274,239,5,
02/04/2020,10:00,Kazakhstan,348,315,2,
02/04/2020,10:00,Kenya,50,47,1,
02/04/2020,10:00,Korea,9976,1411,169,
02/04/2020,10:00,Kosovo,112,112,1,
02/04/2020,10:00,Kuwait,289,159,0,
02/04/2020,10:00,Kyrgyzstan,111,111,0,
02/04/2020,10:00,Lao People's Democratic Republic,9,9,0,
02/04/2020,10:00,Latvia,398,327,0,
02/04/2020,10:00,Lebanon,463,343,12,
02/04/2020,10:00,Liberia,3,2,0,
02/04/2020,10:00,Libya,10,10,0,
02/04/2020,10:00,Liechtenstein,68,61,0,
02/04/2020,10:00,Lithuania,533,507,7,
02/04/2020,10:00,Luxembourg,2178,2038,23,
02/04/2020,10:00,Macao Special Administrative Region,41,24,0,
02/04/2020,10:00,Madagascar,53,53,0,
02/04/2020,10:00,Mainland China,81589,661,3318,
02/04/2020,10:00,Malaysia,2766,1976,43,
02/04/2020,10:00,Maldives,18,5,0,
02/04/2020,10:00,Mali,18,18,0,
02/04/2020,10:00,Malta,167,129,0,
02/04/2020,10:00,Martinique,119,103,2,
02/04/2020,10:00,Mauritania,5,4,0,
02/04/2020,10:00,Mauritius,143,143,5,
02/04/2020,10:00,Mayotte,101,100,0,
02/04/2020,10:00,Mexico,1094,1012,28,
02/04/2020,10:00,Monaco,52,43,0,
02/04/2020,10:00,Mongolia,12,8,0,
02/04/2020,10:00,Montenegro,105,103,2,
02/04/2020,10:00,Montserrat,5,5,0,
02/04/2020,10:00,Morocco,638,600,36,
02/04/2020,10:00,Mozambique,8,8,0,
02/04/2020,10:00,Myanmar,15,15,1,
02/04/2020,10:00,Namibia,11,9,0,
02/04/2020,10:00,Nepal,5,4,0,
02/04/2020,10:00,Netherlands,12595,10544,1039,
02/04/2020,10:00,New Caledonia,16,16,0,
02/04/2020,10:00,New Zealand,647,636,1,
02/04/2020,10:00,Nicaragua,4,4,1,
02/04/2020,10:00,Niger,20,20,3,
02/04/2020,10:00,Nigeria,111,109,1,
02/04/2020,10:00,North Macedonia,329,298,9,
02/04/2020,10:00,Northern Mariana Islands,2,2,0,
02/04/2020,10:00,Norway,4447,3024,28,
02/04/2020,10:00,Oman,210,186,1,
02/04/2020,10:00,Pakistan,2039,1852,26,
02/04/2020,10:00,Palestine,134,93,1,
02/04/2020,10:00,Panama,989,920,24,
02/04/2020,10:00,Papua New Guinea,1,1,0,
02/04/2020,10:00,Paraguay,65,56,3,
02/04/2020,10:00,Peru,1065,979,24,
02/04/2020,10:00,Philippines,2084,1882,88,
02/04/2020,10:00,Poland,2311,2065,33,
02/04/2020,10:00,Portugal,7443,6995,160,
02/04/2020,10:00,Puerto Rico,239,236,8,
02/04/2020,10:00,Qatar,781,329,2,
02/04/2020,10:00,Republic of Moldova,353,323,3,
02/04/2020,10:00,Réunion,247,238,0,
02/04/2020,10:00,Romania,2245,2061,69,
02/04/2020,10:00,Russia,2337,2190,17,
02/04/2020,10:00,Rwanda,75,68,0,
02/04/2020,10:00,Saint Barthélemy,6,3,0,
02/04/2020,10:00,Saint Kitts and Nevis,8,8,0,
02/04/2020,10:00,Saint Lucia,9,7,0,
02/04/2020,10:00,Saint Martin,18,16,2,
02/04/2020,10:00,Saint Vincent and the Grenadines,1,0,0,
02/04/2020,10:00,San Marino,236,132,26,
02/04/2020,10:00,Saudi Arabia,1563,1392,10,
02/04/2020,10:00,Senegal,175,148,0,
02/04/2020,10:00,Serbia,900,815,13,
02/04/2020,10:00,Seychelles,8,4,0,
02/04/2020,10:00,Sierra Leone,1,1,0,
02/04/2020,10:00,Singapore,1000,687,3,
02/04/2020,10:00,Sint Maarten,6,6,0,
02/04/2020,10:00,Slovakia,363,266,0,
02/04/2020,10:00,Slovenia,814,539,13,
02/04/2020,10:00,Somalia,5,4,0,
02/04/2020,10:00,South Africa,1353,1291,5,
02/04/2020,10:00,Spain,102136,88420,9053,
02/04/2020,10:00,Sri Lanka,143,114,2,
02/04/2020,10:00,Sudan,7,5,2,
02/04/2020,10:00,Suriname,8,7,0,
02/04/2020,10:00,Sweden,4435,3156,180,
02/04/2020,10:00,Switzerland,16108,13343,373,
02/04/2020,10:00,Syrian Arab Republic,10,10,2,
02/04/2020,10:00,Taiwan,329,229,5,
02/04/2020,10:00,Thailand,1771,1594,12,
02/04/2020,10:00,Timor-Leste,1,1,0,
02/04/2020,10:00,Togo,34,33,1,
02/04/2020,10:00,Trinidad and Tobago,85,80,3,
02/04/2020,10:00,Tunisia,394,370,10,
02/04/2020,10:00,Turkey,13531,13484,214,
02/04/2020,10:00,Turks and Caicos Islands,5,5,0,
02/04/2020,10:00,Uganda,33,33,0,
02/04/2020,10:00,Ukraine,669,655,17,
02/04/2020,10:00,United Arab Emirates,664,566,6,
02/04/2020,10:00,United Kingdom,29474,26848,2352,
02/04/2020,10:00,United Republic of Tanzania,19,18,1,
02/04/2020,10:00,United States of America,186101,179063,3603,
02/04/2020,10:00,United States Virgin Islands,30,28,0,
02/04/2020,10:00,Uruguay,320,314,1,
02/04/2020,10:00,Uzbekistan,173,157,2,
02/04/2020,10:00,Venezuela (Bolivarian Republic of),129,96,3,
02/04/2020,10:00,Viet Nam,207,146,0,
02/04/2020,10:00,Zambia,35,35,0,
02/04/2020,10:00,Zimbabwe,8,8,1,
03/04/2020,10:00,Afghanistan,235,213,4,
03/04/2020,10:00,Albania,277,207,15,
03/04/2020,10:00,Algeria,847,775,58,
03/04/2020,10:00,Andorra,396,321,13,
03/04/2020,10:00,Angola,8,8,2,
03/04/2020,10:00,Anguilla,2,2,0,
03/04/2020,10:00,Antigua and Barbuda,7,6,0,
03/04/2020,10:00,Argentina,1054,975,27,
03/04/2020,10:00,Armenia,571,449,3,
03/04/2020,10:00,Aruba,55,51,0,
03/04/2020,10:00,Australia,4976,4466,21,
03/04/2020,10:00,Austria,10711,8868,146,
03/04/2020,10:00,Azerbaijan,359,325,5,
03/04/2020,10:00,Bahamas,15,12,0,
03/04/2020,10:00,Bahrain,569,313,4,
03/04/2020,10:00,Bangladesh,54,44,6,
03/04/2020,10:00,Barbados,33,31,0,
03/04/2020,10:00,Belarus,192,146,2,
03/04/2020,10:00,Belgium,13964,12169,828,
03/04/2020,10:00,Belize,3,3,0,
03/04/2020,10:00,Benin,13,12,0,
03/04/2020,10:00,Bermuda,32,32,0,
03/04/2020,10:00,Bhutan,4,3,0,
03/04/2020,10:00,Bolivia,115,103,7,
03/04/2020,10:00,Bosnia and Herzegovina,464,420,13,
03/04/2020,10:00,Botswana,3,3,1,
03/04/2020,10:00,Brazil,5717,5426,201,
03/04/2020,10:00,British Virgin Islands,3,3,0,
03/04/2020,10:00,Brunei Darussalam,131,75,1,
03/04/2020,10:00,Bulgaria,422,328,10,
03/04/2020,10:00,Burkina Faso,261,235,14,
03/04/2020,10:00,Burundi,2,2,0,
03/04/2020,10:00,Cabo Verde,5,5,1,
03/04/2020,10:00,Cambodia,109,74,0,
03/04/2020,10:00,Cameroon,139,129,6,
03/04/2020,10:00,Canada,9005,8384,105,
03/04/2020,10:00,Cayman Islands,14,13,1,
03/04/2020,10:00,Central African Republic,8,7,0,
03/04/2020,10:00,Chad,7,7,0,
03/04/2020,10:00,Chile,3031,2793,16,
03/04/2020,10:00,Colombia,906,813,16,
03/04/2020,10:00,Congo,22,19,2,
03/04/2020,10:00,Costa Rica,347,297,2,
03/04/2020,10:00,Côte d’Ivoire,190,181,0,
03/04/2020,10:00,Croatia,963,882,6,
03/04/2020,10:00,Cuba,212,202,6,
03/04/2020,10:00,Curaçao,11,8,1,
03/04/2020,10:00,Cyprus,320,262,9,
03/04/2020,10:00,Czech Republic,3589,2895,39,
03/04/2020,10:00,Democratic Republic of the Congo,123,116,11,
03/04/2020,10:00,Denmark,3107,1975,104,
03/04/2020,10:00,Djibouti,34,33,0,
03/04/2020,10:00,Dominica,11,11,0,
03/04/2020,10:00,Dominican Republic,1284,1263,57,
03/04/2020,10:00,Ecuador,2372,2217,146,
03/04/2020,10:00,Egypt,779,583,52,
03/04/2020,10:00,El Salvador,32,32,1,
03/04/2020,10:00,Equatorial Guinea,14,11,0,
03/04/2020,10:00,Eritrea,15,15,0,
03/04/2020,10:00,Estonia,779,512,5,
03/04/2020,10:00,Eswatini,9,8,0,
03/04/2020,10:00,Ethiopia,26,20,0,
03/04/2020,10:00,Faroe Islands,173,115,0,
03/04/2020,10:00,Fiji,5,5,0,
03/04/2020,10:00,Finland,1446,1077,17,
03/04/2020,10:00,France,59105,48110,4503,
03/04/2020,10:00,French Guiana,51,40,0,
03/04/2020,10:00,French Polynesia,37,34,0,
03/04/2020,10:00,Gabon,7,4,1,
03/04/2020,10:00,Gambia,3,2,1,
03/04/2020,10:00,Georgia,121,83,0,
03/04/2020,10:00,Germany,73522,62523,872,
03/04/2020,10:00,Ghana,195,186,5,
03/04/2020,10:00,Gibraltar,69,61,0,
03/04/2020,10:00,Greece,1375,957,50,
03/04/2020,10:00,Greenland,10,8,0,
03/04/2020,10:00,Grenada,9,9,0,
03/04/2020,10:00,Guadeloupe,125,92,6,
03/04/2020,10:00,Guam,77,72,3,
03/04/2020,10:00,Guatemala,39,33,1,
03/04/2020,10:00,Guernsey,78,77,1,
03/04/2020,10:00,Guinea,30,29,0,
03/04/2020,10:00,Guinea-Bissau,9,9,0,
03/04/2020,10:00,Guyana,19,15,2,
03/04/2020,10:00,Haiti,16,16,0,
03/04/2020,10:00,Holy See,6,5,0,
03/04/2020,10:00,Honduras,172,163,10,
03/04/2020,10:00,Hong Kong Special Administrative Region,803,594,4,Including 1 probable case
03/04/2020,10:00,Hungary,525,452,20,
03/04/2020,10:00,Iceland,1220,890,2,
03/04/2020,10:00,India,1636,1485,38,
03/04/2020,10:00,Indonesia,1677,1450,157,
03/04/2020,10:00,Iran,50468,32061,3160,
03/04/2020,10:00,Iraq,728,564,52,
03/04/2020,10:00,Ireland,3447,2890,85,
03/04/2020,10:00,Isle of Man,65,65,0,
03/04/2020,10:00,Israel,5591,5062,21,
03/04/2020,10:00,Italy,115242,74207,13915,
03/04/2020,10:00,Jamaica,38,25,1,
03/04/2020,10:00,Japan,2617,1667,63,Excluding 712 cases were confirmed among passengers/crews in a cruise ship (including 11 fatal cases)
03/04/2020,10:00,Jersey,81,76,2,
03/04/2020,10:00,Jordan,278,226,5,
03/04/2020,10:00,Kazakhstan,386,340,3,
03/04/2020,10:00,Kenya,81,74,1,
03/04/2020,10:00,Kosovo,125,125,1,
03/04/2020,10:00,Kuwait,317,175,0,
03/04/2020,10:00,Kyrgyzstan,115,112,0,
03/04/2020,10:00,Lao People's Democratic Republic,10,10,0,
03/04/2020,10:00,Latvia,446,360,0,
03/04/2020,10:00,Lebanon,479,346,12,
03/04/2020,10:00,Liberia,6,4,0,
03/04/2020,10:00,Libya,10,10,0,
03/04/2020,10:00,Liechtenstein,72,47,0,
03/04/2020,10:00,Lithuania,581,545,8,
03/04/2020,10:00,Luxembourg,2319,1974,29,
03/04/2020,10:00,Macao Special Administrative Region,41,24,0,
03/04/2020,10:00,Madagascar,53,53,0,
03/04/2020,10:00,Mainland China,81620,653,3322,
03/04/2020,10:00,Malaysia,2908,2118,45,
03/04/2020,10:00,Maldives,18,5,0,
03/04/2020,10:00,Mali,28,28,0,
03/04/2020,10:00,Malta,188,135,0,
03/04/2020,10:00,Martinique,128,105,3,
03/04/2020,10:00,Mauritania,5,3,0,
03/04/2020,10:00,Mauritius,154,151,5,
03/04/2020,10:00,Mayotte,116,113,2,
03/04/2020,10:00,Mexico,1215,1122,29,
03/04/2020,10:00,Monaco,37,28,0,
03/04/2020,10:00,Mongolia,14,9,0,
03/04/2020,10:00,Montenegro,120,110,2,
03/04/2020,10:00,Montserrat,5,4,0,
03/04/2020,10:00,Morocco,676,627,39,
03/04/2020,10:00,Mozambique,10,10,0,
03/04/2020,10:00,Myanmar,15,15,1,
03/04/2020,10:00,Namibia,11,9,0,
03/04/2020,10:00,Nepal,5,4,0,
03/04/2020,10:00,Netherlands,13614,11154,1173,
03/04/2020,10:00,New Caledonia,16,16,0,
03/04/2020,10:00,New Zealand,723,703,1,
03/04/2020,10:00,Nicaragua,5,5,1,
03/04/2020,10:00,Niger,74,74,5,
03/04/2020,10:00,Nigeria,139,131,2,
03/04/2020,10:00,North Macedonia,354,306,11,
03/04/2020,10:00,Northern Mariana Islands,6,6,0,
03/04/2020,10:00,Norway,4665,3113,32,
03/04/2020,10:00,Palestine,134,90,1,
03/04/2020,10:00,Oman,231,198,1,
03/04/2020,10:00,Pakistan,2291,2050,31,
03/04/2020,10:00,Panama,1181,1095,30,
03/04/2020,10:00,Papua New Guinea,1,1,0,
03/04/2020,10:00,Paraguay,69,58,3,
03/04/2020,10:00,Peru,1323,1178,24,
03/04/2020,10:00,Philippines,2311,2109,96,
03/04/2020,10:00,Poland,2554,2229,43,
03/04/2020,10:00,Portugal,8251,7466,187,
03/04/2020,10:00,Puerto Rico,286,281,11,
03/04/2020,10:00,Qatar,835,383,2,
03/04/2020,10:00,Korea,10062,1410,174,
03/04/2020,10:00,Republic of Moldova,423,374,5,
03/04/2020,10:00,Réunion,281,269,0,
03/04/2020,10:00,Romania,2460,2200,85,
03/04/2020,10:00,Russia,2777,2578,24,
03/04/2020,10:00,Rwanda,82,71,0,
03/04/2020,10:00,Saint Barthélemy,6,3,0,
03/04/2020,10:00,Saint Kitts and Nevis,8,8,0,
03/04/2020,10:00,Saint Lucia,13,11,0,
03/04/2020,10:00,Saint Martin,21,17,2,
03/04/2020,10:00,Saint Vincent and the Grenadines,1,0,0,
03/04/2020,10:00,San Marino,236,110,28,
03/04/2020,10:00,Saudi Arabia,1720,1482,16,
03/04/2020,10:00,Senegal,190,154,1,
03/04/2020,10:00,Serbia,1060,937,13,
03/04/2020,10:00,Seychelles,10,4,0,
03/04/2020,10:00,Sierra Leone,2,2,0,
03/04/2020,10:00,Singapore,1049,704,4,
03/04/2020,10:00,Sint Maarten,6,6,0,
03/04/2020,10:00,Slovakia,400,277,0,
03/04/2020,10:00,Slovenia,841,522,15,
03/04/2020,10:00,Somalia,5,4,0,
03/04/2020,10:00,South Africa,1380,1264,5,
03/04/2020,10:00,Spain,110238,93091,10003,
03/04/2020,10:00,Sri Lanka,143,101,2,
03/04/2020,10:00,Sudan,7,6,2,
03/04/2020,10:00,Suriname,8,7,0,
03/04/2020,10:00,Sweden,4947,3524,239,
03/04/2020,10:00,Switzerland,17070,13207,378,
03/04/2020,10:00,Syrian Arab Republic,10,10,3,
03/04/2020,10:00,Taiwan,339,231,5,
03/04/2020,10:00,Thailand,1771,1559,12,
03/04/2020,10:00,United Kingdom,33718,30441,2921,
03/04/2020,10:00,Timor-Leste,1,1,0,
03/04/2020,10:00,Togo,36,35,2,
03/04/2020,10:00,Trinidad and Tobago,89,82,5,
03/04/2020,10:00,Tunisia,423,394,12,
03/04/2020,10:00,Turkey,15679,15488,277,
03/04/2020,10:00,Turks and Caicos Islands,5,5,0,
03/04/2020,10:00,Uganda,44,44,0,
03/04/2020,10:00,Ukraine,804,788,20,
03/04/2020,10:00,United Arab Emirates,814,701,8,
03/04/2020,10:00,United Republic of Tanzania,20,17,1,
03/04/2020,10:00,United States of America,213144,202702,4513,
03/04/2020,10:00,United States Virgin Islands,30,28,0,
03/04/2020,10:00,Uruguay,338,309,2,
03/04/2020,10:00,Uzbekistan,190,169,2,
03/04/2020,10:00,Venezuela (Bolivarian Republic of),143,107,3,
03/04/2020,10:00,Viet Nam,218,152,0,
03/04/2020,10:00,Zambia,36,34,0,
03/04/2020,10:00,Zimbabwe,8,8,1,
