更新日期,更新時間,中國內地,報告/確診個案數目,死亡個案,備註
11/01/2020,23:59,湖北省,41,,
12/01/2020,23:59,湖北省,41,,
13/01/2020,23:59,湖北省,41,,
15/01/2020,23:59,湖北省,41,,
16/01/2020,23:59,湖北省,45,,
17/01/2020,23:59,湖北省,62,,
19/01/2020,23:59,湖北省,198,,
20/01/2020,18:00,廣東省,14,,
20/01/2020,18:00,北京巿,5,,
20/01/2020,18:00,上海巿,1,,
20/01/2020,23:59,湖北省,270,,
21/01/2020,18:00,廣東省,17,,
21/01/2020,18:00,北京巿,5,,
21/01/2020,18:00,上海巿,2,,
21/01/2020,18:00,浙江省,1,,
21/01/2020,23:59,湖北省,375,,
22/01/2020,9:00,北京巿,10,,
22/01/2020,9:00,重慶巿,5,,
22/01/2020,9:00,廣東省,26,,
22/01/2020,9:00,河南省,1,,
22/01/2020,9:00,湖南省,1,,
22/01/2020,9:00,江西省,2,,
22/01/2020,9:00,山東省,1,,
22/01/2020,9:00,上海巿,9,,
22/01/2020,9:00,四川省,2,,
22/01/2020,9:00,天津巿,2,,
22/01/2020,9:00,雲南省,1,,
22/01/2020,9:00,浙江省,5,,
22/01/2020,18:00,北京巿,14,,
22/01/2020,18:00,遼寧省,2,,
22/01/2020,18:00,安徽省,4,,
22/01/2020,18:00,重慶巿,6,,
22/01/2020,18:00,陝西省,4,,
22/01/2020,18:00,天津巿,2,,
22/01/2020,18:00,福建省,1,,
22/01/2020,18:00,湖南省,4,,
22/01/2020,18:00,四川省,5,,
22/01/2020,18:00,黑龍江省,1,,
22/01/2020,18:00,江西省,2,,
22/01/2020,18:00,廣東省,32,,
22/01/2020,18:00,貴州省,1,,
22/01/2020,18:00,上海巿,16,,
22/01/2020,18:00,山東省,1,,
22/01/2020,18:00,廣西自治區,2,,
22/01/2020,18:00,雲南省,1,,
22/01/2020,18:00,浙江省,10,,
22/01/2020,18:00,河南省,5,,
22/01/2020,18:00,海南省,1,,
22/01/2020,23:59,湖北省,444,,
23/01/2020,18:00,北京巿,14,,
23/01/2020,18:00,遼寧省,3,,
23/01/2020,18:00,安徽省,9,,
23/01/2020,18:00,重慶巿,9,,
23/01/2020,18:00,陝西省,4,,
23/01/2020,18:00,天津巿,2,,
23/01/2020,18:00,福建省,4,,
23/01/2020,18:00,湖南省,9,,
23/01/2020,18:00,四川省,8,,
23/01/2020,18:00,黑龍江省,1,,
23/01/2020,18:00,江西省,3,,
23/01/2020,18:00,廣東省,32,,
23/01/2020,18:00,貴州省,3,,
23/01/2020,18:00,上海巿,16,,
23/01/2020,18:00,山東省,1,,
23/01/2020,18:00,廣西壯族自治區,5,,
23/01/2020,18:00,雲南省,1,,
23/01/2020,18:00,浙江省,27,,
23/01/2020,18:00,河南省,5,,
23/01/2020,18:00,河北省,1,,
23/01/2020,18:00,海南省,1,,
23/01/2020,18:00,吉林省,1,,
23/01/2020,18:00,山西省,1,,
23/01/2020,18:00,寧夏回族自治區,1,,
23/01/2020,18:00,江蘇省,1,,
23/01/2020,20:00,湖北省,468,,
23/01/2020,23:59,湖北省,549,,
24/01/2020,18:00,北京巿,26,,
24/01/2020,18:00,遼寧省,4,,
24/01/2020,18:00,安徽省,15,,
24/01/2020,18:00,重慶巿,27,,
24/01/2020,18:00,陝西省,7,,
24/01/2020,18:00,天津巿,7,,
24/01/2020,18:00,福建省,10,,
24/01/2020,18:00,湖南省,24,,
24/01/2020,18:00,四川省,15,,
24/01/2020,18:00,甘肅省,2,,
24/01/2020,18:00,黑龍江省,4,,
24/01/2020,18:00,江西省,7,,
24/01/2020,18:00,廣東省,53,,
24/01/2020,18:00,貴州省,3,,
24/01/2020,18:00,上海巿,20,,
24/01/2020,18:00,山東省,15,,
24/01/2020,18:00,廣西壯族自治區,13,,
24/01/2020,18:00,雲南省,2,,
24/01/2020,18:00,內蒙古自治區,1,,
24/01/2020,18:00,浙江省,43,,
24/01/2020,18:00,河南省,9,,
24/01/2020,18:00,河北省,2,,
24/01/2020,18:00,海南省,8,,
24/01/2020,18:00,吉林省,3,,
24/01/2020,18:00,山西省,1,,
24/01/2020,18:00,寧夏回族自治區,1,,
24/01/2020,18:00,江蘇省,9,,
24/01/2020,18:00,新疆自治區,2,,
24/01/2020,23:59,湖北省,729,,
25/01/2020,18:00,北京巿,36,,
25/01/2020,18:00,遼寧省,15,,
25/01/2020,18:00,安徽省,39,,
25/01/2020,18:00,重慶巿,57,,
25/01/2020,18:00,陝西省,5,,
25/01/2020,18:00,天津巿,9,,
25/01/2020,18:00,福建省,10,,
25/01/2020,18:00,湖南省,43,,
25/01/2020,18:00,四川省,28,,
25/01/2020,18:00,甘肅省,4,,
25/01/2020,18:00,黑龍江省,9,,
25/01/2020,18:00,江西省,18,,
25/01/2020,18:00,廣東省,78,,
25/01/2020,18:00,貴州省,5,,
25/01/2020,18:00,上海巿,33,,
25/01/2020,18:00,山東省,21,,
25/01/2020,18:00,廣西壯族自治區,23,,
25/01/2020,18:00,雲南省,5,,
25/01/2020,18:00,內蒙古自治區,2,,
25/01/2020,18:00,浙江省,62,,
25/01/2020,18:00,河南省,32,,
25/01/2020,18:00,河北省,8,,
25/01/2020,18:00,海南省,17,,
25/01/2020,18:00,吉林省,4,,
25/01/2020,18:00,山西省,6,,
25/01/2020,18:00,寧夏回族自治區,3,,
25/01/2020,18:00,江蘇省,18,,
25/01/2020,18:00,新疆自治區,3,,
25/01/2020,18:00,青海省,1,,
25/01/2020,23:59,湖北省,1052,,
26/01/2020,18:00,北京巿,54,,
26/01/2020,18:00,遼寧省,19,,
26/01/2020,18:00,安徽省,60,,
26/01/2020,18:00,重慶巿,75,,
26/01/2020,18:00,陝西省,22,,
26/01/2020,18:00,天津巿,13,,
26/01/2020,18:00,福建省,29,,
26/01/2020,18:00,湖南省,69,,
26/01/2020,18:00,四川省,46,,
26/01/2020,18:00,甘肅省,7,,
26/01/2020,18:00,黑龍江省,15,,
26/01/2020,18:00,江西省,36,,
26/01/2020,18:00,廣東省,111,,
26/01/2020,18:00,貴州省,5,,
26/01/2020,18:00,上海巿,40,,
26/01/2020,18:00,山東省,46,,
26/01/2020,18:00,廣西壯族自治區,33,,
26/01/2020,18:00,雲南省,11,,
26/01/2020,18:00,內蒙古自治區,7,,
26/01/2020,18:00,浙江省,104,,
26/01/2020,18:00,河南省,83,,
26/01/2020,18:00,河北省,13,,
26/01/2020,18:00,海南省,22,,
26/01/2020,18:00,吉林省,4,,
26/01/2020,18:00,山西省,9,,
26/01/2020,18:00,寧夏回族自治區,3,,
26/01/2020,18:00,江蘇省,31,,
26/01/2020,18:00,新疆自治區,4,,
26/01/2020,18:00,青海省,4,,
26/01/2020,23:59,湖北省,1423,,
27/01/2020,9:00,北京巿,68,,
27/01/2020,9:00,遼寧省,22,,
27/01/2020,9:00,安徽省,66,,
27/01/2020,9:00,重慶巿,75,,
27/01/2020,9:00,陝西省,22,,
27/01/2020,9:00,天津巿,13,,
27/01/2020,9:00,福建省,35,,
27/01/2020,9:00,湖南省,69,,
27/01/2020,9:00,四川省,46,,
27/01/2020,9:00,甘肅省,7,,
27/01/2020,9:00,黑龍江省,16,,
27/01/2020,9:00,江西省,48,,
27/01/2020,9:00,廣東省,111,,
27/01/2020,9:00,貴州省,5,,
27/01/2020,9:00,上海巿,40,,
27/01/2020,9:00,山東省,46,,
27/01/2020,9:00,廣西壯族自治區,46,,
27/01/2020,9:00,雲南省,16,,
27/01/2020,9:00,內蒙古自治區,7,,
27/01/2020,9:00,浙江省,104,,
27/01/2020,9:00,河南省,83,,
27/01/2020,9:00,河北省,13,,
27/01/2020,9:00,海南省,22,,
27/01/2020,9:00,吉林省,4,,
27/01/2020,9:00,山西省,13,,
27/01/2020,9:00,寧夏回族自治區,3,,
27/01/2020,9:00,江蘇省,33,,
27/01/2020,9:00,新疆自治區,4,,
27/01/2020,9:00,青海省,4,,
27/01/2020,18:00,北京巿,72,,
27/01/2020,18:00,遼寧省,24,,
27/01/2020,18:00,安徽省,70,,
27/01/2020,18:00,重慶巿,110,,
27/01/2020,18:00,陝西省,35,,
27/01/2020,18:00,天津巿,18,,
27/01/2020,18:00,福建省,56,,
27/01/2020,18:00,湖南省,100,,
27/01/2020,18:00,四川省,69,,
27/01/2020,18:00,甘肅省,14,,
27/01/2020,18:00,黑龍江省,21,,
27/01/2020,18:00,江西省,48,,
27/01/2020,18:00,廣東省,151,,
27/01/2020,18:00,貴州省,7,,
27/01/2020,18:00,上海巿,53,,
27/01/2020,18:00,山東省,75,,
27/01/2020,18:00,廣西壯族自治區,46,,
27/01/2020,18:00,雲南省,19,,
27/01/2020,18:00,內蒙古自治區,11,,
27/01/2020,18:00,浙江省,128,,
27/01/2020,18:00,河南省,128,,
27/01/2020,18:00,河北省,18,,
27/01/2020,18:00,海南省,31,,
27/01/2020,18:00,吉林省,6,,
27/01/2020,18:00,山西省,13,,
27/01/2020,18:00,寧夏回族自治區,7,,
27/01/2020,18:00,江蘇省,47,,
27/01/2020,18:00,新疆自治區,5,,
27/01/2020,18:00,青海省,4,,
27/01/2020,23:59,湖北省,2714,,
28/01/2020,10:00,北京巿,80,,
28/01/2020,10:00,遼寧省,27,,
28/01/2020,10:00,安徽省,106,,
28/01/2020,10:00,重慶巿,132,,
28/01/2020,10:00,陝西省,35,,
28/01/2020,10:00,天津巿,23,,
28/01/2020,10:00,福建省,59,,
28/01/2020,10:00,湖南省,143,,
28/01/2020,10:00,四川省,90,,
28/01/2020,10:00,甘肅省,19,,
28/01/2020,10:00,黑龍江省,30,,
28/01/2020,10:00,江西省,72,,
28/01/2020,10:00,廣東省,188,,
28/01/2020,10:00,貴州省,9,,
28/01/2020,10:00,上海巿,66,,
28/01/2020,10:00,山東省,87,,
28/01/2020,10:00,廣西壯族自治區,51,,
28/01/2020,10:00,雲南省,26,,
28/01/2020,10:00,內蒙古自治區,13,,
28/01/2020,10:00,浙江省,173,,
28/01/2020,10:00,河南省,168,,
28/01/2020,10:00,河北省,33,,
28/01/2020,10:00,海南省,40,,
28/01/2020,10:00,吉林省,8,,
28/01/2020,10:00,山西省,20,,
28/01/2020,10:00,寧夏回族自治區,11,,
28/01/2020,10:00,江蘇省,70,,
28/01/2020,10:00,新疆自治區,10,,
28/01/2020,10:00,青海省,6,,
28/01/2020,18:00,北京巿,80,,
28/01/2020,18:00,遼寧省,30,,
28/01/2020,18:00,安徽省,106,,
28/01/2020,18:00,重慶巿,132,,
28/01/2020,18:00,陝西省,46,,
28/01/2020,18:00,天津巿,24,,
28/01/2020,18:00,福建省,73,,
28/01/2020,18:00,湖南省,143,,
28/01/2020,18:00,四川省,90,,
28/01/2020,18:00,甘肅省,19,,
28/01/2020,18:00,黑龍江省,30,,
28/01/2020,18:00,江西省,72,,
28/01/2020,18:00,廣東省,207,,
28/01/2020,18:00,貴州省,9,,
28/01/2020,18:00,上海巿,66,,
28/01/2020,18:00,山東省,95,,
28/01/2020,18:00,廣西壯族自治區,51,,
28/01/2020,18:00,雲南省,44,,
28/01/2020,18:00,內蒙古自治區,15,,
28/01/2020,18:00,浙江省,173,,
28/01/2020,18:00,河南省,168,,
28/01/2020,18:00,河北省,33,,
28/01/2020,18:00,海南省,40,,
28/01/2020,18:00,吉林省,8,,
28/01/2020,18:00,山西省,20,,
28/01/2020,18:00,寧夏回族自治區,11,,
28/01/2020,18:00,江蘇省,70,,
28/01/2020,18:00,新疆自治區,10,,
28/01/2020,18:00,青海省,6,,
28/01/2020,23:59,湖北省,3554,,
29/01/2020,9:00,北京巿,91,,
29/01/2020,9:00,遼寧省,34,,
29/01/2020,9:00,安徽省,106,,
29/01/2020,9:00,重慶巿,132,,
29/01/2020,9:00,陝西省,46,,
29/01/2020,9:00,天津巿,24,,
29/01/2020,9:00,福建省,80,,
29/01/2020,9:00,湖南省,143,,
29/01/2020,9:00,四川省,90,,
29/01/2020,9:00,甘肅省,19,,
29/01/2020,9:00,黑龍江省,31,,
29/01/2020,9:00,江西省,109,,
29/01/2020,9:00,廣東省,207,,
29/01/2020,9:00,貴州省,9,,
29/01/2020,9:00,上海巿,66,,
29/01/2020,9:00,山東省,95,,
29/01/2020,9:00,廣西壯族自治區,51,,
29/01/2020,9:00,雲南省,44,,
29/01/2020,9:00,內蒙古自治區,15,,
29/01/2020,9:00,浙江省,173,,
29/01/2020,9:00,河南省,168,,
29/01/2020,9:00,河北省,33,,
29/01/2020,9:00,海南省,40,,
29/01/2020,9:00,吉林省,8,,
29/01/2020,9:00,山西省,27,,
29/01/2020,9:00,寧夏回族自治區,11,,
29/01/2020,9:00,江蘇省,70,,
29/01/2020,9:00,新疆自治區,10,,
29/01/2020,9:00,青海省,6,,
29/01/2020,18:00,北京巿,102,,
29/01/2020,18:00,遼寧省,38,,
29/01/2020,18:00,安徽省,152,,
29/01/2020,18:00,重慶巿,147,,
29/01/2020,18:00,陝西省,56,,
29/01/2020,18:00,天津巿,27,,
29/01/2020,18:00,福建省,84,,
29/01/2020,18:00,湖南省,221,,
29/01/2020,18:00,四川省,108,,
29/01/2020,18:00,甘肅省,24,,
29/01/2020,18:00,黑龍江省,38,,
29/01/2020,18:00,江西省,109,,
29/01/2020,18:00,廣東省,272,,
29/01/2020,18:00,貴州省,9,,
29/01/2020,18:00,上海巿,96,,
29/01/2020,18:00,山東省,130,,
29/01/2020,18:00,廣西壯族自治區,58,,
29/01/2020,18:00,雲南省,55,,
29/01/2020,18:00,內蒙古自治區,16,,
29/01/2020,18:00,浙江省,296,,
29/01/2020,18:00,河南省,206,,
29/01/2020,18:00,河北省,48,,
29/01/2020,18:00,海南省,43,,
29/01/2020,18:00,吉林省,9,,
29/01/2020,18:00,山西省,27,,
29/01/2020,18:00,寧夏回族自治區,12,,
29/01/2020,18:00,江蘇省,99,,
29/01/2020,18:00,新疆自治區,13,,
29/01/2020,18:00,青海省,6,,
29/01/2020,23:59,湖北省,4586,,
30/01/2020,9:00,北京巿,111,,
30/01/2020,9:00,遼寧省,39,,
30/01/2020,9:00,安徽省,152,,
30/01/2020,9:00,重慶巿,165,,
30/01/2020,9:00,陝西省,56,,
30/01/2020,9:00,天津巿,27,,
30/01/2020,9:00,福建省,84,,
30/01/2020,9:00,湖南省,221,,
30/01/2020,9:00,四川省,108,,
30/01/2020,9:00,甘肅省,24,,
30/01/2020,9:00,黑龍江省,39,,
30/01/2020,9:00,江西省,162,,
30/01/2020,9:00,廣東省,272,,
30/01/2020,9:00,貴州省,9,,
30/01/2020,9:00,上海巿,96,,
30/01/2020,9:00,山東省,130,,
30/01/2020,9:00,廣西壯族自治區,58,,
30/01/2020,9:00,雲南省,55,,
30/01/2020,9:00,內蒙古自治區,16,,
30/01/2020,9:00,浙江省,296,,
30/01/2020,9:00,河南省,206,,
30/01/2020,9:00,河北省,48,,
30/01/2020,9:00,海南省,45,,
30/01/2020,9:00,吉林省,9,,
30/01/2020,9:00,山西省,35,,
30/01/2020,9:00,寧夏回族自治區,12,,
30/01/2020,9:00,江蘇省,99,,
30/01/2020,9:00,新疆自治區,13,,
30/01/2020,9:00,青海省,6,,
30/01/2020,18:00,北京巿,114,,
30/01/2020,18:00,遼寧省,41,,
30/01/2020,18:00,安徽省,200,,
30/01/2020,18:00,重慶巿,182,,
30/01/2020,18:00,陝西省,63,,
30/01/2020,18:00,天津巿,29,,
30/01/2020,18:00,福建省,101,,
30/01/2020,18:00,湖南省,277,,
30/01/2020,18:00,四川省,142,,
30/01/2020,18:00,甘肅省,26,,
30/01/2020,18:00,黑龍江省,43,,
30/01/2020,18:00,江西省,162,,
30/01/2020,18:00,廣東省,354,,
30/01/2020,18:00,貴州省,12,,
30/01/2020,18:00,上海巿,112,,
30/01/2020,18:00,山東省,158,,
30/01/2020,18:00,廣西壯族自治區,78,,
30/01/2020,18:00,雲南省,70,,
30/01/2020,18:00,內蒙古自治區,18,,
30/01/2020,18:00,浙江省,428,,
30/01/2020,18:00,河南省,278,,
30/01/2020,18:00,河北省,65,,
30/01/2020,18:00,海南省,46,,
30/01/2020,18:00,吉林省,14,,
30/01/2020,18:00,山西省,35,,
30/01/2020,18:00,寧夏回族自治區,17,,
30/01/2020,18:00,江蘇省,129,,
30/01/2020,18:00,新疆自治區,14,,
30/01/2020,18:00,青海省,6,,
30/01/2020,18:00,西藏自治區,1,,
30/01/2020,23:59,湖北省,5806,,
31/01/2020,9:00,北京巿,121,,
31/01/2020,9:00,遼寧省,45,,
31/01/2020,9:00,安徽省,200,,
31/01/2020,9:00,重慶巿,206,,
31/01/2020,9:00,陝西省,63,,
31/01/2020,9:00,天津巿,31,,
31/01/2020,9:00,福建省,101,,
31/01/2020,9:00,湖南省,277,,
31/01/2020,9:00,四川省,177,,
31/01/2020,9:00,甘肅省,29,,
31/01/2020,9:00,黑龍江省,44,,
31/01/2020,9:00,江西省,162,,
31/01/2020,9:00,廣東省,393,,
31/01/2020,9:00,貴州省,12,,
31/01/2020,9:00,上海巿,128,,
31/01/2020,9:00,山東省,158,,
31/01/2020,9:00,廣西壯族自治區,87,,
31/01/2020,9:00,雲南省,76,,
31/01/2020,9:00,內蒙古自治區,18,,
31/01/2020,9:00,浙江省,428,,
31/01/2020,9:00,河南省,278,,
31/01/2020,9:00,河北省,65,,
31/01/2020,9:00,海南省,50,,
31/01/2020,9:00,吉林省,14,,
31/01/2020,9:00,山西省,39,,
31/01/2020,9:00,寧夏回族自治區,17,,
31/01/2020,9:00,江蘇省,129,,
31/01/2020,9:00,新疆自治區,14,,
31/01/2020,9:00,青海省,8,,
31/01/2020,9:00,西藏自治區,1,,
31/01/2020,18:00,北京巿,139,,
31/01/2020,18:00,遼寧省,48,,
31/01/2020,18:00,安徽省,237,,
31/01/2020,18:00,重慶巿,211,,
31/01/2020,18:00,陝西省,87,,
31/01/2020,18:00,天津巿,32,,
31/01/2020,18:00,福建省,120,,
31/01/2020,18:00,湖南省,332,,
31/01/2020,18:00,四川省,177,,
31/01/2020,18:00,甘肅省,29,,
31/01/2020,18:00,黑龍江省,59,,
31/01/2020,18:00,江西省,240,,
31/01/2020,18:00,廣東省,436,,
31/01/2020,18:00,貴州省,29,,
31/01/2020,18:00,上海巿,135,,
31/01/2020,18:00,山東省,184,,
31/01/2020,18:00,廣西壯族自治區,87,,
31/01/2020,18:00,雲南省,83,,
31/01/2020,18:00,內蒙古自治區,20,,
31/01/2020,18:00,浙江省,537,,
31/01/2020,18:00,河南省,352,,
31/01/2020,18:00,河北省,82,,
31/01/2020,18:00,海南省,52,,
31/01/2020,18:00,吉林省,14,,
31/01/2020,18:00,山西省,39,,
31/01/2020,18:00,寧夏回族自治區,21,,
31/01/2020,18:00,江蘇省,168,,
31/01/2020,18:00,新疆自治區,17,,
31/01/2020,18:00,青海省,8,,
31/01/2020,18:00,西藏自治區,1,,
31/01/2020,23:59,湖北省,7153,,
01/02/2020,9:00,北京巿,139,,
01/02/2020,9:00,遼寧省,60,,
01/02/2020,9:00,安徽省,237,,
01/02/2020,9:00,重慶巿,238,,
01/02/2020,9:00,陝西省,87,,
01/02/2020,9:00,天津巿,32,,
01/02/2020,9:00,福建省,120,,
01/02/2020,9:00,湖南省,332,,
01/02/2020,9:00,四川省,207,,
01/02/2020,9:00,甘肅省,35,,
01/02/2020,9:00,黑龍江省,59,,
01/02/2020,9:00,江西省,286,,
01/02/2020,9:00,廣東省,520,,
01/02/2020,9:00,貴州省,29,,
01/02/2020,9:00,上海巿,153,,
01/02/2020,9:00,山東省,202,,
01/02/2020,9:00,廣西壯族自治區,100,,
01/02/2020,9:00,雲南省,83,,
01/02/2020,9:00,內蒙古自治區,20,,
01/02/2020,9:00,浙江省,537,,
01/02/2020,9:00,河南省,422,,
01/02/2020,9:00,河北省,96,,
01/02/2020,9:00,海南省,58,,
01/02/2020,9:00,吉林省,14,,
01/02/2020,9:00,山西省,47,,
01/02/2020,9:00,寧夏回族自治區,21,,
01/02/2020,9:00,江蘇省,168,,
01/02/2020,9:00,新疆自治區,17,,
01/02/2020,9:00,青海省,8,,
01/02/2020,9:00,西藏自治區,1,,
01/02/2020,18:00,北京巿,156,,
01/02/2020,18:00,遼寧省,63,,
01/02/2020,18:00,安徽省,297,,
01/02/2020,18:00,重慶巿,247,,
01/02/2020,18:00,陝西省,101,,
01/02/2020,18:00,天津巿,37,,
01/02/2020,18:00,福建省,144,,
01/02/2020,18:00,湖南省,389,,
01/02/2020,18:00,四川省,207,,
01/02/2020,18:00,甘肅省,35,,
01/02/2020,18:00,黑龍江省,80,,
01/02/2020,18:00,江西省,286,,
01/02/2020,18:00,廣東省,535,,
01/02/2020,18:00,貴州省,29,,
01/02/2020,18:00,上海巿,169,,
01/02/2020,18:00,山東省,206,,
01/02/2020,18:00,廣西壯族自治區,100,,
01/02/2020,18:00,雲南省,91,,
01/02/2020,18:00,內蒙古自治區,23,,
01/02/2020,18:00,浙江省,599,,
01/02/2020,18:00,河南省,422,,
01/02/2020,18:00,河北省,96,,
01/02/2020,18:00,海南省,60,,
01/02/2020,18:00,吉林省,17,,
01/02/2020,18:00,山西省,47,,
01/02/2020,18:00,寧夏回族自治區,26,,
01/02/2020,18:00,江蘇省,202,,
01/02/2020,18:00,新疆自治區,18,,
01/02/2020,18:00,青海省,9,,
01/02/2020,18:00,西藏自治區,1,,
01/02/2020,23:59,湖北省,9074,,
02/02/2020,9:00,北京巿,168,,
02/02/2020,9:00,遼寧省,64,,
02/02/2020,9:00,安徽省,297,,
02/02/2020,9:00,重慶巿,262,,
02/02/2020,9:00,陝西省,101,,
02/02/2020,9:00,天津巿,41,,
02/02/2020,9:00,福建省,144,,
02/02/2020,9:00,湖南省,389,,
02/02/2020,9:00,四川省,231,,
02/02/2020,9:00,甘肅省,40,,
02/02/2020,9:00,黑龍江省,80,,
02/02/2020,9:00,江西省,286,,
02/02/2020,9:00,廣東省,604,,
02/02/2020,9:00,貴州省,38,,
02/02/2020,9:00,上海巿,177,,
02/02/2020,9:00,山東省,206,,
02/02/2020,9:00,廣西壯族自治區,111,,
02/02/2020,9:00,雲南省,93,,
02/02/2020,9:00,內蒙古自治區,23,,
02/02/2020,9:00,浙江省,599,,
02/02/2020,9:00,河南省,493,,
02/02/2020,9:00,河北省,104,,
02/02/2020,9:00,海南省,63,,
02/02/2020,9:00,吉林省,17,,
02/02/2020,9:00,山西省,56,,
02/02/2020,9:00,寧夏回族自治區,26,,
02/02/2020,9:00,江蘇省,202,,
02/02/2020,9:00,新疆自治區,18,,
02/02/2020,9:00,青海省,9,,
02/02/2020,9:00,西藏自治區,1,,
02/02/2020,18:00,北京巿,191,,
02/02/2020,18:00,遼寧省,69,,
02/02/2020,18:00,安徽省,340,,
02/02/2020,18:00,重慶巿,275,,
02/02/2020,18:00,陝西省,116,,
02/02/2020,18:00,天津巿,48,,
02/02/2020,18:00,福建省,159,,
02/02/2020,18:00,湖南省,463,,
02/02/2020,18:00,四川省,231,,
02/02/2020,18:00,甘肅省,40,,
02/02/2020,18:00,黑龍江省,95,,
02/02/2020,18:00,江西省,333,,
02/02/2020,18:00,廣東省,632,,
02/02/2020,18:00,貴州省,38,,
02/02/2020,18:00,上海巿,182,,
02/02/2020,18:00,山東省,230,,
02/02/2020,18:00,廣西壯族自治區,111,,
02/02/2020,18:00,雲南省,99,,
02/02/2020,18:00,內蒙古自治區,27,,
02/02/2020,18:00,浙江省,661,,
02/02/2020,18:00,河南省,493,,
02/02/2020,18:00,河北省,104,,
02/02/2020,18:00,海南省,64,,
02/02/2020,18:00,吉林省,23,,
02/02/2020,18:00,山西省,56,,
02/02/2020,18:00,寧夏回族自治區,28,,
02/02/2020,18:00,江蘇省,236,,
02/02/2020,18:00,新疆自治區,21,,
02/02/2020,18:00,青海省,11,,
02/02/2020,18:00,西藏自治區,1,,
02/02/2020,23:59,湖北省,11177,,
03/02/2020,9:00,北京巿,191,,
03/02/2020,9:00,遼寧省,70,,
03/02/2020,9:00,安徽省,408,,
03/02/2020,9:00,重慶巿,300,,
03/02/2020,9:00,陝西省,116,,
03/02/2020,9:00,天津巿,48,,
03/02/2020,9:00,福建省,159,,
03/02/2020,9:00,湖南省,463,,
03/02/2020,9:00,四川省,254,,
03/02/2020,9:00,甘肅省,51,,
03/02/2020,9:00,黑龍江省,118,,
03/02/2020,9:00,江西省,391,,
03/02/2020,9:00,廣東省,683,,
03/02/2020,9:00,貴州省,46,,
03/02/2020,9:00,上海巿,193,,
03/02/2020,9:00,山東省,246,,
03/02/2020,9:00,廣西壯族自治區,127,,
03/02/2020,9:00,雲南省,105,,
03/02/2020,9:00,內蒙古自治區,27,,
03/02/2020,9:00,浙江省,724,,
03/02/2020,9:00,河南省,566,,
03/02/2020,9:00,河北省,113,,
03/02/2020,9:00,海南省,71,,
03/02/2020,9:00,吉林省,31,,
03/02/2020,9:00,山西省,66,,
03/02/2020,9:00,寧夏回族自治區,28,,
03/02/2020,9:00,江蘇省,271,,
03/02/2020,9:00,新疆自治區,24,,
03/02/2020,9:00,青海省,11,,
03/02/2020,9:00,西藏自治區,1,,
03/02/2020,18:00,北京巿,212,,
03/02/2020,18:00,遼寧省,73,,
03/02/2020,18:00,安徽省,408,,
03/02/2020,18:00,重慶巿,312,,
03/02/2020,18:00,陝西省,128,,
03/02/2020,18:00,天津巿,56,,
03/02/2020,18:00,福建省,179,,
03/02/2020,18:00,湖南省,521,,
03/02/2020,18:00,四川省,254,,
03/02/2020,18:00,甘肅省,51,,
03/02/2020,18:00,黑龍江省,121,,
03/02/2020,18:00,江西省,391,,
03/02/2020,18:00,廣東省,725,,
03/02/2020,18:00,貴州省,46,,
03/02/2020,18:00,上海巿,203,,
03/02/2020,18:00,山東省,259,,
03/02/2020,18:00,廣西壯族自治區,127,,
03/02/2020,18:00,雲南省,114,,
03/02/2020,18:00,內蒙古自治區,34,,
03/02/2020,18:00,浙江省,724,,
03/02/2020,18:00,河南省,566,,
03/02/2020,18:00,河北省,113,,
03/02/2020,18:00,海南省,71,,
03/02/2020,18:00,吉林省,31,,
03/02/2020,18:00,山西省,66,,
03/02/2020,18:00,寧夏回族自治區,31,,
03/02/2020,18:00,江蘇省,271,,
03/02/2020,18:00,新疆自治區,24,,
03/02/2020,18:00,青海省,13,,
03/02/2020,18:00,西藏自治區,1,,
03/02/2020,23:59,湖北省,13522,,
04/02/2020,9:00,北京巿,212,,
04/02/2020,9:00,遼寧省,74,,
04/02/2020,9:00,安徽省,480,,
04/02/2020,9:00,重慶巿,337,,
04/02/2020,9:00,陝西省,128,,
04/02/2020,9:00,天津巿,60,,
04/02/2020,9:00,福建省,179,,
04/02/2020,9:00,湖南省,521,,
04/02/2020,9:00,四川省,254,,
04/02/2020,9:00,甘肅省,55,,
04/02/2020,9:00,黑龍江省,155,,
04/02/2020,9:00,江西省,391,,
04/02/2020,9:00,廣東省,797,,
04/02/2020,9:00,貴州省,46,,
04/02/2020,9:00,上海巿,208,,
04/02/2020,9:00,山東省,259,,
04/02/2020,9:00,廣西壯族自治區,139,,
04/02/2020,9:00,雲南省,117,,
04/02/2020,9:00,內蒙古自治區,34,,
04/02/2020,9:00,浙江省,724,,
04/02/2020,9:00,河南省,675,,
04/02/2020,9:00,河北省,126,,
04/02/2020,9:00,海南省,79,,
04/02/2020,9:00,吉林省,42,,
04/02/2020,9:00,山西省,74,,
04/02/2020,9:00,寧夏回族自治區,31,,
04/02/2020,9:00,江蘇省,271,,
04/02/2020,9:00,新疆自治區,24,,
04/02/2020,9:00,青海省,13,,
04/02/2020,9:00,西藏自治區,1,,
04/02/2020,18:00,北京巿,228,,
04/02/2020,18:00,遼寧省,77,,
04/02/2020,18:00,安徽省,480,,
04/02/2020,18:00,重慶巿,344,,
04/02/2020,18:00,陝西省,142,,
04/02/2020,18:00,天津巿,66,,
04/02/2020,18:00,福建省,194,,
04/02/2020,18:00,湖南省,593,,
04/02/2020,18:00,四川省,282,,
04/02/2020,18:00,甘肅省,55,,
04/02/2020,18:00,黑龍江省,155,,
04/02/2020,18:00,江西省,476,,
04/02/2020,18:00,廣東省,813,,
04/02/2020,18:00,貴州省,56,,
04/02/2020,18:00,上海巿,219,,
04/02/2020,18:00,山東省,275,,
04/02/2020,18:00,廣西壯族自治區,139,,
04/02/2020,18:00,雲南省,119,,
04/02/2020,18:00,內蒙古自治區,35,,
04/02/2020,18:00,浙江省,829,,
04/02/2020,18:00,河南省,675,,
04/02/2020,18:00,河北省,126,,
04/02/2020,18:00,海南省,80,,
04/02/2020,18:00,吉林省,42,,
04/02/2020,18:00,山西省,74,,
04/02/2020,18:00,寧夏回族自治區,34,,
04/02/2020,18:00,江蘇省,308,,
04/02/2020,18:00,新疆自治區,29,,
04/02/2020,18:00,青海省,15,,
04/02/2020,18:00,西藏自治區,1,,
04/02/2020,23:59,湖北省,16678,,
05/02/2020,9:00,北京巿,228,,
05/02/2020,9:00,遼寧省,81,,
05/02/2020,9:00,安徽省,480,,
05/02/2020,9:00,重慶巿,366,,
05/02/2020,9:00,陝西省,142,,
05/02/2020,9:00,天津巿,67,,
05/02/2020,9:00,福建省,194,,
05/02/2020,9:00,湖南省,593,,
05/02/2020,9:00,四川省,301,,
05/02/2020,9:00,甘肅省,57,,
05/02/2020,9:00,黑龍江省,190,,
05/02/2020,9:00,江西省,476,,
05/02/2020,9:00,廣東省,870,,
05/02/2020,9:00,貴州省,64,,
05/02/2020,9:00,上海巿,233,,
05/02/2020,9:00,山東省,298,,
05/02/2020,9:00,廣西壯族自治區,150,,
05/02/2020,9:00,雲南省,122,,
05/02/2020,9:00,內蒙古自治區,35,,
05/02/2020,9:00,浙江省,829,,
05/02/2020,9:00,河南省,764,,
05/02/2020,9:00,河北省,135,,
05/02/2020,9:00,海南省,80,,
05/02/2020,9:00,吉林省,54,,
05/02/2020,9:00,山西省,81,,
05/02/2020,9:00,寧夏回族自治區,34,,
05/02/2020,9:00,江蘇省,308,,
05/02/2020,9:00,新疆自治區,29,,
05/02/2020,9:00,青海省,15,,
05/02/2020,9:00,西藏自治區,1,,
05/02/2020,18:00,北京巿,253,,
05/02/2020,18:00,遼寧省,81,,
05/02/2020,18:00,安徽省,530,,
05/02/2020,18:00,重慶巿,376,,
05/02/2020,18:00,陝西省,165,,
05/02/2020,18:00,天津巿,69,,
05/02/2020,18:00,福建省,205,,
05/02/2020,18:00,湖南省,661,,
05/02/2020,18:00,四川省,301,,
05/02/2020,18:00,甘肅省,57,,
05/02/2020,18:00,黑龍江省,190,,
05/02/2020,18:00,江西省,548,,
05/02/2020,18:00,廣東省,895,,
05/02/2020,18:00,貴州省,64,,
05/02/2020,18:00,上海巿,243,,
05/02/2020,18:00,山東省,307,,
05/02/2020,18:00,廣西壯族自治區,150,,
05/02/2020,18:00,雲南省,124,,
05/02/2020,18:00,內蒙古自治區,42,,
05/02/2020,18:00,浙江省,895,,
05/02/2020,18:00,河南省,764,,
05/02/2020,18:00,河北省,135,,
05/02/2020,18:00,海南省,91,,
05/02/2020,18:00,吉林省,54,,
05/02/2020,18:00,山西省,81,,
05/02/2020,18:00,寧夏回族自治區,34,,
05/02/2020,18:00,江蘇省,341,,
05/02/2020,18:00,新疆自治區,32,,
05/02/2020,18:00,青海省,17,,
05/02/2020,18:00,西藏自治區,1,,
05/02/2020,23:59,湖北省,19665,,
06/02/2020,9:00,北京巿,253,,
06/02/2020,9:00,遼寧省,89,,
06/02/2020,9:00,安徽省,591,,
06/02/2020,9:00,重慶巿,389,,
06/02/2020,9:00,陝西省,165,,
06/02/2020,9:00,天津巿,73,,
06/02/2020,9:00,福建省,205,,
06/02/2020,9:00,湖南省,711,,
06/02/2020,9:00,四川省,321,,
06/02/2020,9:00,甘肅省,62,,
06/02/2020,9:00,黑龍江省,227,,
06/02/2020,9:00,江西省,548,,
06/02/2020,9:00,廣東省,944,,
06/02/2020,9:00,貴州省,69,,
06/02/2020,9:00,上海巿,254,,
06/02/2020,9:00,山東省,343,,
06/02/2020,9:00,廣西壯族自治區,168,,
06/02/2020,9:00,雲南省,128,,
06/02/2020,9:00,內蒙古自治區,42,,
06/02/2020,9:00,浙江省,895,,
06/02/2020,9:00,河南省,851,,
06/02/2020,9:00,河北省,157,,
06/02/2020,9:00,海南省,105,,
06/02/2020,9:00,吉林省,59,,
06/02/2020,9:00,山西省,90,,
06/02/2020,9:00,寧夏回族自治區,34,,
06/02/2020,9:00,江蘇省,373,,
06/02/2020,9:00,新疆自治區,32,,
06/02/2020,9:00,青海省,17,,
06/02/2020,9:00,西藏自治區,1,,
06/02/2020,18:00,北京巿,274,,
06/02/2020,18:00,遼寧省,89,,
06/02/2020,18:00,安徽省,591,,
06/02/2020,18:00,重慶巿,400,,
06/02/2020,18:00,陝西省,173,,
06/02/2020,18:00,天津巿,78,,
06/02/2020,18:00,福建省,215,,
06/02/2020,18:00,湖南省,711,,
06/02/2020,18:00,四川省,321,,
06/02/2020,18:00,甘肅省,62,,
06/02/2020,18:00,黑龍江省,227,,
06/02/2020,18:00,江西省,600,,
06/02/2020,18:00,廣東省,970,,
06/02/2020,18:00,貴州省,71,,
06/02/2020,18:00,上海巿,257,,
06/02/2020,18:00,山東省,347,,
06/02/2020,18:00,廣西壯族自治區,168,,
06/02/2020,18:00,雲南省,133,,
06/02/2020,18:00,內蒙古自治區,46,,
06/02/2020,18:00,浙江省,954,,
06/02/2020,18:00,河南省,851,,
06/02/2020,18:00,河北省,157,,
06/02/2020,18:00,海南省,106,,
06/02/2020,18:00,吉林省,59,,
06/02/2020,18:00,山西省,90,,
06/02/2020,18:00,寧夏回族自治區,40,,
06/02/2020,18:00,江蘇省,373,,
06/02/2020,18:00,新疆自治區,36,,
06/02/2020,18:00,青海省,18,,
06/02/2020,18:00,西藏自治區,1,,
06/02/2020,23:59,湖北省,22112,,
07/02/2020,9:00,北京巿,274,,
07/02/2020,9:00,遼寧省,94,,
07/02/2020,9:00,安徽省,591,,
07/02/2020,9:00,重慶巿,411,,
07/02/2020,9:00,陝西省,173,,
07/02/2020,9:00,天津巿,79,,
07/02/2020,9:00,福建省,215,,
07/02/2020,9:00,湖南省,711,,
07/02/2020,9:00,四川省,344,,
07/02/2020,9:00,甘肅省,67,,
07/02/2020,9:00,黑龍江省,227,,
07/02/2020,9:00,江西省,600,,
07/02/2020,9:00,廣東省,1018,,
07/02/2020,9:00,貴州省,71,,
07/02/2020,9:00,上海巿,269,,
07/02/2020,9:00,山東省,379,,
07/02/2020,9:00,廣西壯族自治區,172,,
07/02/2020,9:00,雲南省,135,,
07/02/2020,9:00,內蒙古自治區,46,,
07/02/2020,9:00,浙江省,954,,
07/02/2020,9:00,河南省,914,,
07/02/2020,9:00,河北省,171,,
07/02/2020,9:00,海南省,114,,
07/02/2020,9:00,吉林省,65,,
07/02/2020,9:00,山西省,96,,
07/02/2020,9:00,寧夏回族自治區,40,,
07/02/2020,9:00,江蘇省,373,,
07/02/2020,9:00,新疆自治區,36,,
07/02/2020,9:00,青海省,18,,
07/02/2020,9:00,西藏自治區,1,,
07/02/2020,18:00,北京巿,297,,
07/02/2020,18:00,遼寧省,95,,
07/02/2020,18:00,安徽省,665,,
07/02/2020,18:00,重慶巿,415,,
07/02/2020,18:00,陝西省,184,,
07/02/2020,18:00,天津巿,81,,
07/02/2020,18:00,福建省,224,,
07/02/2020,18:00,湖南省,772,,
07/02/2020,18:00,四川省,344,,
07/02/2020,18:00,甘肅省,67,,
07/02/2020,18:00,黑龍江省,277,,
07/02/2020,18:00,江西省,661,,
07/02/2020,18:00,廣東省,1034,,
07/02/2020,18:00,貴州省,77,,
07/02/2020,18:00,上海巿,277,,
07/02/2020,18:00,山東省,386,,
07/02/2020,18:00,廣西壯族自治區,172,,
07/02/2020,18:00,雲南省,136,,
07/02/2020,18:00,內蒙古自治區,50,,
07/02/2020,18:00,浙江省,1006,,
07/02/2020,18:00,河南省,914,,
07/02/2020,18:00,河北省,172,,
07/02/2020,18:00,海南省,115,,
07/02/2020,18:00,吉林省,65,,
07/02/2020,18:00,山西省,96,,
07/02/2020,18:00,寧夏回族自治區,43,,
07/02/2020,18:00,江蘇省,408,,
07/02/2020,18:00,新疆自治區,39,,
07/02/2020,18:00,青海省,18,,
07/02/2020,18:00,西藏自治區,1,,
07/02/2020,23:59,湖北省,24953,,
08/02/2020,9:00,北京巿,297,,
08/02/2020,9:00,遼寧省,99,,
08/02/2020,9:00,安徽省,733,,
08/02/2020,9:00,重慶巿,426,,
08/02/2020,9:00,陝西省,184,,
08/02/2020,9:00,天津巿,81,,
08/02/2020,9:00,福建省,224,,
08/02/2020,9:00,湖南省,772,,
08/02/2020,9:00,四川省,344,,
08/02/2020,9:00,甘肅省,71,,
08/02/2020,9:00,黑龍江省,277,,
08/02/2020,9:00,江西省,661,,
08/02/2020,9:00,廣東省,1075,,
08/02/2020,9:00,貴州省,81,,
08/02/2020,9:00,上海巿,281,,
08/02/2020,9:00,山東省,407,,
08/02/2020,9:00,廣西壯族自治區,183,,
08/02/2020,9:00,雲南省,138,,
08/02/2020,9:00,內蒙古自治區,50,,
08/02/2020,9:00,浙江省,1006,,
08/02/2020,9:00,河南省,981,,
08/02/2020,9:00,河北省,195,,
08/02/2020,9:00,海南省,124,,
08/02/2020,9:00,吉林省,69,,
08/02/2020,9:00,山西省,104,,
08/02/2020,9:00,寧夏回族自治區,43,,
08/02/2020,9:00,江蘇省,408,,
08/02/2020,9:00,新疆自治區,39,,
08/02/2020,9:00,青海省,18,,
08/02/2020,9:00,西藏自治區,1,,
08/02/2020,18:00,北京巿,315,,
08/02/2020,18:00,遼寧省,103,,
08/02/2020,18:00,安徽省,733,,
08/02/2020,18:00,重慶巿,428,,
08/02/2020,18:00,陝西省,195,,
08/02/2020,18:00,天津巿,88,,
08/02/2020,18:00,福建省,239,,
08/02/2020,18:00,湖南省,803,,
08/02/2020,18:00,四川省,363,,
08/02/2020,18:00,甘肅省,71,,
08/02/2020,18:00,黑龍江省,295,,
08/02/2020,18:00,江西省,698,,
08/02/2020,18:00,廣東省,1095,,
08/02/2020,18:00,貴州省,89,,
08/02/2020,18:00,上海巿,286,,
08/02/2020,18:00,山東省,416,,
08/02/2020,18:00,廣西壯族自治區,183,,
08/02/2020,18:00,雲南省,138,,
08/02/2020,18:00,內蒙古自治區,52,,
08/02/2020,18:00,浙江省,1048,,
08/02/2020,18:00,河南省,981,,
08/02/2020,18:00,河北省,195,,
08/02/2020,18:00,海南省,124,,
08/02/2020,18:00,吉林省,69,,
08/02/2020,18:00,山西省,104,,
08/02/2020,18:00,寧夏回族自治區,45,,
08/02/2020,18:00,江蘇省,439,,
08/02/2020,18:00,新疆自治區,42,,
08/02/2020,18:00,青海省,18,,
08/02/2020,18:00,西藏自治區,1,,
08/02/2020,23:59,湖北省,27100,,
09/02/2020,9:00,北京巿,315,,
09/02/2020,9:00,遼寧省,105,,
09/02/2020,9:00,安徽省,733,,
09/02/2020,9:00,重慶巿,446,,
09/02/2020,9:00,陝西省,195,,
09/02/2020,9:00,天津巿,88,,
09/02/2020,9:00,福建省,239,,
09/02/2020,9:00,湖南省,838,,
09/02/2020,9:00,四川省,386,,
09/02/2020,9:00,甘肅省,79,,
09/02/2020,9:00,黑龍江省,307,,
09/02/2020,9:00,江西省,698,,
09/02/2020,9:00,廣東省,1120,,
09/02/2020,9:00,貴州省,89,,
09/02/2020,9:00,上海巿,292,,
09/02/2020,9:00,山東省,416,,
09/02/2020,9:00,廣西壯族自治區,195,,
09/02/2020,9:00,雲南省,140,,
09/02/2020,9:00,內蒙古自治區,52,,
09/02/2020,9:00,浙江省,1048,,
09/02/2020,9:00,河南省,1033,,
09/02/2020,9:00,河北省,206,,
09/02/2020,9:00,海南省,128,,
09/02/2020,9:00,吉林省,78,,
09/02/2020,9:00,山西省,115,,
09/02/2020,9:00,寧夏回族自治區,45,,
09/02/2020,9:00,江蘇省,468,,
09/02/2020,9:00,新疆自治區,45,,
09/02/2020,9:00,青海省,18,,
09/02/2020,9:00,西藏自治區,1,,
09/02/2020,18:00,北京巿,326,,
09/02/2020,18:00,遼寧省,105,,
09/02/2020,18:00,安徽省,779,,
09/02/2020,18:00,重慶巿,450,,
09/02/2020,18:00,陝西省,208,,
09/02/2020,18:00,天津巿,90,,
09/02/2020,18:00,福建省,250,,
09/02/2020,18:00,湖南省,838,,
09/02/2020,18:00,四川省,386,,
09/02/2020,18:00,甘肅省,79,,
09/02/2020,18:00,黑龍江省,307,,
09/02/2020,18:00,江西省,740,,
09/02/2020,18:00,廣東省,1131,,
09/02/2020,18:00,貴州省,99,,
09/02/2020,18:00,上海巿,293,,
09/02/2020,18:00,山東省,444,,
09/02/2020,18:00,廣西壯族自治區,195,,
09/02/2020,18:00,雲南省,141,,
09/02/2020,18:00,內蒙古自治區,54,,
09/02/2020,18:00,浙江省,1075,,
09/02/2020,18:00,河南省,1033,,
09/02/2020,18:00,河北省,206,,
09/02/2020,18:00,海南省,130,,
09/02/2020,18:00,吉林省,78,,
09/02/2020,18:00,山西省,115,,
09/02/2020,18:00,寧夏回族自治區,45,,
09/02/2020,18:00,江蘇省,468,,
09/02/2020,18:00,新疆自治區,45,,
09/02/2020,18:00,青海省,18,,
09/02/2020,18:00,西藏自治區,1,,
09/02/2020,23:59,湖北省,29631,871,
10/02/2020,9:00,北京巿,326,,
10/02/2020,9:00,遼寧省,107,,
10/02/2020,9:00,安徽省,779,,
10/02/2020,9:00,重慶巿,468,,
10/02/2020,9:00,陝西省,208,,
10/02/2020,9:00,天津巿,91,,
10/02/2020,9:00,福建省,250,,
10/02/2020,9:00,湖南省,838,,
10/02/2020,9:00,四川省,405,,
10/02/2020,9:00,甘肅省,83,,
10/02/2020,9:00,黑龍江省,331,,
10/02/2020,9:00,江西省,740,,
10/02/2020,9:00,廣東省,1151,,
10/02/2020,9:00,貴州省,99,,
10/02/2020,9:00,上海巿,295,,
10/02/2020,9:00,山東省,459,,
10/02/2020,9:00,廣西壯族自治區,210,,
10/02/2020,9:00,雲南省,141,,
10/02/2020,9:00,內蒙古自治區,54,,
10/02/2020,9:00,浙江省,1075,,
10/02/2020,9:00,河南省,1073,,
10/02/2020,9:00,河北省,218,,
10/02/2020,9:00,海南省,136,,
10/02/2020,9:00,吉林省,80,,
10/02/2020,9:00,山西省,119,,
10/02/2020,9:00,寧夏回族自治區,45,,
10/02/2020,9:00,江蘇省,468,,
10/02/2020,9:00,新疆自治區,49,,
10/02/2020,9:00,青海省,18,,
10/02/2020,9:00,西藏自治區,1,,
10/02/2020,18:00,北京巿,337,2,
10/02/2020,18:00,遼寧省,108,0,
10/02/2020,18:00,安徽省,830,3,
10/02/2020,18:00,重慶巿,473,2,
10/02/2020,18:00,陝西省,213,0,
10/02/2020,18:00,天津巿,94,1,
10/02/2020,18:00,福建省,261,0,
10/02/2020,18:00,湖南省,879,1,
10/02/2020,18:00,四川省,405,1,
10/02/2020,18:00,甘肅省,83,2,
10/02/2020,18:00,黑龍江省,331,7,
10/02/2020,18:00,江西省,771,1,
10/02/2020,18:00,廣東省,1159,1,
10/02/2020,18:00,貴州省,109,1,
10/02/2020,18:00,上海巿,299,1,
10/02/2020,18:00,山東省,466,1,
10/02/2020,18:00,廣西壯族自治區,210,1,
10/02/2020,18:00,雲南省,149,0,
10/02/2020,18:00,內蒙古自治區,58,0,
10/02/2020,18:00,浙江省,1092,0,
10/02/2020,18:00,河南省,1073,6,
10/02/2020,18:00,河北省,218,2,
10/02/2020,18:00,海南省,138,3,
10/02/2020,18:00,吉林省,80,1,
10/02/2020,18:00,山西省,119,0,
10/02/2020,18:00,寧夏回族自治區,49,0,
10/02/2020,18:00,江蘇省,492,0,
10/02/2020,18:00,新疆自治區,49,0,
10/02/2020,18:00,青海省,18,0,
10/02/2020,18:00,西藏自治區,1,0,
10/02/2020,23:59,湖北省,31728,974,
11/02/2020,9:00,北京巿,337,3,
11/02/2020,9:00,遼寧省,108,0,
11/02/2020,9:00,安徽省,860,4,
11/02/2020,9:00,重慶巿,486,2,
11/02/2020,9:00,陝西省,213,0,
11/02/2020,9:00,天津巿,95,2,
11/02/2020,9:00,福建省,261,0,
11/02/2020,9:00,湖南省,879,1,
11/02/2020,9:00,四川省,405,1,
11/02/2020,9:00,甘肅省,86,2,
11/02/2020,9:00,黑龍江省,360,8,
11/02/2020,9:00,江西省,771,1,
11/02/2020,9:00,廣東省,1177,1,
11/02/2020,9:00,貴州省,109,1,
11/02/2020,9:00,上海巿,302,1,
11/02/2020,9:00,山東省,486,1,
11/02/2020,9:00,廣西壯族自治區,215,1,
11/02/2020,9:00,雲南省,149,0,
11/02/2020,9:00,內蒙古自治區,58,0,
11/02/2020,9:00,浙江省,1092,0,
11/02/2020,9:00,河南省,1105,7,
11/02/2020,9:00,河北省,239,2,
11/02/2020,9:00,海南省,138,3,
11/02/2020,9:00,吉林省,81,1,
11/02/2020,9:00,山西省,122,0,
11/02/2020,9:00,寧夏回族自治區,49,0,
11/02/2020,9:00,江蘇省,492,0,
11/02/2020,9:00,新疆自治區,55,0,
11/02/2020,9:00,青海省,18,0,
11/02/2020,9:00,西藏自治區,1,0,
11/02/2020,18:00,北京巿,342,3,
11/02/2020,18:00,遼寧省,108,0,
11/02/2020,18:00,安徽省,860,4,
11/02/2020,18:00,重慶巿,489,2,
11/02/2020,18:00,陝西省,219,0,
11/02/2020,18:00,天津巿,104,2,
11/02/2020,18:00,福建省,267,0,
11/02/2020,18:00,湖南省,912,1,
11/02/2020,18:00,四川省,417,1,
11/02/2020,18:00,甘肅省,86,2,
11/02/2020,18:00,黑龍江省,360,8,
11/02/2020,18:00,江西省,804,1,
11/02/2020,18:00,廣東省,1177,1,
11/02/2020,18:00,貴州省,118,1,
11/02/2020,18:00,上海巿,303,1,
11/02/2020,18:00,山東省,487,1,
11/02/2020,18:00,廣西壯族自治區,215,1,
11/02/2020,18:00,雲南省,149,0,
11/02/2020,18:00,內蒙古自治區,58,0,
11/02/2020,18:00,浙江省,1117,0,
11/02/2020,18:00,河南省,1105,7,
11/02/2020,18:00,河北省,239,2,
11/02/2020,18:00,海南省,142,3,
11/02/2020,18:00,吉林省,81,1,
11/02/2020,18:00,山西省,122,0,
11/02/2020,18:00,寧夏回族自治區,53,0,
11/02/2020,18:00,江蘇省,515,0,
11/02/2020,18:00,新疆自治區,55,0,
11/02/2020,18:00,青海省,18,0,
11/02/2020,18:00,西藏自治區,1,0,
11/02/2020,23:59,湖北省,33366,1068,
12/02/2020,9:00,北京巿,342,3,
12/02/2020,9:00,遼寧省,116,0,
12/02/2020,9:00,安徽省,889,4,
12/02/2020,9:00,重慶巿,505,3,
12/02/2020,9:00,陝西省,219,0,
12/02/2020,9:00,天津巿,106,2,
12/02/2020,9:00,福建省,272,0,
12/02/2020,9:00,湖南省,912,2,
12/02/2020,9:00,四川省,436,1,
12/02/2020,9:00,甘肅省,86,2,
12/02/2020,9:00,黑龍江省,378,8,
12/02/2020,9:00,江西省,804,1,
12/02/2020,9:00,廣東省,1219,1,
12/02/2020,9:00,貴州省,127,1,
12/02/2020,9:00,上海巿,306,1,
12/02/2020,9:00,山東省,487,1,
12/02/2020,9:00,廣西壯族自治區,222,1,
12/02/2020,9:00,雲南省,153,0,
12/02/2020,9:00,內蒙古自治區,58,0,
12/02/2020,9:00,浙江省,1117,0,
12/02/2020,9:00,河南省,1135,8,
12/02/2020,9:00,河北省,251,2,
12/02/2020,9:00,海南省,151,3,
12/02/2020,9:00,吉林省,83,1,
12/02/2020,9:00,山西省,124,0,
12/02/2020,9:00,寧夏回族自治區,53,0,
12/02/2020,9:00,江蘇省,515,0,
12/02/2020,9:00,新疆自治區,55,0,
12/02/2020,9:00,青海省,18,0,
12/02/2020,9:00,西藏自治區,1,0,
12/02/2020,18:00,北京巿,352,3,
12/02/2020,18:00,遼寧省,116,0,
12/02/2020,18:00,安徽省,889,4,
12/02/2020,18:00,重慶巿,509,3,
12/02/2020,18:00,陝西省,225,0,
12/02/2020,18:00,天津巿,110,2,
12/02/2020,18:00,福建省,272,0,
12/02/2020,18:00,湖南省,946,2,
12/02/2020,18:00,四川省,436,1,
12/02/2020,18:00,甘肅省,86,2,
12/02/2020,18:00,黑龍江省,378,8,
12/02/2020,18:00,江西省,844,1,
12/02/2020,18:00,廣東省,1219,1,
12/02/2020,18:00,貴州省,133,1,
12/02/2020,18:00,上海巿,311,1,
12/02/2020,18:00,山東省,497,2,
12/02/2020,18:00,廣西壯族自治區,222,1,
12/02/2020,18:00,雲南省,157,3,
12/02/2020,18:00,內蒙古自治區,60,0,
12/02/2020,18:00,浙江省,1131,0,
12/02/2020,18:00,河南省,1135,8,
12/02/2020,18:00,河北省,251,2,
12/02/2020,18:00,海南省,151,3,
12/02/2020,18:00,吉林省,83,1,
12/02/2020,18:00,山西省,124,0,
12/02/2020,18:00,寧夏回族自治區,58,0,
12/02/2020,18:00,江蘇省,543,0,
12/02/2020,18:00,新疆自治區,59,0,
12/02/2020,18:00,青海省,18,0,
12/02/2020,18:00,西藏自治區,1,0,
12/02/2020,23:59,湖北省,48206,1310,
13/02/2020,9:00,北京巿,352,3,
13/02/2020,9:00,遼寧省,116,1,
13/02/2020,9:00,安徽省,889,4,
13/02/2020,9:00,重慶巿,518,3,
13/02/2020,9:00,陝西省,225,0,
13/02/2020,9:00,天津巿,112,2,
13/02/2020,9:00,福建省,272,0,
13/02/2020,9:00,湖南省,946,2,
13/02/2020,9:00,四川省,436,1,
13/02/2020,9:00,甘肅省,87,2,
13/02/2020,9:00,黑龍江省,395,9,
13/02/2020,9:00,江西省,844,1,
13/02/2020,9:00,廣東省,1241,2,
13/02/2020,9:00,貴州省,133,1,
13/02/2020,9:00,上海巿,313,1,
13/02/2020,9:00,山東省,497,2,
13/02/2020,9:00,廣西壯族自治區,222,2,
13/02/2020,9:00,雲南省,154,0,
13/02/2020,9:00,內蒙古自治區,60,0,
13/02/2020,9:00,浙江省,1131,0,
13/02/2020,9:00,河南省,1135,8,
13/02/2020,9:00,河北省,265,3,
13/02/2020,9:00,海南省,157,4,
13/02/2020,9:00,吉林省,84,1,
13/02/2020,9:00,山西省,126,0,
13/02/2020,9:00,寧夏回族自治區,58,0,
13/02/2020,9:00,江蘇省,543,0,
13/02/2020,9:00,新疆自治區,59,0,
13/02/2020,9:00,青海省,18,0,
13/02/2020,9:00,西藏自治區,1,0,
13/02/2020,18:00,北京巿,366,3,
13/02/2020,18:00,遼寧省,116,1,
13/02/2020,18:00,安徽省,910,5,
13/02/2020,18:00,重慶巿,525,3,
13/02/2020,18:00,陝西省,229,0,
13/02/2020,18:00,天津巿,117,3,
13/02/2020,18:00,福建省,279,0,
13/02/2020,18:00,湖南省,968,2,
13/02/2020,18:00,四川省,451,1,
13/02/2020,18:00,甘肅省,87,2,
13/02/2020,18:00,黑龍江省,395,9,
13/02/2020,18:00,江西省,872,1,
13/02/2020,18:00,廣東省,1241,2,
13/02/2020,18:00,貴州省,135,1,
13/02/2020,18:00,上海巿,315,1,
13/02/2020,18:00,山東省,509,2,
13/02/2020,18:00,廣西壯族自治區,222,2,
13/02/2020,18:00,雲南省,156,0,
13/02/2020,18:00,內蒙古自治區,61,0,
13/02/2020,18:00,浙江省,1145,0,
13/02/2020,18:00,河南省,1169,10,
13/02/2020,18:00,河北省,265,3,
13/02/2020,18:00,海南省,157,4,
13/02/2020,18:00,吉林省,84,1,
13/02/2020,18:00,山西省,126,0,
13/02/2020,18:00,寧夏回族自治區,64,0,
13/02/2020,18:00,江蘇省,570,0,
13/02/2020,18:00,新疆自治區,63,1,
13/02/2020,18:00,青海省,18,0,
13/02/2020,18:00,西藏自治區,1,0,
13/02/2020,23:59,湖北省,51986,1318,
14/02/2020,9:00,北京巿,366,3,
14/02/2020,9:00,遼寧省,117,1,
14/02/2020,9:00,安徽省,910,5,
14/02/2020,9:00,重慶巿,525,3,
14/02/2020,9:00,陝西省,229,0,
14/02/2020,9:00,天津巿,119,3,
14/02/2020,9:00,福建省,279,0,
14/02/2020,9:00,湖南省,968,2,
14/02/2020,9:00,四川省,451,1,
14/02/2020,9:00,甘肅省,90,2,
14/02/2020,9:00,黑龍江省,418,11,
14/02/2020,9:00,江西省,872,1,
14/02/2020,9:00,廣東省,1261,2,
14/02/2020,9:00,貴州省,135,1,
14/02/2020,9:00,上海巿,318,1,
14/02/2020,9:00,山東省,519,2,
14/02/2020,9:00,廣西壯族自治區,226,2,
14/02/2020,9:00,雲南省,156,0,
14/02/2020,9:00,內蒙古自治區,61,0,
14/02/2020,9:00,浙江省,1145,0,
14/02/2020,9:00,河南省,1169,10,
14/02/2020,9:00,河北省,283,3,
14/02/2020,9:00,海南省,157,4,
14/02/2020,9:00,吉林省,86,1,
14/02/2020,9:00,山西省,126,0,
14/02/2020,9:00,寧夏回族自治區,64,0,
14/02/2020,9:00,江蘇省,570,0,
14/02/2020,9:00,新疆自治區,63,1,
14/02/2020,9:00,青海省,18,0,
14/02/2020,9:00,西藏自治區,1,0,
14/02/2020,18:00,北京巿,372,3,
14/02/2020,18:00,遼寧省,117,1,
14/02/2020,18:00,安徽省,934,6,
14/02/2020,18:00,重慶巿,532,5,
14/02/2020,18:00,陝西省,230,0,
14/02/2020,18:00,天津巿,120,3,
14/02/2020,18:00,福建省,281,0,
14/02/2020,18:00,湖南省,988,2,
14/02/2020,18:00,四川省,463,1,
14/02/2020,18:00,甘肅省,90,2,
14/02/2020,18:00,黑龍江省,418,11,
14/02/2020,18:00,江西省,900,1,
14/02/2020,18:00,廣東省,1261,2,
14/02/2020,18:00,貴州省,140,1,
14/02/2020,18:00,上海巿,318,1,
14/02/2020,18:00,山東省,523,2,
14/02/2020,18:00,廣西壯族自治區,226,2,
14/02/2020,18:00,雲南省,162,0,
14/02/2020,18:00,內蒙古自治區,65,0,
14/02/2020,18:00,浙江省,1155,0,
14/02/2020,18:00,河南省,1184,11,
14/02/2020,18:00,河北省,283,3,
14/02/2020,18:00,海南省,158,4,
14/02/2020,18:00,吉林省,86,1,
14/02/2020,18:00,山西省,126,0,
14/02/2020,18:00,寧夏回族自治區,67,0,
14/02/2020,18:00,江蘇省,593,0,
14/02/2020,18:00,新疆自治區,65,1,
14/02/2020,18:00,青海省,18,0,
14/02/2020,18:00,西藏自治區,1,0,
14/02/2020,23:59,湖北省,54406,1457,
15/02/2020,9:00,北京巿,372,4,
15/02/2020,9:00,遼寧省,119,1,
15/02/2020,9:00,安徽省,934,6,
15/02/2020,9:00,重慶巿,537,5,
15/02/2020,9:00,陝西省,230,0,
15/02/2020,9:00,天津巿,120,3,
15/02/2020,9:00,福建省,285,0,
15/02/2020,9:00,湖南省,1001,2,
15/02/2020,9:00,四川省,470,1,
15/02/2020,9:00,甘肅省,90,2,
15/02/2020,9:00,黑龍江省,425,11,
15/02/2020,9:00,江西省,900,1,
15/02/2020,9:00,廣東省,1294,2,
15/02/2020,9:00,貴州省,140,1,
15/02/2020,9:00,上海巿,326,1,
15/02/2020,9:00,山東省,530,2,
15/02/2020,9:00,廣西壯族自治區,235,2,
15/02/2020,9:00,雲南省,162,0,
15/02/2020,9:00,內蒙古自治區,65,0,
15/02/2020,9:00,浙江省,1162,0,
15/02/2020,9:00,河南省,1212,13,
15/02/2020,9:00,河北省,291,3,
15/02/2020,9:00,海南省,162,4,
15/02/2020,9:00,吉林省,88,1,
15/02/2020,9:00,山西省,127,0,
15/02/2020,9:00,寧夏回族自治區,67,0,
15/02/2020,9:00,江蘇省,604,0,
15/02/2020,9:00,新疆自治區,65,1,
15/02/2020,9:00,青海省,18,0,
15/02/2020,9:00,西藏自治區,1,0,
15/02/2020,18:00,北京巿,375,4,
15/02/2020,18:00,遼寧省,119,1,
15/02/2020,18:00,安徽省,950,6,
15/02/2020,18:00,重慶巿,538,5,
15/02/2020,18:00,陝西省,232,0,
15/02/2020,18:00,天津巿,121,3,
15/02/2020,18:00,福建省,285,0,
15/02/2020,18:00,湖南省,1001,2,
15/02/2020,18:00,四川省,470,1,
15/02/2020,18:00,甘肅省,90,2,
15/02/2020,18:00,黑龍江省,425,11,
15/02/2020,18:00,江西省,913,1,
15/02/2020,18:00,廣東省,1294,2,
15/02/2020,18:00,貴州省,143,1,
15/02/2020,18:00,上海巿,326,1,
15/02/2020,18:00,山東省,532,2,
15/02/2020,18:00,廣西壯族自治區,235,2,
15/02/2020,18:00,雲南省,168,0,
15/02/2020,18:00,內蒙古自治區,68,0,
15/02/2020,18:00,浙江省,1162,0,
15/02/2020,18:00,河南省,1212,13,
15/02/2020,18:00,河北省,291,3,
15/02/2020,18:00,海南省,162,4,
15/02/2020,18:00,吉林省,88,1,
15/02/2020,18:00,山西省,127,0,
15/02/2020,18:00,寧夏回族自治區,70,0,
15/02/2020,18:00,江蘇省,604,0,
15/02/2020,18:00,新疆自治區,70,1,
15/02/2020,18:00,青海省,18,0,
15/02/2020,18:00,西藏自治區,1,0,
15/02/2020,23:59,湖北省,56249,1596,
16/02/2020,9:00,北京巿,375,4,
16/02/2020,9:00,遼寧省,119,1,
16/02/2020,9:00,安徽省,950,6,
16/02/2020,9:00,重慶巿,544,5,
16/02/2020,9:00,陝西省,232,0,
16/02/2020,9:00,天津巿,122,3,
16/02/2020,9:00,福建省,287,0,
16/02/2020,9:00,湖南省,1001,2,
16/02/2020,9:00,四川省,481,1,
16/02/2020,9:00,甘肅省,90,2,
16/02/2020,9:00,黑龍江省,445,11,
16/02/2020,9:00,江西省,913,1,
16/02/2020,9:00,廣東省,1316,2,
16/02/2020,9:00,貴州省,143,1,
16/02/2020,9:00,上海巿,328,1,
16/02/2020,9:00,山東省,537,2,
16/02/2020,9:00,廣西壯族自治區,237,2,
16/02/2020,9:00,雲南省,168,0,
16/02/2020,9:00,內蒙古自治區,68,0,
16/02/2020,9:00,浙江省,1162,0,
16/02/2020,9:00,河南省,1231,13,
16/02/2020,9:00,河北省,300,3,
16/02/2020,9:00,海南省,162,4,
16/02/2020,9:00,吉林省,89,1,
16/02/2020,9:00,山西省,128,0,
16/02/2020,9:00,寧夏回族自治區,70,0,
16/02/2020,9:00,江蘇省,604,0,
16/02/2020,9:00,新疆自治區,70,1,
16/02/2020,9:00,青海省,18,0,
16/02/2020,9:00,西藏自治區,1,0,
16/02/2020,18:00,北京巿,380,4,
16/02/2020,18:00,遼寧省,120,1,
16/02/2020,18:00,安徽省,962,6,
16/02/2020,18:00,重慶巿,547,5,
16/02/2020,18:00,陝西省,236,0,
16/02/2020,18:00,天津巿,124,3,
16/02/2020,18:00,福建省,287,0,
16/02/2020,18:00,湖南省,1004,3,
16/02/2020,18:00,四川省,481,3,
16/02/2020,18:00,甘肅省,90,2,
16/02/2020,18:00,黑龍江省,445,11,
16/02/2020,18:00,江西省,925,1,
16/02/2020,18:00,廣東省,1316,2,
16/02/2020,18:00,貴州省,144,1,
16/02/2020,18:00,上海巿,328,1,
16/02/2020,18:00,山東省,537,2,
16/02/2020,18:00,廣西壯族自治區,237,2,
16/02/2020,18:00,雲南省,171,0,
16/02/2020,18:00,內蒙古自治區,70,0,
16/02/2020,18:00,浙江省,1167,0,
16/02/2020,18:00,河南省,1231,13,
16/02/2020,18:00,河北省,300,3,
16/02/2020,18:00,海南省,162,4,
16/02/2020,18:00,吉林省,89,1,
16/02/2020,18:00,山西省,128,0,
16/02/2020,18:00,寧夏回族自治區,70,0,
16/02/2020,18:00,江蘇省,617,0,
16/02/2020,18:00,新疆自治區,71,1,
16/02/2020,18:00,青海省,18,0,
16/02/2020,18:00,西藏自治區,1,0,
16/02/2020,23:59,湖北省,58182,1696,
17/02/2020,9:00,北京巿,381,4,
17/02/2020,9:00,遼寧省,121,1,
17/02/2020,9:00,安徽省,973,6,
17/02/2020,9:00,重慶巿,551,5,
17/02/2020,9:00,陝西省,236,0,
17/02/2020,9:00,天津巿,124,3,
17/02/2020,9:00,福建省,290,0,
17/02/2020,9:00,湖南省,1006,3,
17/02/2020,9:00,四川省,495,3,
17/02/2020,9:00,甘肅省,90,2,
17/02/2020,9:00,黑龍江省,447,11,
17/02/2020,9:00,江西省,925,1,
17/02/2020,9:00,廣東省,1322,4,
17/02/2020,9:00,貴州省,144,1,
17/02/2020,9:00,上海巿,331,1,
17/02/2020,9:00,山東省,541,2,
17/02/2020,9:00,廣西壯族自治區,238,2,
17/02/2020,9:00,雲南省,171,0,
17/02/2020,9:00,內蒙古自治區,70,0,
17/02/2020,9:00,浙江省,1167,0,
17/02/2020,9:00,河南省,1246,16,
17/02/2020,9:00,河北省,301,3,
17/02/2020,9:00,海南省,162,4,
17/02/2020,9:00,吉林省,89,1,
17/02/2020,9:00,山西省,129,0,
17/02/2020,9:00,寧夏回族自治區,70,0,
17/02/2020,9:00,江蘇省,617,0,
17/02/2020,9:00,新疆自治區,71,1,
17/02/2020,9:00,青海省,18,0,
17/02/2020,9:00,西藏自治區,1,0,
17/02/2020,18:00,北京巿,381,4,
17/02/2020,18:00,遼寧省,121,1,
17/02/2020,18:00,安徽省,973,6,
17/02/2020,18:00,重慶巿,552,5,
17/02/2020,18:00,陝西省,240,0,
17/02/2020,18:00,天津巿,125,3,
17/02/2020,18:00,福建省,290,0,
17/02/2020,18:00,湖南省,1006,3,
17/02/2020,18:00,四川省,495,3,
17/02/2020,18:00,甘肅省,90,2,
17/02/2020,18:00,黑龍江省,457,11,
17/02/2020,18:00,江西省,930,1,
17/02/2020,18:00,廣東省,1322,4,
17/02/2020,18:00,貴州省,146,1,
17/02/2020,18:00,上海巿,332,1,
17/02/2020,18:00,山東省,541,2,
17/02/2020,18:00,廣西壯族自治區,238,2,
17/02/2020,18:00,雲南省,171,0,
17/02/2020,18:00,內蒙古自治區,72,0,
17/02/2020,18:00,浙江省,1171,0,
17/02/2020,18:00,河南省,1246,16,
17/02/2020,18:00,河北省,301,3,
17/02/2020,18:00,海南省,163,4,
17/02/2020,18:00,吉林省,89,1,
17/02/2020,18:00,山西省,129,0,
17/02/2020,18:00,寧夏回族自治區,70,0,
17/02/2020,18:00,江蘇省,626,0,
17/02/2020,18:00,新疆自治區,75,1,
17/02/2020,18:00,青海省,18,0,
17/02/2020,18:00,西藏自治區,1,0,
17/02/2020,23:59,湖北省,59989,1789,
18/02/2020,9:00,北京巿,381,4,
18/02/2020,9:00,遼寧省,121,1,
18/02/2020,9:00,安徽省,982,6,
18/02/2020,9:00,重慶巿,553,5,
18/02/2020,9:00,陝西省,240,0,
18/02/2020,9:00,天津巿,125,3,
18/02/2020,9:00,福建省,292,0,
18/02/2020,9:00,湖南省,1007,4,
18/02/2020,9:00,四川省,508,3,
18/02/2020,9:00,甘肅省,91,2,
18/02/2020,9:00,黑龍江省,464,11,
18/02/2020,9:00,江西省,930,1,
18/02/2020,9:00,廣東省,1328,4,
18/02/2020,9:00,貴州省,146,1,
18/02/2020,9:00,上海巿,333,1,
18/02/2020,9:00,山東省,543,2,
18/02/2020,9:00,廣西壯族自治區,242,2,
18/02/2020,9:00,雲南省,171,0,
18/02/2020,9:00,內蒙古自治區,72,0,
18/02/2020,9:00,浙江省,1172,0,
18/02/2020,9:00,河南省,1257,19,
18/02/2020,9:00,河北省,302,4,
18/02/2020,9:00,海南省,163,4,
18/02/2020,9:00,吉林省,89,1,
18/02/2020,9:00,山西省,130,0,
18/02/2020,9:00,寧夏回族自治區,70,0,
18/02/2020,9:00,江蘇省,629,0,
18/02/2020,9:00,新疆自治區,76,1,
18/02/2020,9:00,青海省,18,0,
18/02/2020,9:00,西藏自治區,1,0,
18/02/2020,18:00,北京巿,387,4,
18/02/2020,18:00,遼寧省,121,1,
18/02/2020,18:00,安徽省,982,6,
18/02/2020,18:00,重慶巿,553,5,
18/02/2020,18:00,陝西省,240,0,
18/02/2020,18:00,天津巿,127,3,
18/02/2020,18:00,福建省,292,0,
18/02/2020,18:00,湖南省,1007,4,
18/02/2020,18:00,四川省,508,3,
18/02/2020,18:00,甘肅省,91,2,
18/02/2020,18:00,黑龍江省,464,11,
18/02/2020,18:00,江西省,933,1,
18/02/2020,18:00,廣東省,1328,4,
18/02/2020,18:00,貴州省,146,1,
18/02/2020,18:00,上海巿,333,1,
18/02/2020,18:00,山東省,543,2,
18/02/2020,18:00,廣西壯族自治區,242,2,
18/02/2020,18:00,雲南省,172,0,
18/02/2020,18:00,內蒙古自治區,73,0,
18/02/2020,18:00,浙江省,1172,0,
18/02/2020,18:00,河南省,1257,19,
18/02/2020,18:00,河北省,302,4,
18/02/2020,18:00,海南省,163,4,
18/02/2020,18:00,吉林省,89,1,
18/02/2020,18:00,山西省,130,0,
18/02/2020,18:00,寧夏回族自治區,70,0,
18/02/2020,18:00,江蘇省,629,0,
18/02/2020,18:00,新疆自治區,76,1,
18/02/2020,18:00,青海省,18,0,
18/02/2020,18:00,西藏自治區,1,0,
18/02/2020,23:59,湖北省,61682,1921,
19/02/2020,9:00,北京巿,387,4,
19/02/2020,9:00,遼寧省,121,1,
19/02/2020,9:00,安徽省,982,6,
19/02/2020,9:00,重慶巿,555,5,
19/02/2020,9:00,陝西省,240,0,
19/02/2020,9:00,天津巿,128,3,
19/02/2020,9:00,福建省,292,0,
19/02/2020,9:00,湖南省,1007,4,
19/02/2020,9:00,四川省,508,3,
19/02/2020,9:00,甘肅省,91,2,
19/02/2020,9:00,黑龍江省,464,11,
19/02/2020,9:00,江西省,933,1,
19/02/2020,9:00,廣東省,1331,5,
19/02/2020,9:00,貴州省,146,2,
19/02/2020,9:00,上海巿,333,1,
19/02/2020,9:00,山東省,543,3,
19/02/2020,9:00,廣西壯族自治區,242,2,
19/02/2020,9:00,雲南省,172,0,
19/02/2020,9:00,內蒙古自治區,73,0,
19/02/2020,9:00,浙江省,1172,0,
19/02/2020,9:00,河南省,1257,19,
19/02/2020,9:00,河北省,306,4,
19/02/2020,9:00,海南省,163,4,
19/02/2020,9:00,吉林省,89,1,
19/02/2020,9:00,山西省,131,0,
19/02/2020,9:00,寧夏回族自治區,70,0,
19/02/2020,9:00,江蘇省,629,0,
19/02/2020,9:00,新疆自治區,76,1,
19/02/2020,9:00,青海省,18,0,
19/02/2020,9:00,西藏自治區,1,1,
19/02/2020,18:00,北京巿,393,4,
19/02/2020,18:00,遼寧省,121,1,
19/02/2020,18:00,安徽省,986,6,
19/02/2020,18:00,重慶巿,555,5,
19/02/2020,18:00,陝西省,242,0,
19/02/2020,18:00,天津巿,128,3,
19/02/2020,18:00,福建省,293,0,
19/02/2020,18:00,湖南省,1008,4,
19/02/2020,18:00,四川省,514,3,
19/02/2020,18:00,甘肅省,91,2,
19/02/2020,18:00,黑龍江省,470,12,
19/02/2020,18:00,江西省,934,1,
19/02/2020,18:00,廣東省,1331,5,
19/02/2020,18:00,貴州省,146,2,
19/02/2020,18:00,上海巿,333,2,
19/02/2020,18:00,山東省,544,3,
19/02/2020,18:00,廣西壯族自治區,244,2,
19/02/2020,18:00,雲南省,173,1,
19/02/2020,18:00,內蒙古自治區,75,0,
19/02/2020,18:00,浙江省,1174,0,
19/02/2020,18:00,河南省,1262,19,
19/02/2020,18:00,河北省,306,4,
19/02/2020,18:00,海南省,163,4,
19/02/2020,18:00,吉林省,90,1,
19/02/2020,18:00,山西省,131,0,
19/02/2020,18:00,寧夏回族自治區,71,0,
19/02/2020,18:00,江蘇省,631,0,
19/02/2020,18:00,新疆自治區,76,1,
19/02/2020,18:00,青海省,18,0,
19/02/2020,18:00,西藏自治區,1,0,
19/02/2020,23:59,湖北省,62031,2029,
20/02/2020,9:00,北京巿,393,4,
20/02/2020,9:00,遼寧省,121,1,
20/02/2020,9:00,安徽省,986,6,
20/02/2020,9:00,重慶巿,560,5,
20/02/2020,9:00,陝西省,242,0,
20/02/2020,9:00,天津巿,130,3,
20/02/2020,9:00,福建省,293,0,
20/02/2020,9:00,湖南省,1008,4,
20/02/2020,9:00,四川省,514,3,
20/02/2020,9:00,甘肅省,91,2,
20/02/2020,9:00,黑龍江省,476,12,
20/02/2020,9:00,江西省,934,1,
20/02/2020,9:00,廣東省,1332,5,
20/02/2020,9:00,貴州省,146,2,
20/02/2020,9:00,上海巿,333,2,
20/02/2020,9:00,山東省,544,3,
20/02/2020,9:00,廣西壯族自治區,245,2,
20/02/2020,9:00,雲南省,173,1,
20/02/2020,9:00,內蒙古自治區,75,0,
20/02/2020,9:00,浙江省,1174,0,
20/02/2020,9:00,河南省,1262,19,
20/02/2020,9:00,河北省,307,5,
20/02/2020,9:00,海南省,168,4,
20/02/2020,9:00,吉林省,90,1,
20/02/2020,9:00,山西省,131,0,
20/02/2020,9:00,寧夏回族自治區,71,0,
20/02/2020,9:00,江蘇省,631,0,
20/02/2020,9:00,新疆自治區,76,1,
20/02/2020,9:00,青海省,18,0,
20/02/2020,9:00,西藏自治區,1,0,
20/02/2020,18:00,北京巿,395,4,
20/02/2020,18:00,遼寧省,121,1,
20/02/2020,18:00,安徽省,987,6,
20/02/2020,18:00,重慶巿,560,5,
20/02/2020,18:00,陝西省,245,1,
20/02/2020,18:00,天津巿,130,3,
20/02/2020,18:00,福建省,293,1,
20/02/2020,18:00,湖南省,1010,4,
20/02/2020,18:00,四川省,520,3,
20/02/2020,18:00,甘肅省,91,2,
20/02/2020,18:00,黑龍江省,476,12,
20/02/2020,18:00,江西省,934,1,
20/02/2020,18:00,廣東省,1332,5,
20/02/2020,18:00,貴州省,146,2,
20/02/2020,18:00,上海巿,334,2,
20/02/2020,18:00,山東省,546,4,
20/02/2020,18:00,廣西壯族自治區,245,2,
20/02/2020,18:00,雲南省,173,1,
20/02/2020,18:00,內蒙古自治區,75,0,
20/02/2020,18:00,浙江省,1175,0,
20/02/2020,18:00,河南省,1265,19,
20/02/2020,18:00,河北省,307,5,
20/02/2020,18:00,海南省,168,4,
20/02/2020,18:00,吉林省,91,1,
20/02/2020,18:00,山西省,131,0,
20/02/2020,18:00,寧夏回族自治區,71,0,
20/02/2020,18:00,江蘇省,631,0,
20/02/2020,18:00,新疆自治區,76,1,
20/02/2020,18:00,青海省,18,0,
20/02/2020,18:00,西藏自治區,1,0,
20/02/2020,23:59,湖北省,62662,2144,
21/02/2020,9:00,北京巿,395,4,
21/02/2020,9:00,遼寧省,121,1,
21/02/2020,9:00,安徽省,987,6,
21/02/2020,9:00,重慶巿,567,6,
21/02/2020,9:00,陝西省,245,1,
21/02/2020,9:00,天津巿,131,3,
21/02/2020,9:00,福建省,293,1,
21/02/2020,9:00,湖南省,1010,4,
21/02/2020,9:00,四川省,520,3,
21/02/2020,9:00,甘肅省,91,2,
21/02/2020,9:00,黑龍江省,479,12,
21/02/2020,9:00,江西省,934,1,
21/02/2020,9:00,廣東省,1332,5,
21/02/2020,9:00,貴州省,146,2,
21/02/2020,9:00,上海巿,334,2,
21/02/2020,9:00,山東省,546,4,
21/02/2020,9:00,廣西壯族自治區,246,2,
21/02/2020,9:00,雲南省,174,2,
21/02/2020,9:00,內蒙古自治區,75,0,
21/02/2020,9:00,浙江省,1175,1,
21/02/2020,9:00,河南省,1267,19,
21/02/2020,9:00,河北省,308,5,
21/02/2020,9:00,海南省,168,4,
21/02/2020,9:00,吉林省,91,1,
21/02/2020,9:00,山西省,132,0,
21/02/2020,9:00,寧夏回族自治區,71,0,
21/02/2020,9:00,江蘇省,631,0,
21/02/2020,9:00,新疆自治區,76,1,
21/02/2020,9:00,青海省,18,0,
21/02/2020,9:00,西藏自治區,1,0,
21/02/2020,18:00,北京巿,396,4,
21/02/2020,18:00,遼寧省,121,1,
21/02/2020,18:00,安徽省,988,6,
21/02/2020,18:00,重慶巿,567,6,
21/02/2020,18:00,陝西省,245,1,
21/02/2020,18:00,天津巿,132,3,
21/02/2020,18:00,福建省,293,1,
21/02/2020,18:00,湖南省,1011,4,
21/02/2020,18:00,四川省,525,3,
21/02/2020,18:00,甘肅省,91,2,
21/02/2020,18:00,黑龍江省,479,12,
21/02/2020,18:00,江西省,934,1,
21/02/2020,18:00,廣東省,1333,5,
21/02/2020,18:00,貴州省,146,2,
21/02/2020,18:00,上海巿,334,2,
21/02/2020,18:00,山東省,749,4,
21/02/2020,18:00,廣西壯族自治區,246,2,
21/02/2020,18:00,雲南省,174,2,
21/02/2020,18:00,內蒙古自治區,75,0,
21/02/2020,18:00,浙江省,1203,1,
21/02/2020,18:00,河南省,1267,19,
21/02/2020,18:00,河北省,308,5,
21/02/2020,18:00,海南省,168,4,
21/02/2020,18:00,吉林省,91,1,
21/02/2020,18:00,山西省,132,0,
21/02/2020,18:00,寧夏回族自治區,71,0,
21/02/2020,18:00,江蘇省,631,0,
21/02/2020,18:00,新疆自治區,76,1,
21/02/2020,18:00,青海省,18,0,
21/02/2020,18:00,西藏自治區,1,0,
21/02/2020,23:59,湖北省,63454,2250,
22/02/2020,9:00,北京巿,399,4,
22/02/2020,9:00,遼寧省,121,1,
22/02/2020,9:00,安徽省,989,6,
22/02/2020,9:00,重慶巿,572,6,
22/02/2020,9:00,陝西省,245,1,
22/02/2020,9:00,天津巿,133,3,
22/02/2020,9:00,福建省,293,1,
22/02/2020,9:00,湖南省,1013,4,
22/02/2020,9:00,四川省,526,3,
22/02/2020,9:00,甘肅省,91,2,
22/02/2020,9:00,黑龍江省,479,12,
22/02/2020,9:00,江西省,934,1,
22/02/2020,9:00,廣東省,1339,5,
22/02/2020,9:00,貴州省,146,2,
22/02/2020,9:00,上海巿,334,3,
22/02/2020,9:00,山東省,750,4,
22/02/2020,9:00,廣西壯族自治區,249,2,
22/02/2020,9:00,雲南省,174,2,
22/02/2020,9:00,內蒙古自治區,75,0,
22/02/2020,9:00,浙江省,1205,1,
22/02/2020,9:00,河南省,1270,19,
22/02/2020,9:00,河北省,309,6,
22/02/2020,9:00,海南省,168,4,
22/02/2020,9:00,吉林省,91,1,
22/02/2020,9:00,山西省,132,0,
22/02/2020,9:00,寧夏回族自治區,71,0,
22/02/2020,9:00,江蘇省,631,0,
22/02/2020,9:00,新疆自治區,76,2,
22/02/2020,9:00,青海省,18,0,
22/02/2020,9:00,西藏自治區,1,0,
22/02/2020,18:00,北京巿,399,4,
22/02/2020,18:00,遼寧省,121,1,
22/02/2020,18:00,安徽省,989,6,
22/02/2020,18:00,重慶巿,572,6,
22/02/2020,18:00,陝西省,245,1,
22/02/2020,18:00,天津巿,135,3,
22/02/2020,18:00,福建省,293,1,
22/02/2020,18:00,湖南省,1013,4,
22/02/2020,18:00,四川省,526,3,
22/02/2020,18:00,甘肅省,91,2,
22/02/2020,18:00,黑龍江省,479,12,
22/02/2020,18:00,江西省,934,1,
22/02/2020,18:00,廣東省,1339,5,
22/02/2020,18:00,貴州省,146,2,
22/02/2020,18:00,上海巿,335,3,
22/02/2020,18:00,山東省,750,4,
22/02/2020,18:00,廣西壯族自治區,249,2,
22/02/2020,18:00,雲南省,174,2,
22/02/2020,18:00,內蒙古自治區,75,0,
22/02/2020,18:00,浙江省,1205,1,
22/02/2020,18:00,河南省,1270,19,
22/02/2020,18:00,河北省,309,6,
22/02/2020,18:00,海南省,168,4,
22/02/2020,18:00,吉林省,91,1,
22/02/2020,18:00,山西省,132,0,
22/02/2020,18:00,寧夏回族自治區,71,0,
22/02/2020,18:00,江蘇省,631,0,
22/02/2020,18:00,新疆自治區,76,2,
22/02/2020,18:00,青海省,18,0,
22/02/2020,18:00,西藏自治區,1,0,
22/02/2020,23:59,湖北省,64084,2346,
23/02/2020,9:00,北京巿,399,4,
23/02/2020,9:00,遼寧省,121,1,
23/02/2020,9:00,安徽省,989,6,
23/02/2020,9:00,重慶巿,573,6,
23/02/2020,9:00,陝西省,245,1,
23/02/2020,9:00,天津巿,135,3,
23/02/2020,9:00,福建省,293,1,
23/02/2020,9:00,湖南省,1013,4,
23/02/2020,9:00,四川省,526,3,
23/02/2020,9:00,甘肅省,91,2,
23/02/2020,9:00,黑龍江省,479,12,
23/02/2020,9:00,江西省,934,1,
23/02/2020,9:00,廣東省,1342,5,
23/02/2020,9:00,貴州省,146,2,
23/02/2020,9:00,上海巿,335,3,
23/02/2020,9:00,山東省,750,4,
23/02/2020,9:00,廣西壯族自治區,249,2,
23/02/2020,9:00,雲南省,174,2,
23/02/2020,9:00,內蒙古自治區,75,0,
23/02/2020,9:00,浙江省,1205,1,
23/02/2020,9:00,河南省,1270,19,
23/02/2020,9:00,河北省,311,6,
23/02/2020,9:00,海南省,168,4,
23/02/2020,9:00,吉林省,91,1,
23/02/2020,9:00,山西省,132,0,
23/02/2020,9:00,寧夏回族自治區,71,0,
23/02/2020,9:00,江蘇省,631,0,
23/02/2020,9:00,新疆自治區,76,2,
23/02/2020,9:00,青海省,18,0,
23/02/2020,9:00,西藏自治區,1,0,
23/02/2020,18:00,北京巿,399,4,
23/02/2020,18:00,遼寧省,121,1,
23/02/2020,18:00,安徽省,989,6,
23/02/2020,18:00,重慶巿,573,6,
23/02/2020,18:00,陝西省,245,1,
23/02/2020,18:00,天津巿,135,3,
23/02/2020,18:00,福建省,293,1,
23/02/2020,18:00,湖南省,1016,4,
23/02/2020,18:00,四川省,526,3,
23/02/2020,18:00,甘肅省,91,2,
23/02/2020,18:00,黑龍江省,480,12,
23/02/2020,18:00,江西省,934,1,
23/02/2020,18:00,廣東省,1342,6,
23/02/2020,18:00,貴州省,146,2,
23/02/2020,18:00,上海巿,335,3,
23/02/2020,18:00,山東省,754,4,
23/02/2020,18:00,廣西壯族自治區,249,2,
23/02/2020,18:00,雲南省,174,2,
23/02/2020,18:00,內蒙古自治區,75,0,
23/02/2020,18:00,浙江省,1205,1,
23/02/2020,18:00,河南省,1271,19,
23/02/2020,18:00,河北省,311,6,
23/02/2020,18:00,海南省,168,4,
23/02/2020,18:00,吉林省,91,1,
23/02/2020,18:00,山西省,132,0,
23/02/2020,18:00,寧夏回族自治區,71,0,
23/02/2020,18:00,江蘇省,631,0,
23/02/2020,18:00,新疆自治區,76,2,
23/02/2020,18:00,青海省,18,0,
23/02/2020,18:00,西藏自治區,1,0,
23/02/2020,23:59,湖北省,64287,2495,
24/02/2020,9:00,北京巿,399,4,
24/02/2020,9:00,遼寧省,121,1,
24/02/2020,9:00,安徽省,989,6,
24/02/2020,9:00,重慶巿,575,6,
24/02/2020,9:00,陝西省,245,1,
24/02/2020,9:00,天津巿,135,3,
24/02/2020,9:00,福建省,293,1,
24/02/2020,9:00,湖南省,1016,4,
24/02/2020,9:00,四川省,527,3,
24/02/2020,9:00,甘肅省,91,2,
24/02/2020,9:00,黑龍江省,480,12,
24/02/2020,9:00,江西省,934,1,
24/02/2020,9:00,廣東省,1345,6,
24/02/2020,9:00,貴州省,146,2,
24/02/2020,9:00,上海巿,335,3,
24/02/2020,9:00,山東省,755,4,
24/02/2020,9:00,廣西壯族自治區,251,2,
24/02/2020,9:00,雲南省,174,2,
24/02/2020,9:00,內蒙古自治區,75,0,
24/02/2020,9:00,浙江省,1205,1,
24/02/2020,9:00,河南省,1271,19,
24/02/2020,9:00,河北省,311,6,
24/02/2020,9:00,海南省,168,5,
24/02/2020,9:00,吉林省,93,1,
24/02/2020,9:00,山西省,132,0,
24/02/2020,9:00,寧夏回族自治區,71,0,
24/02/2020,9:00,江蘇省,631,0,
24/02/2020,9:00,新疆自治區,76,2,
24/02/2020,9:00,青海省,18,0,
24/02/2020,9:00,西藏自治區,1,0,
24/02/2020,18:00,北京巿,399,4,
24/02/2020,18:00,遼寧省,121,1,
24/02/2020,18:00,安徽省,989,6,
24/02/2020,18:00,重慶巿,575,6,
24/02/2020,18:00,陝西省,245,1,
24/02/2020,18:00,天津巿,135,3,
24/02/2020,18:00,福建省,293,1,
24/02/2020,18:00,湖南省,1016,4,
24/02/2020,18:00,四川省,527,3,
24/02/2020,18:00,甘肅省,91,2,
24/02/2020,18:00,黑龍江省,480,12,
24/02/2020,18:00,江西省,934,1,
24/02/2020,18:00,廣東省,1345,6,
24/02/2020,18:00,貴州省,146,2,
24/02/2020,18:00,上海巿,335,3,
24/02/2020,18:00,山東省,755,5,
24/02/2020,18:00,廣西壯族自治區,251,2,
24/02/2020,18:00,雲南省,174,2,
24/02/2020,18:00,內蒙古自治區,75,0,
24/02/2020,18:00,浙江省,1205,1,
24/02/2020,18:00,河南省,1271,19,
24/02/2020,18:00,河北省,311,6,
24/02/2020,18:00,海南省,168,5,
24/02/2020,18:00,吉林省,93,1,
24/02/2020,18:00,山西省,132,0,
24/02/2020,18:00,寧夏回族自治區,71,0,
24/02/2020,18:00,江蘇省,631,0,
24/02/2020,18:00,新疆自治區,76,2,
24/02/2020,18:00,青海省,18,0,
24/02/2020,18:00,西藏自治區,1,0,
24/02/2020,23:59,湖北省,64786,2563,
25/02/2020,9:00,北京巿,399,4,
25/02/2020,9:00,遼寧省,121,1,
25/02/2020,9:00,安徽省,989,6,
25/02/2020,9:00,重慶巿,576,6,
25/02/2020,9:00,陝西省,245,1,
25/02/2020,9:00,天津巿,135,3,
25/02/2020,9:00,福建省,294,1,
25/02/2020,9:00,湖南省,1016,4,
25/02/2020,9:00,四川省,529,3,
25/02/2020,9:00,甘肅省,91,2,
25/02/2020,9:00,黑龍江省,480,12,
25/02/2020,9:00,江西省,934,1,
25/02/2020,9:00,廣東省,1347,7,
25/02/2020,9:00,貴州省,146,2,
25/02/2020,9:00,上海巿,335,3,
25/02/2020,9:00,山東省,755,6,
25/02/2020,9:00,廣西壯族自治區,252,2,
25/02/2020,9:00,雲南省,174,2,
25/02/2020,9:00,內蒙古自治區,75,0,
25/02/2020,9:00,浙江省,1205,1,
25/02/2020,9:00,河南省,1271,19,
25/02/2020,9:00,河北省,311,6,
25/02/2020,9:00,海南省,168,5,
25/02/2020,9:00,吉林省,93,1,
25/02/2020,9:00,山西省,133,0,
25/02/2020,9:00,寧夏回族自治區,71,0,
25/02/2020,9:00,江蘇省,631,0,
25/02/2020,9:00,新疆自治區,76,2,
25/02/2020,9:00,青海省,18,0,
25/02/2020,9:00,西藏自治區,1,0,
25/02/2020,18:00,北京巿,400,4,
25/02/2020,18:00,遼寧省,121,1,
25/02/2020,18:00,安徽省,989,6,
25/02/2020,18:00,重慶巿,576,6,
25/02/2020,18:00,陝西省,245,1,
25/02/2020,18:00,天津巿,135,3,
25/02/2020,18:00,福建省,294,1,
25/02/2020,18:00,湖南省,1016,4,
25/02/2020,18:00,四川省,529,3,
25/02/2020,18:00,甘肅省,91,2,
25/02/2020,18:00,黑龍江省,480,12,
25/02/2020,18:00,江西省,934,1,
25/02/2020,18:00,廣東省,1347,7,
25/02/2020,18:00,貴州省,146,2,
25/02/2020,18:00,上海巿,336,3,
25/02/2020,18:00,山東省,756,6,
25/02/2020,18:00,廣西壯族自治區,252,2,
25/02/2020,18:00,雲南省,174,2,
25/02/2020,18:00,內蒙古自治區,75,0,
25/02/2020,18:00,浙江省,1205,1,
25/02/2020,18:00,河南省,1271,19,
25/02/2020,18:00,河北省,311,6,
25/02/2020,18:00,海南省,168,5,
25/02/2020,18:00,吉林省,93,1,
25/02/2020,18:00,山西省,133,0,
25/02/2020,18:00,寧夏回族自治區,71,0,
25/02/2020,18:00,江蘇省,631,0,
25/02/2020,18:00,新疆自治區,76,2,
25/02/2020,18:00,青海省,18,0,
25/02/2020,18:00,西藏自治區,1,0,
25/02/2020,23:59,湖北省,65187,2615,
26/02/2020,9:00,北京巿,400,4,
26/02/2020,9:00,遼寧省,121,1,
26/02/2020,9:00,安徽省,989,6,
26/02/2020,9:00,重慶巿,576,6,
26/02/2020,9:00,陝西省,245,1,
26/02/2020,9:00,天津巿,135,3,
26/02/2020,9:00,福建省,294,1,
26/02/2020,9:00,湖南省,1016,4,
26/02/2020,9:00,四川省,531,3,
26/02/2020,9:00,甘肅省,91,2,
26/02/2020,9:00,黑龍江省,480,12,
26/02/2020,9:00,江西省,934,1,
26/02/2020,9:00,廣東省,1347,7,
26/02/2020,9:00,貴州省,146,2,
26/02/2020,9:00,上海巿,336,3,
26/02/2020,9:00,山東省,756,6,
26/02/2020,9:00,廣西壯族自治區,252,2,
26/02/2020,9:00,雲南省,174,2,
26/02/2020,9:00,內蒙古自治區,75,0,
26/02/2020,9:00,浙江省,1205,1,
26/02/2020,9:00,河南省,1271,19,
26/02/2020,9:00,河北省,312,6,
26/02/2020,9:00,海南省,168,5,
26/02/2020,9:00,吉林省,93,1,
26/02/2020,9:00,山西省,133,0,
26/02/2020,9:00,寧夏回族自治區,71,0,
26/02/2020,9:00,江蘇省,631,0,
26/02/2020,9:00,新疆自治區,76,2,
26/02/2020,9:00,青海省,18,0,
26/02/2020,9:00,西藏自治區,1,0,
26/02/2020,18:00,北京巿,400,4,
26/02/2020,18:00,遼寧省,121,1,
26/02/2020,18:00,安徽省,989,6,
26/02/2020,18:00,重慶巿,576,6,
26/02/2020,18:00,陝西省,245,1,
26/02/2020,18:00,天津巿,135,3,
26/02/2020,18:00,福建省,294,1,
26/02/2020,18:00,湖南省,1016,4,
26/02/2020,18:00,四川省,531,3,
26/02/2020,18:00,甘肅省,91,2,
26/02/2020,18:00,黑龍江省,480,12,
26/02/2020,18:00,江西省,934,1,
26/02/2020,18:00,廣東省,1347,7,
26/02/2020,18:00,貴州省,146,2,
26/02/2020,18:00,上海巿,336,3,
26/02/2020,18:00,山東省,756,6,
26/02/2020,18:00,廣西壯族自治區,252,2,
26/02/2020,18:00,雲南省,174,2,
26/02/2020,18:00,內蒙古自治區,75,0,
26/02/2020,18:00,浙江省,1205,1,
26/02/2020,18:00,河南省,1271,19,
26/02/2020,18:00,河北省,312,6,
26/02/2020,18:00,海南省,168,5,
26/02/2020,18:00,吉林省,93,1,
26/02/2020,18:00,山西省,133,0,
26/02/2020,18:00,寧夏回族自治區,71,0,
26/02/2020,18:00,江蘇省,631,0,
26/02/2020,18:00,新疆自治區,76,2,
26/02/2020,18:00,青海省,18,0,
26/02/2020,18:00,西藏自治區,1,0,
26/02/2020,23:59,湖北省,65596,2641,
27/02/2020,9:00,北京巿,400,4,
27/02/2020,9:00,遼寧省,121,1,
27/02/2020,9:00,安徽省,989,6,
27/02/2020,9:00,重慶巿,576,6,
27/02/2020,9:00,陝西省,245,1,
27/02/2020,9:00,天津巿,135,3,
27/02/2020,9:00,福建省,296,1,
27/02/2020,9:00,湖南省,1017,4,
27/02/2020,9:00,四川省,534,3,
27/02/2020,9:00,甘肅省,91,2,
27/02/2020,9:00,黑龍江省,480,13,
27/02/2020,9:00,江西省,934,1,
27/02/2020,9:00,廣東省,1347,7,
27/02/2020,9:00,貴州省,146,2,
27/02/2020,9:00,上海巿,337,3,
27/02/2020,9:00,山東省,756,6,
27/02/2020,9:00,廣西壯族自治區,252,2,
27/02/2020,9:00,雲南省,174,2,
27/02/2020,9:00,內蒙古自治區,75,0,
27/02/2020,9:00,浙江省,1205,1,
27/02/2020,9:00,河南省,1272,20,
27/02/2020,9:00,河北省,317,6,
27/02/2020,9:00,海南省,168,5,
27/02/2020,9:00,吉林省,93,1,
27/02/2020,9:00,山西省,133,0,
27/02/2020,9:00,寧夏回族自治區,72,0,
27/02/2020,9:00,江蘇省,631,0,
27/02/2020,9:00,新疆自治區,76,2,
27/02/2020,9:00,青海省,18,0,
27/02/2020,9:00,西藏自治區,1,0,
27/02/2020,18:00,北京巿,410,4,
27/02/2020,18:00,遼寧省,121,1,
27/02/2020,18:00,安徽省,989,6,
27/02/2020,18:00,重慶巿,576,6,
27/02/2020,18:00,陝西省,245,1,
27/02/2020,18:00,天津巿,135,3,
27/02/2020,18:00,福建省,296,1,
27/02/2020,18:00,湖南省,1017,4,
27/02/2020,18:00,四川省,534,3,
27/02/2020,18:00,甘肅省,91,2,
27/02/2020,18:00,黑龍江省,480,13,
27/02/2020,18:00,江西省,934,1,
27/02/2020,18:00,廣東省,1347,7,
27/02/2020,18:00,貴州省,146,2,
27/02/2020,18:00,上海巿,337,3,
27/02/2020,18:00,山東省,756,6,
27/02/2020,18:00,廣西壯族自治區,252,2,
27/02/2020,18:00,雲南省,174,2,
27/02/2020,18:00,內蒙古自治區,75,0,
27/02/2020,18:00,浙江省,1205,1,
27/02/2020,18:00,河南省,1272,20,
27/02/2020,18:00,河北省,317,6,
27/02/2020,18:00,海南省,168,5,
27/02/2020,18:00,吉林省,93,1,
27/02/2020,18:00,山西省,133,0,
27/02/2020,18:00,寧夏回族自治區,72,0,
27/02/2020,18:00,江蘇省,631,0,
27/02/2020,18:00,新疆自治區,76,2,
27/02/2020,18:00,青海省,18,0,
27/02/2020,18:00,西藏自治區,1,0,
27/02/2020,23:59,湖北省,65914,2682,
28/02/2020,9:00,北京巿,410,7,
28/02/2020,9:00,遼寧省,121,1,
28/02/2020,9:00,安徽省,990,6,
28/02/2020,9:00,重慶巿,576,6,
28/02/2020,9:00,陝西省,245,1,
28/02/2020,9:00,天津巿,136,3,
28/02/2020,9:00,福建省,296,1,
28/02/2020,9:00,湖南省,1017,4,
28/02/2020,9:00,四川省,538,3,
28/02/2020,9:00,甘肅省,91,2,
28/02/2020,9:00,黑龍江省,480,13,
28/02/2020,9:00,江西省,935,1,
28/02/2020,9:00,廣東省,1348,7,
28/02/2020,9:00,貴州省,146,2,
28/02/2020,9:00,上海巿,337,3,
28/02/2020,9:00,山東省,756,6,
28/02/2020,9:00,廣西壯族自治區,252,2,
28/02/2020,9:00,雲南省,174,2,
28/02/2020,9:00,內蒙古自治區,75,0,
28/02/2020,9:00,浙江省,1205,1,
28/02/2020,9:00,河南省,1272,20,
28/02/2020,9:00,河北省,318,6,
28/02/2020,9:00,海南省,168,5,
28/02/2020,9:00,吉林省,93,1,
28/02/2020,9:00,山西省,133,0,
28/02/2020,9:00,寧夏回族自治區,72,0,
28/02/2020,9:00,江蘇省,631,0,
28/02/2020,9:00,新疆自治區,76,3,
28/02/2020,9:00,青海省,18,0,
28/02/2020,9:00,西藏自治區,1,0,
28/02/2020,18:00,北京巿,410,7,
28/02/2020,18:00,遼寧省,121,1,
28/02/2020,18:00,安徽省,990,6,
28/02/2020,18:00,重慶巿,576,6,
28/02/2020,18:00,陝西省,245,1,
28/02/2020,18:00,天津巿,136,3,
28/02/2020,18:00,福建省,296,1,
28/02/2020,18:00,湖南省,1017,4,
28/02/2020,18:00,四川省,538,3,
28/02/2020,18:00,甘肅省,91,2,
28/02/2020,18:00,黑龍江省,480,13,
28/02/2020,18:00,江西省,935,1,
28/02/2020,18:00,廣東省,1348,7,
28/02/2020,18:00,貴州省,146,2,
28/02/2020,18:00,上海巿,337,3,
28/02/2020,18:00,山東省,756,6,
28/02/2020,18:00,廣西壯族自治區,252,2,
28/02/2020,18:00,雲南省,174,2,
28/02/2020,18:00,內蒙古自治區,75,0,
28/02/2020,18:00,浙江省,1205,1,
28/02/2020,18:00,河南省,1272,20,
28/02/2020,18:00,河北省,318,6,
28/02/2020,18:00,海南省,168,5,
28/02/2020,18:00,吉林省,93,1,
28/02/2020,18:00,山西省,133,0,
28/02/2020,18:00,寧夏回族自治區,72,0,
28/02/2020,18:00,江蘇省,631,0,
28/02/2020,18:00,新疆自治區,76,3,
28/02/2020,18:00,青海省,18,0,
28/02/2020,18:00,西藏自治區,1,0,
28/02/2020,23:59,湖北省,66337,2727,
29/02/2020,9:00,北京巿,410,7,
29/02/2020,9:00,遼寧省,121,1,
29/02/2020,9:00,安徽省,990,6,
29/02/2020,9:00,重慶巿,576,6,
29/02/2020,9:00,陝西省,245,1,
29/02/2020,9:00,天津巿,136,3,
29/02/2020,9:00,福建省,296,1,
29/02/2020,9:00,湖南省,1018,4,
29/02/2020,9:00,四川省,538,3,
29/02/2020,9:00,甘肅省,91,2,
29/02/2020,9:00,黑龍江省,480,13,
29/02/2020,9:00,江西省,935,1,
29/02/2020,9:00,廣東省,1349,7,
29/02/2020,9:00,貴州省,146,2,
29/02/2020,9:00,上海巿,337,3,
29/02/2020,9:00,山東省,756,6,
29/02/2020,9:00,廣西壯族自治區,252,2,
29/02/2020,9:00,雲南省,174,2,
29/02/2020,9:00,內蒙古自治區,75,0,
29/02/2020,9:00,浙江省,1205,1,
29/02/2020,9:00,河南省,1272,21,
29/02/2020,9:00,河北省,318,6,
29/02/2020,9:00,海南省,168,5,
29/02/2020,9:00,吉林省,93,1,
29/02/2020,9:00,山西省,133,0,
29/02/2020,9:00,寧夏回族自治區,72,0,
29/02/2020,9:00,江蘇省,631,0,
29/02/2020,9:00,新疆自治區,76,3,
29/02/2020,9:00,青海省,18,0,
29/02/2020,9:00,西藏自治區,1,0,
29/02/2020,18:00,北京巿,411,8,
29/02/2020,18:00,遼寧省,121,1,
29/02/2020,18:00,安徽省,990,6,
29/02/2020,18:00,重慶巿,576,6,
29/02/2020,18:00,陝西省,245,1,
29/02/2020,18:00,天津巿,136,3,
29/02/2020,18:00,福建省,296,1,
29/02/2020,18:00,湖南省,1018,4,
29/02/2020,18:00,四川省,538,3,
29/02/2020,18:00,甘肅省,91,2,
29/02/2020,18:00,黑龍江省,480,13,
29/02/2020,18:00,江西省,935,1,
29/02/2020,18:00,廣東省,1349,7,
29/02/2020,18:00,貴州省,146,2,
29/02/2020,18:00,上海巿,337,3,
29/02/2020,18:00,山東省,756,6,
29/02/2020,18:00,廣西壯族自治區,252,2,
29/02/2020,18:00,雲南省,174,2,
29/02/2020,18:00,內蒙古自治區,75,0,
29/02/2020,18:00,浙江省,1205,1,
29/02/2020,18:00,河南省,1272,21,
29/02/2020,18:00,河北省,318,6,
29/02/2020,18:00,海南省,168,5,
29/02/2020,18:00,吉林省,93,1,
29/02/2020,18:00,山西省,133,0,
29/02/2020,18:00,寧夏回族自治區,73,0,
29/02/2020,18:00,江蘇省,631,0,
29/02/2020,18:00,新疆自治區,76,3,
29/02/2020,18:00,青海省,18,0,
29/02/2020,18:00,西藏自治區,1,0,
29/02/2020,23:59,湖北省,66907,2761,
01/03/2020,9:00,北京巿,411,8,
01/03/2020,9:00,遼寧省,122,1,
01/03/2020,9:00,安徽省,990,6,
01/03/2020,9:00,重慶巿,576,6,
01/03/2020,9:00,陝西省,245,1,
01/03/2020,9:00,天津巿,136,3,
01/03/2020,9:00,福建省,296,1,
01/03/2020,9:00,湖南省,1018,4,
01/03/2020,9:00,四川省,538,3,
01/03/2020,9:00,甘肅省,91,2,
01/03/2020,9:00,黑龍江省,480,13,
01/03/2020,9:00,江西省,935,1,
01/03/2020,9:00,廣東省,1349,7,
01/03/2020,9:00,貴州省,146,2,
01/03/2020,9:00,上海巿,337,3,
01/03/2020,9:00,山東省,756,6,
01/03/2020,9:00,廣西壯族自治區,252,2,
01/03/2020,9:00,雲南省,174,2,
01/03/2020,9:00,內蒙古自治區,75,0,
01/03/2020,9:00,浙江省,1205,1,
01/03/2020,9:00,河南省,1272,22,
01/03/2020,9:00,河北省,318,6,
01/03/2020,9:00,海南省,168,5,
01/03/2020,9:00,吉林省,93,1,
01/03/2020,9:00,山西省,133,0,
01/03/2020,9:00,寧夏回族自治區,73,0,
01/03/2020,9:00,江蘇省,631,0,
01/03/2020,9:00,新疆自治區,76,3,
01/03/2020,9:00,青海省,18,0,
01/03/2020,9:00,西藏自治區,1,0,
01/03/2020,18:00,北京巿,413,8,
01/03/2020,18:00,遼寧省,122,1,
01/03/2020,18:00,安徽省,990,6,
01/03/2020,18:00,重慶巿,576,6,
01/03/2020,18:00,陝西省,245,1,
01/03/2020,18:00,天津巿,136,3,
01/03/2020,18:00,福建省,296,1,
01/03/2020,18:00,湖南省,1018,4,
01/03/2020,18:00,四川省,538,3,
01/03/2020,18:00,甘肅省,91,2,
01/03/2020,18:00,黑龍江省,480,13,
01/03/2020,18:00,江西省,935,1,
01/03/2020,18:00,廣東省,1349,7,
01/03/2020,18:00,貴州省,146,2,
01/03/2020,18:00,上海巿,337,3,
01/03/2020,18:00,山東省,758,6,
01/03/2020,18:00,廣西壯族自治區,252,2,
01/03/2020,18:00,雲南省,174,2,
01/03/2020,18:00,內蒙古自治區,75,0,
01/03/2020,18:00,浙江省,1205,1,
01/03/2020,18:00,河南省,1272,22,
01/03/2020,18:00,河北省,318,6,
01/03/2020,18:00,海南省,168,5,
01/03/2020,18:00,吉林省,93,1,
01/03/2020,18:00,山西省,133,0,
01/03/2020,18:00,寧夏回族自治區,73,0,
01/03/2020,18:00,江蘇省,631,0,
01/03/2020,18:00,新疆自治區,76,3,
01/03/2020,18:00,青海省,18,0,
01/03/2020,18:00,西藏自治區,1,0,
01/03/2020,23:59,湖北省,67103,2803,
02/03/2020,9:00,北京巿,413,8,
02/03/2020,9:00,遼寧省,122,1,
02/03/2020,9:00,安徽省,990,6,
02/03/2020,9:00,重慶巿,576,6,
02/03/2020,9:00,陝西省,245,1,
02/03/2020,9:00,天津巿,136,3,
02/03/2020,9:00,福建省,296,1,
02/03/2020,9:00,湖南省,1018,4,
02/03/2020,9:00,四川省,538,3,
02/03/2020,9:00,甘肅省,91,2,
02/03/2020,9:00,黑龍江省,480,13,
02/03/2020,9:00,江西省,935,1,
02/03/2020,9:00,廣東省,1350,7,
02/03/2020,9:00,貴州省,146,2,
02/03/2020,9:00,上海巿,337,3,
02/03/2020,9:00,山東省,758,6,
02/03/2020,9:00,廣西壯族自治區,252,2,
02/03/2020,9:00,雲南省,174,2,
02/03/2020,9:00,內蒙古自治區,75,0,
02/03/2020,9:00,浙江省,1205,1,
02/03/2020,9:00,河南省,1272,22,
02/03/2020,9:00,河北省,318,6,
02/03/2020,9:00,海南省,168,5,
02/03/2020,9:00,吉林省,93,1,
02/03/2020,9:00,山西省,133,0,
02/03/2020,9:00,寧夏回族自治區,73,0,
02/03/2020,9:00,江蘇省,631,0,
02/03/2020,9:00,新疆自治區,76,3,
02/03/2020,9:00,青海省,18,0,
02/03/2020,9:00,西藏自治區,1,0,
02/03/2020,18:00,北京巿,414,8,
02/03/2020,18:00,遼寧省,122,1,
02/03/2020,18:00,安徽省,990,6,
02/03/2020,18:00,重慶巿,576,6,
02/03/2020,18:00,陝西省,245,1,
02/03/2020,18:00,天津巿,136,3,
02/03/2020,18:00,福建省,296,1,
02/03/2020,18:00,湖南省,1018,4,
02/03/2020,18:00,四川省,538,3,
02/03/2020,18:00,甘肅省,91,2,
02/03/2020,18:00,黑龍江省,480,13,
02/03/2020,18:00,江西省,935,1,
02/03/2020,18:00,廣東省,1350,7,
02/03/2020,18:00,貴州省,146,2,
02/03/2020,18:00,上海巿,337,3,
02/03/2020,18:00,山東省,758,6,
02/03/2020,18:00,廣西壯族自治區,252,2,
02/03/2020,18:00,雲南省,174,2,
02/03/2020,18:00,內蒙古自治區,75,0,
02/03/2020,18:00,浙江省,1206,1,
02/03/2020,18:00,河南省,1272,22,
02/03/2020,18:00,河北省,318,6,
02/03/2020,18:00,海南省,168,5,
02/03/2020,18:00,吉林省,93,1,
02/03/2020,18:00,山西省,133,0,
02/03/2020,18:00,寧夏回族自治區,74,0,
02/03/2020,18:00,江蘇省,631,0,
02/03/2020,18:00,新疆自治區,76,3,
02/03/2020,18:00,青海省,18,0,
02/03/2020,18:00,西藏自治區,1,0,
02/03/2020,23:59,湖北省,67217,2834,
03/03/2020,9:00,北京巿,414,8,
03/03/2020,9:00,遼寧省,125,1,
03/03/2020,9:00,安徽省,990,6,
03/03/2020,9:00,重慶巿,576,6,
03/03/2020,9:00,陝西省,245,1,
03/03/2020,9:00,天津巿,136,3,
03/03/2020,9:00,福建省,296,1,
03/03/2020,9:00,湖南省,1018,4,
03/03/2020,9:00,四川省,538,3,
03/03/2020,9:00,甘肅省,91,2,
03/03/2020,9:00,黑龍江省,480,13,
03/03/2020,9:00,江西省,935,1,
03/03/2020,9:00,廣東省,1350,7,
03/03/2020,9:00,貴州省,146,2,
03/03/2020,9:00,上海巿,337,3,
03/03/2020,9:00,山東省,758,6,
03/03/2020,9:00,廣西壯族自治區,252,2,
03/03/2020,9:00,雲南省,174,2,
03/03/2020,9:00,內蒙古自治區,75,0,
03/03/2020,9:00,浙江省,1206,1,
03/03/2020,9:00,河南省,1272,22,
03/03/2020,9:00,河北省,318,6,
03/03/2020,9:00,海南省,168,5,
03/03/2020,9:00,吉林省,93,1,
03/03/2020,9:00,山西省,133,0,
03/03/2020,9:00,寧夏回族自治區,74,0,
03/03/2020,9:00,江蘇省,631,0,
03/03/2020,9:00,新疆自治區,76,3,
03/03/2020,9:00,青海省,18,0,
03/03/2020,9:00,西藏自治區,1,0,
03/03/2020,18:00,北京巿,414,8,
03/03/2020,18:00,遼寧省,125,1,
03/03/2020,18:00,安徽省,990,6,
03/03/2020,18:00,重慶巿,576,6,
03/03/2020,18:00,陝西省,245,1,
03/03/2020,18:00,天津巿,136,3,
03/03/2020,18:00,福建省,296,1,
03/03/2020,18:00,湖南省,1018,4,
03/03/2020,18:00,四川省,538,3,
03/03/2020,18:00,甘肅省,91,2,
03/03/2020,18:00,黑龍江省,480,13,
03/03/2020,18:00,江西省,935,1,
03/03/2020,18:00,廣東省,1350,7,
03/03/2020,18:00,貴州省,146,2,
03/03/2020,18:00,上海巿,338,3,
03/03/2020,18:00,山東省,758,6,
03/03/2020,18:00,廣西壯族自治區,252,2,
03/03/2020,18:00,雲南省,174,2,
03/03/2020,18:00,內蒙古自治區,75,1,
03/03/2020,18:00,浙江省,1213,1,
03/03/2020,18:00,河南省,1272,22,
03/03/2020,18:00,河北省,318,6,
03/03/2020,18:00,海南省,168,5,
03/03/2020,18:00,吉林省,93,1,
03/03/2020,18:00,山西省,133,0,
03/03/2020,18:00,寧夏回族自治區,74,0,
03/03/2020,18:00,江蘇省,631,0,
03/03/2020,18:00,新疆自治區,76,3,
03/03/2020,18:00,青海省,18,0,
03/03/2020,18:00,西藏自治區,1,0,
03/03/2020,23:59,湖北省,67332,2871,
04/03/2020,9:00,北京巿,414,8,
04/03/2020,9:00,遼寧省,125,1,
04/03/2020,9:00,安徽省,990,6,
04/03/2020,9:00,重慶巿,576,6,
04/03/2020,9:00,陝西省,245,1,
04/03/2020,9:00,天津巿,136,3,
04/03/2020,9:00,福建省,296,1,
04/03/2020,9:00,湖南省,1018,4,
04/03/2020,9:00,四川省,538,3,
04/03/2020,9:00,甘肅省,91,2,
04/03/2020,9:00,黑龍江省,480,13,
04/03/2020,9:00,江西省,935,1,
04/03/2020,9:00,廣東省,1350,7,
04/03/2020,9:00,貴州省,146,2,
04/03/2020,9:00,上海巿,338,3,
04/03/2020,9:00,山東省,758,6,
04/03/2020,9:00,廣西壯族自治區,252,2,
04/03/2020,9:00,雲南省,174,2,
04/03/2020,9:00,內蒙古自治區,75,1,
04/03/2020,9:00,浙江省,1213,1,
04/03/2020,9:00,河南省,1272,22,
04/03/2020,9:00,河北省,318,6,
04/03/2020,9:00,海南省,168,5,
04/03/2020,9:00,吉林省,93,1,
04/03/2020,9:00,山西省,133,0,
04/03/2020,9:00,寧夏回族自治區,75,0,
04/03/2020,9:00,江蘇省,631,0,
04/03/2020,9:00,新疆自治區,76,3,
04/03/2020,9:00,青海省,18,0,
04/03/2020,9:00,西藏自治區,1,0,
04/03/2020,18:00,北京巿,417,8,
04/03/2020,18:00,遼寧省,125,1,
04/03/2020,18:00,安徽省,990,6,
04/03/2020,18:00,重慶巿,576,6,
04/03/2020,18:00,陝西省,245,1,
04/03/2020,18:00,天津巿,136,3,
04/03/2020,18:00,福建省,296,1,
04/03/2020,18:00,湖南省,1018,4,
04/03/2020,18:00,四川省,538,3,
04/03/2020,18:00,甘肅省,91,2,
04/03/2020,18:00,黑龍江省,480,13,
04/03/2020,18:00,江西省,935,1,
04/03/2020,18:00,廣東省,1350,7,
04/03/2020,18:00,貴州省,146,2,
04/03/2020,18:00,上海巿,338,3,
04/03/2020,18:00,山東省,758,6,
04/03/2020,18:00,廣西壯族自治區,252,2,
04/03/2020,18:00,雲南省,174,2,
04/03/2020,18:00,內蒙古自治區,75,1,
04/03/2020,18:00,浙江省,1213,1,
04/03/2020,18:00,河南省,1272,22,
04/03/2020,18:00,河北省,318,6,
04/03/2020,18:00,海南省,168,5,
04/03/2020,18:00,吉林省,93,1,
04/03/2020,18:00,山西省,133,0,
04/03/2020,18:00,寧夏回族自治區,75,0,
04/03/2020,18:00,江蘇省,631,0,
04/03/2020,18:00,新疆自治區,76,3,
04/03/2020,18:00,青海省,18,0,
04/03/2020,18:00,西藏自治區,1,0,
04/03/2020,23:59,湖北省,67466,2902,
05/03/2020,9:00,北京巿,417,8,
05/03/2020,9:00,遼寧省,125,1,
05/03/2020,9:00,安徽省,990,6,
05/03/2020,9:00,重慶巿,576,6,
05/03/2020,9:00,陝西省,245,1,
05/03/2020,9:00,天津巿,136,3,
05/03/2020,9:00,福建省,296,1,
05/03/2020,9:00,湖南省,1018,4,
05/03/2020,9:00,四川省,539,3,
05/03/2020,9:00,甘肅省,91,2,
05/03/2020,9:00,黑龍江省,481,13,
05/03/2020,9:00,江西省,935,1,
05/03/2020,9:00,廣東省,1350,7,
05/03/2020,9:00,貴州省,146,2,
05/03/2020,9:00,上海巿,338,3,
05/03/2020,9:00,山東省,758,6,
05/03/2020,9:00,廣西壯族自治區,252,2,
05/03/2020,9:00,雲南省,174,2,
05/03/2020,9:00,內蒙古自治區,75,1,
05/03/2020,9:00,浙江省,1215,1,
05/03/2020,9:00,河南省,1272,22,
05/03/2020,9:00,河北省,318,6,
05/03/2020,9:00,海南省,168,5,
05/03/2020,9:00,吉林省,93,1,
05/03/2020,9:00,山西省,133,0,
05/03/2020,9:00,寧夏回族自治區,75,0,
05/03/2020,9:00,江蘇省,631,0,
05/03/2020,9:00,新疆自治區,76,3,
05/03/2020,9:00,青海省,18,0,
05/03/2020,9:00,西藏自治區,1,0,
05/03/2020,18:00,北京巿,418,8,
05/03/2020,18:00,遼寧省,125,1,
05/03/2020,18:00,安徽省,990,6,
05/03/2020,18:00,重慶巿,576,6,
05/03/2020,18:00,陝西省,245,1,
05/03/2020,18:00,天津巿,136,3,
05/03/2020,18:00,福建省,296,1,
05/03/2020,18:00,湖南省,1018,4,
05/03/2020,18:00,四川省,539,3,
05/03/2020,18:00,甘肅省,91,2,
05/03/2020,18:00,黑龍江省,481,13,
05/03/2020,18:00,江西省,935,1,
05/03/2020,18:00,廣東省,1350,7,
05/03/2020,18:00,貴州省,146,2,
05/03/2020,18:00,上海巿,339,3,
05/03/2020,18:00,山東省,758,6,
05/03/2020,18:00,廣西壯族自治區,252,2,
05/03/2020,18:00,雲南省,174,2,
05/03/2020,18:00,內蒙古自治區,75,1,
05/03/2020,18:00,浙江省,1215,1,
05/03/2020,18:00,河南省,1272,22,
05/03/2020,18:00,河北省,318,6,
05/03/2020,18:00,海南省,168,6,
05/03/2020,18:00,吉林省,93,1,
05/03/2020,18:00,山西省,133,0,
05/03/2020,18:00,寧夏回族自治區,75,0,
05/03/2020,18:00,江蘇省,631,0,
05/03/2020,18:00,新疆自治區,76,3,
05/03/2020,18:00,青海省,18,0,
05/03/2020,18:00,西藏自治區,1,0,
05/03/2020,23:59,湖北省,67592,2931,
06/03/2020,9:00,北京巿,422,8,
06/03/2020,9:00,遼寧省,125,1,
06/03/2020,9:00,安徽省,990,6,
06/03/2020,9:00,重慶巿,576,6,
06/03/2020,9:00,陝西省,245,1,
06/03/2020,9:00,天津巿,136,3,
06/03/2020,9:00,福建省,296,1,
06/03/2020,9:00,湖南省,1018,4,
06/03/2020,9:00,四川省,539,3,
06/03/2020,9:00,甘肅省,102,2,
06/03/2020,9:00,黑龍江省,481,13,
06/03/2020,9:00,江西省,935,1,
06/03/2020,9:00,廣東省,1351,7,
06/03/2020,9:00,貴州省,146,2,
06/03/2020,9:00,上海巿,339,3,
06/03/2020,9:00,山東省,758,6,
06/03/2020,9:00,廣西壯族自治區,252,2,
06/03/2020,9:00,雲南省,174,2,
06/03/2020,9:00,內蒙古自治區,75,1,
06/03/2020,9:00,浙江省,1215,1,
06/03/2020,9:00,河南省,1272,22,
06/03/2020,9:00,河北省,318,6,
06/03/2020,9:00,海南省,168,6,
06/03/2020,9:00,吉林省,93,1,
06/03/2020,9:00,山西省,133,0,
06/03/2020,9:00,寧夏回族自治區,75,0,
06/03/2020,9:00,江蘇省,631,0,
06/03/2020,9:00,新疆自治區,76,3,
06/03/2020,9:00,青海省,18,0,
06/03/2020,9:00,西藏自治區,1,0,
06/03/2020,18:00,北京巿,422,8,
06/03/2020,18:00,遼寧省,125,1,
06/03/2020,18:00,安徽省,990,6,
06/03/2020,18:00,重慶巿,576,6,
06/03/2020,18:00,陝西省,245,1,
06/03/2020,18:00,天津巿,136,3,
06/03/2020,18:00,福建省,296,1,
06/03/2020,18:00,湖南省,1018,4,
06/03/2020,18:00,四川省,539,3,
06/03/2020,18:00,甘肅省,102,2,
06/03/2020,18:00,黑龍江省,481,13,
06/03/2020,18:00,江西省,935,1,
06/03/2020,18:00,廣東省,1351,7,
06/03/2020,18:00,貴州省,146,2,
06/03/2020,18:00,上海巿,342,3,
06/03/2020,18:00,山東省,758,6,
06/03/2020,18:00,廣西壯族自治區,252,2,
06/03/2020,18:00,雲南省,174,2,
06/03/2020,18:00,內蒙古自治區,75,1,
06/03/2020,18:00,浙江省,1215,1,
06/03/2020,18:00,河南省,1272,22,
06/03/2020,18:00,河北省,318,6,
06/03/2020,18:00,海南省,168,6,
06/03/2020,18:00,吉林省,93,1,
06/03/2020,18:00,山西省,133,0,
06/03/2020,18:00,寧夏回族自治區,75,0,
06/03/2020,18:00,江蘇省,631,0,
06/03/2020,18:00,新疆自治區,76,3,
06/03/2020,18:00,青海省,18,0,
06/03/2020,18:00,西藏自治區,1,0,
