As of date,As of time,Areas,Number of cases,Number of deaths
20/01/2020,23:59,Shenzhen,1,
22/01/2020,23:59,Guangzhou,5,
22/01/2020,23:59,Shenzhen,15,
22/01/2020,23:59,Zhuhai,4,
22/01/2020,23:59,Foshan,1,
22/01/2020,23:59,Shaoguan,2,
22/01/2020,23:59,Huizhou,1,
22/01/2020,23:59,Zhongshan,1,
22/01/2020,23:59,Zhanjiang,2,
22/01/2020,23:59,Zhaoqing,1,
23/01/2020,23:59,Guangzhou,7,
23/01/2020,23:59,Shenzhen,15,
23/01/2020,23:59,Zhuhai,8,
23/01/2020,23:59,Foshan,6,
23/01/2020,23:59,Shaoguan,3,
23/01/2020,23:59,Huizhou,5,
23/01/2020,23:59,Zhongshan,2,
23/01/2020,23:59,Yangjiang,3,
23/01/2020,23:59,Zhanjiang,2,
23/01/2020,23:59,Zhaoqing,1,
23/01/2020,23:59,Qingyuan,1,
24/01/2020,23:59,Guangzhou,14,
24/01/2020,23:59,Shenzhen,20,
24/01/2020,23:59,Zhuhai,10,
24/01/2020,23:59,Shantou,1,
24/01/2020,23:59,Foshan,9,
24/01/2020,23:59,Shaoguan,3,
24/01/2020,23:59,Huizhou,7,
24/01/2020,23:59,Dongguan,1,
24/01/2020,23:59,Zhongshan,2,
24/01/2020,23:59,Yangjiang,5,
24/01/2020,23:59,Zhanjiang,2,
24/01/2020,23:59,Zhaoqing,2,
24/01/2020,23:59,Qingyuan,2,
25/01/2020,23:59,Guangzhou,14,
25/01/2020,23:59,Shenzhen,27,
25/01/2020,23:59,Zhuhai,10,
25/01/2020,23:59,Shantou,2,
25/01/2020,23:59,Foshan,10,
25/01/2020,23:59,Shaoguan,3,
25/01/2020,23:59,Huizhou,8,
25/01/2020,23:59,Dongguan,2,
25/01/2020,23:59,Zhongshan,2,
25/01/2020,23:59,Yangjiang,6,
25/01/2020,23:59,Zhanjiang,4,
25/01/2020,23:59,Zhaoqing,4,
25/01/2020,23:59,Qingyuan,3,
25/01/2020,23:59,Jieyang,3,
26/01/2020,16:00,Guangzhou,17,
26/01/2020,16:00,Shenzhen,31,
26/01/2020,16:00,Zhuhai,12,
26/01/2020,16:00,Shantou,2,
26/01/2020,16:00,Foshan,10,
26/01/2020,16:00,Shaoguan,4,
26/01/2020,16:00,Meizhou,1,
26/01/2020,16:00,Huizhou,8,
26/01/2020,16:00,Dongguan,2,
26/01/2020,16:00,Zhongshan,2,
26/01/2020,16:00,Yangjiang,8,
26/01/2020,16:00,Zhanjiang,4,
26/01/2020,16:00,Zhaoqing,4,
26/01/2020,16:00,Qingyuan,3,
26/01/2020,16:00,Jieyang,3,
26/01/2020,23:59,Guangzhou,39,
26/01/2020,23:59,Shenzhen,36,
26/01/2020,23:59,Zhuhai,12,
26/01/2020,23:59,Shantou,2,
26/01/2020,23:59,Foshan,14,
26/01/2020,23:59,Shaoguan,4,
26/01/2020,23:59,Meizhou,1,
26/01/2020,23:59,Huizhou,8,
26/01/2020,23:59,Shanwei,1,
26/01/2020,23:59,Dongguan,2,
26/01/2020,23:59,Zhongshan,4,
26/01/2020,23:59,Yangjiang,8,
26/01/2020,23:59,Zhanjiang,5,
26/01/2020,23:59,Zhaoqing,4,
26/01/2020,23:59,Qingyuan,3,
26/01/2020,23:59,Jieyang,3,
27/01/2020,12:00,Guangzhou,41,
27/01/2020,12:00,Shenzhen,36,
27/01/2020,12:00,Zhuhai,12,
27/01/2020,12:00,Shantou,2,
27/01/2020,12:00,Foshan,14,
27/01/2020,12:00,Shaoguan,4,
27/01/2020,12:00,Meizhou,3,
27/01/2020,12:00,Huizhou,8,
27/01/2020,12:00,Shanwei,1,
27/01/2020,12:00,Dongguan,2,
27/01/2020,12:00,Zhongshan,5,
27/01/2020,12:00,Yangjiang,8,
27/01/2020,12:00,Zhanjiang,5,
27/01/2020,12:00,Zhaoqing,4,
27/01/2020,12:00,Qingyuan,3,
27/01/2020,12:00,Jieyang,3,
27/01/2020,23:59,Guangzhou,51,
27/01/2020,23:59,Shenzhen,49,
27/01/2020,23:59,Zhuhai,12,
27/01/2020,23:59,Shantou,5,
27/01/2020,23:59,Foshan,18,
27/01/2020,23:59,Shaoguan,4,
27/01/2020,23:59,Meizhou,3,
27/01/2020,23:59,Huizhou,11,
27/01/2020,23:59,Shanwei,1,
27/01/2020,23:59,Dongguan,2,
27/01/2020,23:59,Zhongshan,6,
27/01/2020,23:59,Yangjiang,8,
27/01/2020,23:59,Zhanjiang,5,
27/01/2020,23:59,Zhaoqing,4,
27/01/2020,23:59,Qingyuan,5,
27/01/2020,23:59,Jieyang,4,
28/01/2020,12:00,Guangzhou,51,
28/01/2020,12:00,Shenzhen,57,
28/01/2020,12:00,Zhuhai,12,
28/01/2020,12:00,Shantou,5,
28/01/2020,12:00,Foshan,18,
28/01/2020,12:00,Shaoguan,4,
28/01/2020,12:00,Meizhou,4,
28/01/2020,12:00,Huizhou,11,
28/01/2020,12:00,Shanwei,1,
28/01/2020,12:00,Dongguan,7,
28/01/2020,12:00,Zhongshan,6,
28/01/2020,12:00,Yangjiang,9,
28/01/2020,12:00,Zhanjiang,7,
28/01/2020,12:00,Zhaoqing,4,
28/01/2020,12:00,Qingyuan,6,
28/01/2020,12:00,Jieyang,4,
28/01/2020,12:00,Heyuan,1,
28/01/2020,23:59,Guangzhou,51,
28/01/2020,23:59,Shenzhen,57,
28/01/2020,23:59,Zhuhai,12,
28/01/2020,23:59,Shantou,5,
28/01/2020,23:59,Foshan,18,
28/01/2020,23:59,Shaoguan,4,
28/01/2020,23:59,Meizhou,4,
28/01/2020,23:59,Huizhou,11,
28/01/2020,23:59,Shanwei,1,
28/01/2020,23:59,Dongguan,7,
28/01/2020,23:59,Zhongshan,6,
28/01/2020,23:59,Yangjiang,9,
28/01/2020,23:59,Zhanjiang,7,
28/01/2020,23:59,Zhaoqing,4,
28/01/2020,23:59,Qingyuan,6,
28/01/2020,23:59,Jieyang,4,
28/01/2020,23:59,Heyuan,1,
29/01/2020,12:00,Guangzhou,63,
29/01/2020,12:00,Shenzhen,80,
29/01/2020,12:00,Zhuhai,18,
29/01/2020,12:00,Shantou,8,
29/01/2020,12:00,Foshan,21,
29/01/2020,12:00,Shaoguan,4,
29/01/2020,12:00,Meizhou,4,
29/01/2020,12:00,Huizhou,12,
29/01/2020,12:00,Shanwei,1,
29/01/2020,12:00,Dongguan,7,
29/01/2020,12:00,Zhongshan,13,
29/01/2020,12:00,Yangjiang,10,
29/01/2020,12:00,Zhanjiang,9,
29/01/2020,12:00,Zhaoqing,5,
29/01/2020,12:00,Qingyuan,6,
29/01/2020,12:00,Jieyang,6,
29/01/2020,12:00,Heyuan,1,
29/01/2020,12:00,Jiangmen,1,
29/01/2020,12:00,Maoming,3,
29/01/2020,23:59,Guangzhou,63,
29/01/2020,23:59,Shenzhen,80,
29/01/2020,23:59,Zhuhai,18,
29/01/2020,23:59,Shantou,8,
29/01/2020,23:59,Foshan,21,
29/01/2020,23:59,Shaoguan,4,
29/01/2020,23:59,Meizhou,4,
29/01/2020,23:59,Huizhou,12,
29/01/2020,23:59,Shanwei,1,
29/01/2020,23:59,Dongguan,7,
29/01/2020,23:59,Zhongshan,13,
29/01/2020,23:59,Yangjiang,10,
29/01/2020,23:59,Zhanjiang,9,
29/01/2020,23:59,Zhaoqing,5,
29/01/2020,23:59,Qingyuan,6,
29/01/2020,23:59,Jieyang,6,
29/01/2020,23:59,Heyuan,1,
29/01/2020,23:59,Jiangmen,1,
29/01/2020,23:59,Maoming,3,
30/01/2020,12:00,Guangzhou,94,
30/01/2020,12:00,Shenzhen,98,
30/01/2020,12:00,Zhuhai,26,
30/01/2020,12:00,Shantou,12,
30/01/2020,12:00,Foshan,25,
30/01/2020,12:00,Shaoguan,4,
30/01/2020,12:00,Meizhou,5,
30/01/2020,12:00,Huizhou,17,
30/01/2020,12:00,Shanwei,1,
30/01/2020,12:00,Dongguan,11,
30/01/2020,12:00,Zhongshan,18,
30/01/2020,12:00,Yangjiang,10,
30/01/2020,12:00,Zhanjiang,11,
30/01/2020,12:00,Zhaoqing,5,
30/01/2020,12:00,Qingyuan,6,
30/01/2020,12:00,Jieyang,6,
30/01/2020,12:00,Heyuan,1,
30/01/2020,12:00,Jiangmen,1,
30/01/2020,12:00,Maoming,3,
30/01/2020,23:59,Guangzhou,106,
30/01/2020,23:59,Shenzhen,110,
30/01/2020,23:59,Zhuhai,26,
30/01/2020,23:59,Shantou,12,
30/01/2020,23:59,Foshan,32,
30/01/2020,23:59,Shaoguan,4,
30/01/2020,23:59,Meizhou,5,
30/01/2020,23:59,Huizhou,17,
30/01/2020,23:59,Shanwei,3,
30/01/2020,23:59,Dongguan,16,
30/01/2020,23:59,Zhongshan,18,
30/01/2020,23:59,Yangjiang,10,
30/01/2020,23:59,Zhanjiang,11,
30/01/2020,23:59,Zhaoqing,6,
30/01/2020,23:59,Qingyuan,6,
30/01/2020,23:59,Jieyang,6,
30/01/2020,23:59,Heyuan,1,
30/01/2020,23:59,Jiangmen,1,
30/01/2020,23:59,Maoming,3,
31/01/2020,12:00,Guangzhou,112,
31/01/2020,12:00,Shenzhen,134,
31/01/2020,12:00,Zhuhai,34,
31/01/2020,12:00,Shantou,12,
31/01/2020,12:00,Foshan,33,
31/01/2020,12:00,Shaoguan,4,
31/01/2020,12:00,Meizhou,5,
31/01/2020,12:00,Huizhou,20,
31/01/2020,12:00,Shanwei,3,
31/01/2020,12:00,Dongguan,16,
31/01/2020,12:00,Zhongshan,18,
31/01/2020,12:00,Yangjiang,10,
31/01/2020,12:00,Zhanjiang,11,
31/01/2020,12:00,Zhaoqing,6,
31/01/2020,12:00,Qingyuan,6,
31/01/2020,12:00,Jieyang,6,
31/01/2020,12:00,Heyuan,1,
31/01/2020,12:00,Jiangmen,2,
31/01/2020,12:00,Maoming,3,
31/01/2020,23:59,Guangzhou,137,
31/01/2020,23:59,Shenzhen,170,
31/01/2020,23:59,Zhuhai,38,
31/01/2020,23:59,Shantou,14,
31/01/2020,23:59,Foshan,38,
31/01/2020,23:59,Shaoguan,4,
31/01/2020,23:59,Meizhou,5,
31/01/2020,23:59,Huizhou,20,
31/01/2020,23:59,Shanwei,4,
31/01/2020,23:59,Dongguan,21,
31/01/2020,23:59,Zhongshan,18,
31/01/2020,23:59,Yangjiang,10,
31/01/2020,23:59,Zhanjiang,13,
31/01/2020,23:59,Zhaoqing,6,
31/01/2020,23:59,Qingyuan,6,
31/01/2020,23:59,Jieyang,6,
31/01/2020,23:59,Heyuan,1,
31/01/2020,23:59,Jiangmen,3,
31/01/2020,23:59,Maoming,3,
31/01/2020,23:59,Chaozhou,3,
01/02/2020,12:00,Guangzhou,150,
01/02/2020,12:00,Shenzhen,170,
01/02/2020,12:00,Zhuhai,38,
01/02/2020,12:00,Shantou,14,
01/02/2020,12:00,Foshan,39,
01/02/2020,12:00,Shaoguan,4,
01/02/2020,12:00,Meizhou,6,
01/02/2020,12:00,Huizhou,20,
01/02/2020,12:00,Shanwei,4,
01/02/2020,12:00,Dongguan,21,
01/02/2020,12:00,Zhongshan,18,
01/02/2020,12:00,Yangjiang,10,
01/02/2020,12:00,Zhanjiang,13,
01/02/2020,12:00,Zhaoqing,6,
01/02/2020,12:00,Qingyuan,6,
01/02/2020,12:00,Jieyang,6,
01/02/2020,12:00,Heyuan,1,
01/02/2020,12:00,Jiangmen,3,
01/02/2020,12:00,Maoming,3,
01/02/2020,12:00,Chaozhou,3,
01/02/2020,23:59,Guangzhou,175,
01/02/2020,23:59,Shenzhen,196,
01/02/2020,23:59,Zhuhai,41,
01/02/2020,23:59,Shantou,14,
01/02/2020,23:59,Foshan,39,
01/02/2020,23:59,Shaoguan,5,
01/02/2020,23:59,Meizhou,6,
01/02/2020,23:59,Huizhou,23,
01/02/2020,23:59,Shanwei,4,
01/02/2020,23:59,Dongguan,27,
01/02/2020,23:59,Zhongshan,21,
01/02/2020,23:59,Yangjiang,10,
01/02/2020,23:59,Zhanjiang,14,
01/02/2020,23:59,Zhaoqing,7,
01/02/2020,23:59,Qingyuan,6,
01/02/2020,23:59,Jieyang,6,
01/02/2020,23:59,Heyuan,1,
01/02/2020,23:59,Jiangmen,3,
01/02/2020,23:59,Maoming,3,
01/02/2020,23:59,Chaozhou,3,
02/02/2020,12:00,Guangzhou,179,
02/02/2020,12:00,Shenzhen,207,
02/02/2020,12:00,Zhuhai,47,
02/02/2020,12:00,Shantou,15,
02/02/2020,12:00,Foshan,43,
02/02/2020,12:00,Shaoguan,5,
02/02/2020,12:00,Meizhou,7,
02/02/2020,12:00,Huizhou,23,
02/02/2020,12:00,Shanwei,4,
02/02/2020,12:00,Dongguan,27,
02/02/2020,12:00,Zhongshan,21,
02/02/2020,12:00,Yangjiang,10,
02/02/2020,12:00,Zhanjiang,14,
02/02/2020,12:00,Zhaoqing,7,
02/02/2020,12:00,Qingyuan,6,
02/02/2020,12:00,Jieyang,6,
02/02/2020,12:00,Heyuan,1,
02/02/2020,12:00,Jiangmen,3,
02/02/2020,12:00,Maoming,3,
02/02/2020,12:00,Chaozhou,4,
02/02/2020,23:59,Guangzhou,189,
02/02/2020,23:59,Shenzhen,226,
02/02/2020,23:59,Zhuhai,51,
02/02/2020,23:59,Shantou,17,
02/02/2020,23:59,Foshan,43,
02/02/2020,23:59,Shaoguan,5,
02/02/2020,23:59,Meizhou,7,
02/02/2020,23:59,Huizhou,28,
02/02/2020,23:59,Shanwei,5,
02/02/2020,23:59,Dongguan,31,
02/02/2020,23:59,Zhongshan,25,
02/02/2020,23:59,Yangjiang,10,
02/02/2020,23:59,Zhanjiang,14,
02/02/2020,23:59,Zhaoqing,7,
02/02/2020,23:59,Qingyuan,6,
02/02/2020,23:59,Jieyang,6,
02/02/2020,23:59,Heyuan,1,
02/02/2020,23:59,Jiangmen,4,
02/02/2020,23:59,Maoming,4,
02/02/2020,23:59,Chaozhou,4,
03/02/2020,12:00,Guangzhou,200,
03/02/2020,12:00,Shenzhen,245,
03/02/2020,12:00,Zhuhai,55,
03/02/2020,12:00,Shantou,18,
03/02/2020,12:00,Foshan,45,
03/02/2020,12:00,Shaoguan,5,
03/02/2020,12:00,Meizhou,8,
03/02/2020,12:00,Huizhou,28,
03/02/2020,12:00,Shanwei,5,
03/02/2020,12:00,Dongguan,31,
03/02/2020,12:00,Zhongshan,25,
03/02/2020,12:00,Yangjiang,10,
03/02/2020,12:00,Zhanjiang,14,
03/02/2020,12:00,Zhaoqing,10,
03/02/2020,12:00,Qingyuan,7,
03/02/2020,12:00,Jieyang,6,
03/02/2020,12:00,Heyuan,1,
03/02/2020,12:00,Jiangmen,4,
03/02/2020,12:00,Maoming,4,
03/02/2020,12:00,Chaozhou,4,
03/02/2020,23:59,Guangzhou,216,
03/02/2020,23:59,Shenzhen,269,
03/02/2020,23:59,Zhuhai,64,
03/02/2020,23:59,Shantou,18,
03/02/2020,23:59,Foshan,46,
03/02/2020,23:59,Shaoguan,6,
03/02/2020,23:59,Meizhou,9,
03/02/2020,23:59,Huizhou,29,
03/02/2020,23:59,Shanwei,5,
03/02/2020,23:59,Dongguan,37,
03/02/2020,23:59,Zhongshan,31,
03/02/2020,23:59,Yangjiang,12,
03/02/2020,23:59,Zhanjiang,15,
03/02/2020,23:59,Zhaoqing,10,
03/02/2020,23:59,Qingyuan,8,
03/02/2020,23:59,Jieyang,6,
03/02/2020,23:59,Heyuan,1,
03/02/2020,23:59,Jiangmen,6,
03/02/2020,23:59,Maoming,5,
03/02/2020,23:59,Chaozhou,4,
04/02/2020,12:00,Guangzhou,224,
04/02/2020,12:00,Shenzhen,271,
04/02/2020,12:00,Zhuhai,64,
04/02/2020,12:00,Shantou,18,
04/02/2020,12:00,Foshan,49,
04/02/2020,12:00,Shaoguan,6,
04/02/2020,12:00,Meizhou,9,
04/02/2020,12:00,Huizhou,29,
04/02/2020,12:00,Shanwei,5,
04/02/2020,12:00,Dongguan,37,
04/02/2020,12:00,Zhongshan,31,
04/02/2020,12:00,Yangjiang,12,
04/02/2020,12:00,Zhanjiang,18,
04/02/2020,12:00,Zhaoqing,10,
04/02/2020,12:00,Qingyuan,8,
04/02/2020,12:00,Jieyang,6,
04/02/2020,12:00,Heyuan,1,
04/02/2020,12:00,Jiangmen,6,
04/02/2020,12:00,Maoming,5,
04/02/2020,12:00,Chaozhou,4,
04/02/2020,23:59,Guangzhou,237,
04/02/2020,23:59,Shenzhen,289,
04/02/2020,23:59,Zhuhai,69,
04/02/2020,23:59,Shantou,20,
04/02/2020,23:59,Foshan,49,
04/02/2020,23:59,Shaoguan,6,
04/02/2020,23:59,Meizhou,10,
04/02/2020,23:59,Huizhou,31,
04/02/2020,23:59,Shanwei,5,
04/02/2020,23:59,Dongguan,44,
04/02/2020,23:59,Zhongshan,35,
04/02/2020,23:59,Yangjiang,12,
04/02/2020,23:59,Zhanjiang,18,
04/02/2020,23:59,Zhaoqing,11,
04/02/2020,23:59,Qingyuan,10,
04/02/2020,23:59,Jieyang,6,
04/02/2020,23:59,Heyuan,1,
04/02/2020,23:59,Jiangmen,7,
04/02/2020,23:59,Maoming,6,
04/02/2020,23:59,Chaozhou,4,
05/02/2020,12:00,Guangzhou,249,
05/02/2020,12:00,Shenzhen,291,
05/02/2020,12:00,Zhuhai,72,
05/02/2020,12:00,Shantou,20,
05/02/2020,12:00,Foshan,50,
05/02/2020,12:00,Shaoguan,6,
05/02/2020,12:00,Meizhou,10,
05/02/2020,12:00,Huizhou,34,
05/02/2020,12:00,Shanwei,5,
05/02/2020,12:00,Dongguan,44,
05/02/2020,12:00,Zhongshan,36,
05/02/2020,12:00,Yangjiang,12,
05/02/2020,12:00,Zhanjiang,18,
05/02/2020,12:00,Zhaoqing,13,
05/02/2020,12:00,Qingyuan,10,
05/02/2020,12:00,Jieyang,6,
05/02/2020,12:00,Heyuan,1,
05/02/2020,12:00,Jiangmen,7,
05/02/2020,12:00,Maoming,6,
05/02/2020,12:00,Chaozhou,5,
05/02/2020,23:59,Guangzhou,255,
05/02/2020,23:59,Shenzhen,314,
05/02/2020,23:59,Zhuhai,73,
05/02/2020,23:59,Shantou,20,
05/02/2020,23:59,Foshan,50,
05/02/2020,23:59,Shaoguan,6,
05/02/2020,23:59,Meizhou,12,
05/02/2020,23:59,Huizhou,35,
05/02/2020,23:59,Shanwei,5,
05/02/2020,23:59,Dongguan,47,
05/02/2020,23:59,Zhongshan,44,
05/02/2020,23:59,Yangjiang,13,
05/02/2020,23:59,Zhanjiang,19,
05/02/2020,23:59,Zhaoqing,13,
05/02/2020,23:59,Qingyuan,10,
05/02/2020,23:59,Jieyang,7,
05/02/2020,23:59,Heyuan,1,
05/02/2020,23:59,Jiangmen,9,
05/02/2020,23:59,Maoming,6,
05/02/2020,23:59,Chaozhou,5,
06/02/2020,12:00,Guangzhou,270,
06/02/2020,12:00,Shenzhen,316,
06/02/2020,12:00,Zhuhai,73,
06/02/2020,12:00,Shantou,21,
06/02/2020,12:00,Foshan,57,
06/02/2020,12:00,Shaoguan,6,
06/02/2020,12:00,Meizhou,12,
06/02/2020,12:00,Huizhou,35,
06/02/2020,12:00,Shanwei,5,
06/02/2020,12:00,Dongguan,47,
06/02/2020,12:00,Zhongshan,44,
06/02/2020,12:00,Yangjiang,13,
06/02/2020,12:00,Zhanjiang,19,
06/02/2020,12:00,Zhaoqing,14,
06/02/2020,12:00,Qingyuan,10,
06/02/2020,12:00,Jieyang,7,
06/02/2020,12:00,Heyuan,1,
06/02/2020,12:00,Jiangmen,9,
06/02/2020,12:00,Maoming,6,
06/02/2020,12:00,Chaozhou,5,
06/02/2020,23:59,Guangzhou,284,
06/02/2020,23:59,Shenzhen,334,
06/02/2020,23:59,Zhuhai,73,
06/02/2020,23:59,Shantou,22,
06/02/2020,23:59,Foshan,57,
06/02/2020,23:59,Shaoguan,6,
06/02/2020,23:59,Meizhou,12,
06/02/2020,23:59,Huizhou,39,
06/02/2020,23:59,Shanwei,5,
06/02/2020,23:59,Dongguan,53,
06/02/2020,23:59,Zhongshan,46,
06/02/2020,23:59,Yangjiang,13,
06/02/2020,23:59,Zhanjiang,19,
06/02/2020,23:59,Zhaoqing,14,
06/02/2020,23:59,Qingyuan,10,
06/02/2020,23:59,Jieyang,7,
06/02/2020,23:59,Heyuan,2,
06/02/2020,23:59,Jiangmen,11,
06/02/2020,23:59,Maoming,6,
06/02/2020,23:59,Chaozhou,5,
07/02/2020,12:00,Guangzhou,285,
07/02/2020,12:00,Shenzhen,339,
07/02/2020,12:00,Zhuhai,76,
07/02/2020,12:00,Shantou,22,
07/02/2020,12:00,Foshan,59,
07/02/2020,12:00,Shaoguan,6,
07/02/2020,12:00,Meizhou,12,
07/02/2020,12:00,Huizhou,39,
07/02/2020,12:00,Shanwei,5,
07/02/2020,12:00,Dongguan,53,
07/02/2020,12:00,Zhongshan,46,
07/02/2020,12:00,Yangjiang,13,
07/02/2020,12:00,Zhanjiang,20,
07/02/2020,12:00,Zhaoqing,14,
07/02/2020,12:00,Qingyuan,10,
07/02/2020,12:00,Jieyang,7,
07/02/2020,12:00,Heyuan,3,
07/02/2020,12:00,Jiangmen,14,
07/02/2020,12:00,Maoming,6,
07/02/2020,12:00,Chaozhou,5,
07/02/2020,23:59,Guangzhou,298,
07/02/2020,23:59,Shenzhen,351,
07/02/2020,23:59,Zhuhai,82,
07/02/2020,23:59,Shantou,25,
07/02/2020,23:59,Foshan,60,
07/02/2020,23:59,Shaoguan,6,
07/02/2020,23:59,Meizhou,13,
07/02/2020,23:59,Huizhou,41,
07/02/2020,23:59,Shanwei,5,
07/02/2020,23:59,Dongguan,56,
07/02/2020,23:59,Zhongshan,46,
07/02/2020,23:59,Yangjiang,13,
07/02/2020,23:59,Zhanjiang,20,
07/02/2020,23:59,Zhaoqing,14,
07/02/2020,23:59,Qingyuan,10,
07/02/2020,23:59,Jieyang,7,
07/02/2020,23:59,Heyuan,3,
07/02/2020,23:59,Jiangmen,14,
07/02/2020,23:59,Maoming,6,
07/02/2020,23:59,Chaozhou,5,
08/02/2020,12:00,Guangzhou,301,
08/02/2020,12:00,Shenzhen,354,
08/02/2020,12:00,Zhuhai,83,
08/02/2020,12:00,Shantou,25,
08/02/2020,12:00,Foshan,64,
08/02/2020,12:00,Shaoguan,6,
08/02/2020,12:00,Meizhou,13,
08/02/2020,12:00,Huizhou,47,
08/02/2020,12:00,Shanwei,5,
08/02/2020,12:00,Dongguan,56,
08/02/2020,12:00,Zhongshan,46,
08/02/2020,12:00,Yangjiang,13,
08/02/2020,12:00,Zhanjiang,20,
08/02/2020,12:00,Zhaoqing,14,
08/02/2020,12:00,Qingyuan,10,
08/02/2020,12:00,Jieyang,7,
08/02/2020,12:00,Heyuan,3,
08/02/2020,12:00,Jiangmen,15,
08/02/2020,12:00,Maoming,8,
08/02/2020,12:00,Chaozhou,5,
08/02/2020,23:59,Guangzhou,304,
08/02/2020,23:59,Shenzhen,364,
08/02/2020,23:59,Zhuhai,83,
08/02/2020,23:59,Shantou,25,
08/02/2020,23:59,Foshan,65,
08/02/2020,23:59,Shaoguan,6,
08/02/2020,23:59,Meizhou,13,
08/02/2020,23:59,Huizhou,47,
08/02/2020,23:59,Shanwei,5,
08/02/2020,23:59,Dongguan,58,
08/02/2020,23:59,Zhongshan,51,
08/02/2020,23:59,Yangjiang,13,
08/02/2020,23:59,Zhanjiang,21,
08/02/2020,23:59,Zhaoqing,14,
08/02/2020,23:59,Qingyuan,10,
08/02/2020,23:59,Jieyang,7,
08/02/2020,23:59,Heyuan,3,
08/02/2020,23:59,Jiangmen,17,
08/02/2020,23:59,Maoming,9,
08/02/2020,23:59,Chaozhou,5,
09/02/2020,12:00,Guangzhou,307,
09/02/2020,12:00,Shenzhen,366,
09/02/2020,12:00,Zhuhai,83,
09/02/2020,12:00,Shantou,25,
09/02/2020,12:00,Foshan,67,
09/02/2020,12:00,Shaoguan,6,
09/02/2020,12:00,Meizhou,13,
09/02/2020,12:00,Huizhou,48,
09/02/2020,12:00,Shanwei,5,
09/02/2020,12:00,Dongguan,58,
09/02/2020,12:00,Zhongshan,51,
09/02/2020,12:00,Yangjiang,13,
09/02/2020,12:00,Zhanjiang,21,
09/02/2020,12:00,Zhaoqing,14,
09/02/2020,12:00,Qingyuan,10,
09/02/2020,12:00,Jieyang,7,
09/02/2020,12:00,Heyuan,3,
09/02/2020,12:00,Jiangmen,19,
09/02/2020,12:00,Maoming,10,
09/02/2020,12:00,Chaozhou,5,
09/02/2020,23:59,Guangzhou,313,
09/02/2020,23:59,Shenzhen,368,
09/02/2020,23:59,Zhuhai,85,
09/02/2020,23:59,Shantou,25,
09/02/2020,23:59,Foshan,68,
09/02/2020,23:59,Shaoguan,6,
09/02/2020,23:59,Meizhou,13,
09/02/2020,23:59,Huizhou,50,
09/02/2020,23:59,Shanwei,5,
09/02/2020,23:59,Dongguan,60,
09/02/2020,23:59,Zhongshan,56,
09/02/2020,23:59,Yangjiang,13,
09/02/2020,23:59,Zhanjiang,21,
09/02/2020,23:59,Zhaoqing,14,
09/02/2020,23:59,Qingyuan,10,
09/02/2020,23:59,Jieyang,7,
09/02/2020,23:59,Heyuan,3,
09/02/2020,23:59,Jiangmen,19,
09/02/2020,23:59,Maoming,10,
09/02/2020,23:59,Chaozhou,5,
10/02/2020,12:00,Guangzhou,314,0
10/02/2020,12:00,Shenzhen,369,0
10/02/2020,12:00,Zhuhai,85,0
10/02/2020,12:00,Shantou,25,0
10/02/2020,12:00,Foshan,70,0
10/02/2020,12:00,Shaoguan,6,0
10/02/2020,12:00,Meizhou,13,0
10/02/2020,12:00,Huizhou,52,0
10/02/2020,12:00,Shanwei,5,0
10/02/2020,12:00,Dongguan,60,0
10/02/2020,12:00,Zhongshan,56,0
10/02/2020,12:00,Yangjiang,13,0
10/02/2020,12:00,Zhanjiang,21,0
10/02/2020,12:00,Zhaoqing,15,1
10/02/2020,12:00,Qingyuan,10,0
10/02/2020,12:00,Jieyang,7,0
10/02/2020,12:00,Heyuan,3,0
10/02/2020,12:00,Jiangmen,20,0
10/02/2020,12:00,Maoming,10,0
10/02/2020,12:00,Chaozhou,5,0
10/02/2020,23:59,Guangzhou,317,0
10/02/2020,23:59,Shenzhen,375,0
10/02/2020,23:59,Zhuhai,86,0
10/02/2020,23:59,Shantou,25,0
10/02/2020,23:59,Foshan,70,0
10/02/2020,23:59,Shaoguan,7,0
10/02/2020,23:59,Meizhou,13,0
10/02/2020,23:59,Huizhou,53,0
10/02/2020,23:59,Shanwei,5,0
10/02/2020,23:59,Dongguan,62,0
10/02/2020,23:59,Zhongshan,58,0
10/02/2020,23:59,Yangjiang,13,0
10/02/2020,23:59,Zhanjiang,21,0
10/02/2020,23:59,Zhaoqing,15,1
10/02/2020,23:59,Qingyuan,10,0
10/02/2020,23:59,Jieyang,8,0
10/02/2020,23:59,Heyuan,3,0
10/02/2020,23:59,Jiangmen,20,0
10/02/2020,23:59,Maoming,11,0
10/02/2020,23:59,Chaozhou,5,0
11/02/2020,23:59,Guangzhou,323,0
11/02/2020,23:59,Shenzhen,386,0
11/02/2020,23:59,Zhuhai,87,0
11/02/2020,23:59,Shantou,25,0
11/02/2020,23:59,Foshan,78,0
11/02/2020,23:59,Shaoguan,7,0
11/02/2020,23:59,Meizhou,13,0
11/02/2020,23:59,Huizhou,54,0
11/02/2020,23:59,Shanwei,5,0
11/02/2020,23:59,Dongguan,67,0
11/02/2020,23:59,Zhongshan,62,0
11/02/2020,23:59,Yangjiang,13,0
11/02/2020,23:59,Zhanjiang,21,0
11/02/2020,23:59,Zhaoqing,16,1
11/02/2020,23:59,Qingyuan,12,0
11/02/2020,23:59,Jieyang,8,0
11/02/2020,23:59,Heyuan,3,0
11/02/2020,23:59,Jiangmen,21,0
11/02/2020,23:59,Maoming,13,0
11/02/2020,23:59,Chaozhou,5,0
12/02/2020,23:59,Guangzhou,327,0
12/02/2020,23:59,Shenzhen,391,0
12/02/2020,23:59,Zhuhai,89,0
12/02/2020,23:59,Shantou,25,0
12/02/2020,23:59,Foshan,81,0
12/02/2020,23:59,Shaoguan,8,0
12/02/2020,23:59,Meizhou,13,0
12/02/2020,23:59,Huizhou,55,0
12/02/2020,23:59,Shanwei,5,0
12/02/2020,23:59,Dongguan,70,1
12/02/2020,23:59,Zhongshan,64,0
12/02/2020,23:59,Yangjiang,13,0
12/02/2020,23:59,Zhanjiang,21,0
12/02/2020,23:59,Zhaoqing,16,1
12/02/2020,23:59,Qingyuan,12,0
12/02/2020,23:59,Jieyang,8,0
12/02/2020,23:59,Heyuan,3,0
12/02/2020,23:59,Jiangmen,22,0
12/02/2020,23:59,Maoming,13,0
12/02/2020,23:59,Chaozhou,5,0
13/02/2020,23:59,Guangzhou,328,0
13/02/2020,23:59,Shenzhen,400,0
13/02/2020,23:59,Zhuhai,91,0
13/02/2020,23:59,Shantou,25,0
13/02/2020,23:59,Foshan,82,0
13/02/2020,23:59,Shaoguan,8,0
13/02/2020,23:59,Meizhou,14,0
13/02/2020,23:59,Huizhou,56,0
13/02/2020,23:59,Shanwei,5,0
13/02/2020,23:59,Dongguan,73,1
13/02/2020,23:59,Zhongshan,64,0
13/02/2020,23:59,Yangjiang,13,0
13/02/2020,23:59,Zhanjiang,22,0
13/02/2020,23:59,Zhaoqing,17,1
13/02/2020,23:59,Qingyuan,12,0
13/02/2020,23:59,Jieyang,8,0
13/02/2020,23:59,Heyuan,3,0
13/02/2020,23:59,Jiangmen,22,0
13/02/2020,23:59,Maoming,13,0
13/02/2020,23:59,Chaozhou,5,0
14/02/2020,23:59,Guangzhou,335,0
14/02/2020,23:59,Shenzhen,406,0
14/02/2020,23:59,Zhuhai,95,0
14/02/2020,23:59,Shantou,25,0
14/02/2020,23:59,Foshan,84,0
14/02/2020,23:59,Shaoguan,10,0
14/02/2020,23:59,Meizhou,15,0
14/02/2020,23:59,Huizhou,58,0
14/02/2020,23:59,Shanwei,5,0
14/02/2020,23:59,Dongguan,81,1
14/02/2020,23:59,Zhongshan,65,0
14/02/2020,23:59,Yangjiang,13,0
14/02/2020,23:59,Zhanjiang,22,0
14/02/2020,23:59,Zhaoqing,17,1
14/02/2020,23:59,Qingyuan,12,0
14/02/2020,23:59,Jieyang,8,0
14/02/2020,23:59,Heyuan,3,0
14/02/2020,23:59,Jiangmen,22,0
14/02/2020,23:59,Maoming,13,0
14/02/2020,23:59,Chaozhou,5,0
15/02/2020,23:59,Guangzhou,338,0
15/02/2020,23:59,Shenzhen,414,0
15/02/2020,23:59,Zhuhai,96,0
15/02/2020,23:59,Shantou,25,0
15/02/2020,23:59,Foshan,84,0
15/02/2020,23:59,Shaoguan,10,0
15/02/2020,23:59,Meizhou,16,0
15/02/2020,23:59,Huizhou,58,0
15/02/2020,23:59,Shanwei,5,0
15/02/2020,23:59,Dongguan,89,1
15/02/2020,23:59,Zhongshan,65,0
15/02/2020,23:59,Yangjiang,13,0
15/02/2020,23:59,Zhanjiang,22,0
15/02/2020,23:59,Zhaoqing,17,1
15/02/2020,23:59,Qingyuan,12,0
15/02/2020,23:59,Jieyang,8,0
15/02/2020,23:59,Heyuan,3,0
15/02/2020,23:59,Jiangmen,23,0
15/02/2020,23:59,Maoming,13,0
15/02/2020,23:59,Chaozhou,5,0
16/02/2020,23:59,Guangzhou,339,0
16/02/2020,23:59,Shenzhen,415,2
16/02/2020,23:59,Zhuhai,97,0
16/02/2020,23:59,Shantou,25,0
16/02/2020,23:59,Foshan,84,0
16/02/2020,23:59,Shaoguan,10,0
16/02/2020,23:59,Meizhou,16,0
16/02/2020,23:59,Huizhou,58,0
16/02/2020,23:59,Shanwei,5,0
16/02/2020,23:59,Dongguan,89,1
16/02/2020,23:59,Zhongshan,66,0
16/02/2020,23:59,Yangjiang,13,0
16/02/2020,23:59,Zhanjiang,22,0
16/02/2020,23:59,Zhaoqing,17,1
16/02/2020,23:59,Qingyuan,12,0
16/02/2020,23:59,Jieyang,8,0
16/02/2020,23:59,Heyuan,4,0
16/02/2020,23:59,Jiangmen,23,0
16/02/2020,23:59,Maoming,14,0
16/02/2020,23:59,Chaozhou,5,0
17/02/2020,23:59,Guangzhou,339,0
17/02/2020,23:59,Shenzhen,416,2
17/02/2020,23:59,Zhuhai,98,0
17/02/2020,23:59,Shantou,25,0
17/02/2020,23:59,Foshan,84,0
17/02/2020,23:59,Shaoguan,10,0
17/02/2020,23:59,Meizhou,16,0
17/02/2020,23:59,Huizhou,59,0
17/02/2020,23:59,Shanwei,5,0
17/02/2020,23:59,Dongguan,91,1
17/02/2020,23:59,Zhongshan,66,0
17/02/2020,23:59,Yangjiang,13,0
17/02/2020,23:59,Zhanjiang,22,0
17/02/2020,23:59,Zhaoqing,18,1
17/02/2020,23:59,Qingyuan,12,0
17/02/2020,23:59,Jieyang,8,0
17/02/2020,23:59,Heyuan,4,0
17/02/2020,23:59,Jiangmen,23,0
17/02/2020,23:59,Maoming,14,0
17/02/2020,23:59,Chaozhou,5,0
18/02/2020,23:59,Guangzhou,339,0
18/02/2020,23:59,Shenzhen,416,2
18/02/2020,23:59,Zhuhai,98,1
18/02/2020,23:59,Shantou,25,0
18/02/2020,23:59,Foshan,84,0
18/02/2020,23:59,Shaoguan,10,0
18/02/2020,23:59,Meizhou,16,0
18/02/2020,23:59,Huizhou,62,0
18/02/2020,23:59,Shanwei,5,0
18/02/2020,23:59,Dongguan,91,1
18/02/2020,23:59,Zhongshan,66,0
18/02/2020,23:59,Yangjiang,13,0
18/02/2020,23:59,Zhanjiang,22,0
18/02/2020,23:59,Zhaoqing,18,1
18/02/2020,23:59,Qingyuan,12,0
18/02/2020,23:59,Jieyang,8,0
18/02/2020,23:59,Heyuan,4,0
18/02/2020,23:59,Jiangmen,23,0
18/02/2020,23:59,Maoming,14,0
18/02/2020,23:59,Chaozhou,5,0
19/02/2020,23:59,Guangzhou,339,0
19/02/2020,23:59,Shenzhen,416,2
19/02/2020,23:59,Zhuhai,98,1
19/02/2020,23:59,Shantou,25,0
19/02/2020,23:59,Foshan,84,0
19/02/2020,23:59,Shaoguan,10,0
19/02/2020,23:59,Meizhou,16,0
19/02/2020,23:59,Huizhou,62,0
19/02/2020,23:59,Shanwei,5,0
19/02/2020,23:59,Dongguan,92,1
19/02/2020,23:59,Zhongshan,66,0
19/02/2020,23:59,Yangjiang,13,0
19/02/2020,23:59,Zhanjiang,22,0
19/02/2020,23:59,Zhaoqing,18,1
19/02/2020,23:59,Qingyuan,12,0
19/02/2020,23:59,Jieyang,8,0
19/02/2020,23:59,Heyuan,4,0
19/02/2020,23:59,Jiangmen,23,0
19/02/2020,23:59,Maoming,14,0
19/02/2020,23:59,Chaozhou,5,0
20/02/2020,23:59,Guangzhou,339,0
20/02/2020,23:59,Shenzhen,416,2
20/02/2020,23:59,Zhuhai,98,1
20/02/2020,23:59,Shantou,25,0
20/02/2020,23:59,Foshan,84,0
20/02/2020,23:59,Shaoguan,10,0
20/02/2020,23:59,Meizhou,16,0
20/02/2020,23:59,Huizhou,62,0
20/02/2020,23:59,Shanwei,5,0
20/02/2020,23:59,Dongguan,93,1
20/02/2020,23:59,Zhongshan,66,0
20/02/2020,23:59,Yangjiang,13,0
20/02/2020,23:59,Zhanjiang,22,0
20/02/2020,23:59,Zhaoqing,18,1
20/02/2020,23:59,Qingyuan,12,0
20/02/2020,23:59,Jieyang,8,0
20/02/2020,23:59,Heyuan,4,0
20/02/2020,23:59,Jiangmen,23,0
20/02/2020,23:59,Maoming,14,0
20/02/2020,23:59,Chaozhou,5,0
21/02/2020,23:59,Guangzhou,343,0
21/02/2020,23:59,Shenzhen,417,2
21/02/2020,23:59,Zhuhai,98,1
21/02/2020,23:59,Shantou,25,0
21/02/2020,23:59,Foshan,84,0
21/02/2020,23:59,Shaoguan,10,0
21/02/2020,23:59,Meizhou,16,0
21/02/2020,23:59,Huizhou,62,0
21/02/2020,23:59,Shanwei,5,0
21/02/2020,23:59,Dongguan,93,1
21/02/2020,23:59,Zhongshan,66,0
21/02/2020,23:59,Yangjiang,13,0
21/02/2020,23:59,Zhanjiang,22,0
21/02/2020,23:59,Zhaoqing,19,1
21/02/2020,23:59,Qingyuan,12,0
21/02/2020,23:59,Jieyang,8,0
21/02/2020,23:59,Heyuan,4,0
21/02/2020,23:59,Jiangmen,23,0
21/02/2020,23:59,Maoming,14,0
21/02/2020,23:59,Chaozhou,5,0
22/02/2020,23:59,Guangzhou,345,0
22/02/2020,23:59,Shenzhen,417,3
22/02/2020,23:59,Zhuhai,98,1
22/02/2020,23:59,Shantou,25,0
22/02/2020,23:59,Foshan,84,0
22/02/2020,23:59,Shaoguan,10,0
22/02/2020,23:59,Meizhou,16,0
22/02/2020,23:59,Huizhou,62,0
22/02/2020,23:59,Shanwei,5,0
22/02/2020,23:59,Dongguan,94,1
22/02/2020,23:59,Zhongshan,66,0
22/02/2020,23:59,Yangjiang,13,0
22/02/2020,23:59,Zhanjiang,22,0
22/02/2020,23:59,Zhaoqing,19,1
22/02/2020,23:59,Qingyuan,12,0
22/02/2020,23:59,Jieyang,8,0
22/02/2020,23:59,Heyuan,4,0
22/02/2020,23:59,Jiangmen,23,0
22/02/2020,23:59,Maoming,14,0
22/02/2020,23:59,Chaozhou,5,0
23/02/2020,23:59,Guangzhou,345,0
23/02/2020,23:59,Shenzhen,417,3
23/02/2020,23:59,Zhuhai,98,1
23/02/2020,23:59,Shantou,25,0
23/02/2020,23:59,Foshan,84,0
23/02/2020,23:59,Shaoguan,10,0
23/02/2020,23:59,Meizhou,16,0
23/02/2020,23:59,Huizhou,62,0
23/02/2020,23:59,Shanwei,5,0
23/02/2020,23:59,Dongguan,96,1
23/02/2020,23:59,Zhongshan,66,0
23/02/2020,23:59,Yangjiang,14,0
23/02/2020,23:59,Zhanjiang,22,0
23/02/2020,23:59,Zhaoqing,19,1
23/02/2020,23:59,Qingyuan,12,0
23/02/2020,23:59,Jieyang,8,0
23/02/2020,23:59,Heyuan,4,0
23/02/2020,23:59,Jiangmen,23,0
23/02/2020,23:59,Maoming,14,0
23/02/2020,23:59,Chaozhou,5,0
24/02/2020,23:59,Guangzhou,345,0
24/02/2020,23:59,Shenzhen,417,3
24/02/2020,23:59,Zhuhai,98,1
24/02/2020,23:59,Shantou,25,0
24/02/2020,23:59,Foshan,84,0
24/02/2020,23:59,Shaoguan,10,0
24/02/2020,23:59,Meizhou,16,0
24/02/2020,23:59,Huizhou,62,0
24/02/2020,23:59,Shanwei,5,0
24/02/2020,23:59,Dongguan,96,1
24/02/2020,23:59,Zhongshan,66,0
24/02/2020,23:59,Yangjiang,14,0
24/02/2020,23:59,Zhanjiang,22,0
24/02/2020,23:59,Zhaoqing,19,1
24/02/2020,23:59,Qingyuan,12,0
24/02/2020,23:59,Jieyang,8,0
24/02/2020,23:59,Heyuan,4,0
24/02/2020,23:59,Jiangmen,23,0
24/02/2020,23:59,Maoming,14,0
24/02/2020,23:59,Chaozhou,5,0
25/02/2020,23:59,Guangzhou,346,1
25/02/2020,23:59,Shenzhen,417,3
25/02/2020,23:59,Zhuhai,98,1
25/02/2020,23:59,Shantou,25,0
25/02/2020,23:59,Foshan,84,0
25/02/2020,23:59,Shaoguan,10,0
25/02/2020,23:59,Meizhou,16,0
25/02/2020,23:59,Huizhou,62,0
25/02/2020,23:59,Shanwei,5,0
25/02/2020,23:59,Dongguan,97,1
25/02/2020,23:59,Zhongshan,66,0
25/02/2020,23:59,Yangjiang,14,0
25/02/2020,23:59,Zhanjiang,22,0
25/02/2020,23:59,Zhaoqing,19,1
25/02/2020,23:59,Qingyuan,12,0
25/02/2020,23:59,Jieyang,8,0
25/02/2020,23:59,Heyuan,4,0
25/02/2020,23:59,Jiangmen,23,0
25/02/2020,23:59,Maoming,14,0
25/02/2020,23:59,Chaozhou,5,0
26/02/2020,23:59,Guangzhou,346,1
26/02/2020,23:59,Shenzhen,417,3
26/02/2020,23:59,Zhuhai,98,1
26/02/2020,23:59,Shantou,25,0
26/02/2020,23:59,Foshan,84,0
26/02/2020,23:59,Shaoguan,10,0
26/02/2020,23:59,Meizhou,16,0
26/02/2020,23:59,Huizhou,62,0
26/02/2020,23:59,Shanwei,5,0
26/02/2020,23:59,Dongguan,97,1
26/02/2020,23:59,Zhongshan,66,0
26/02/2020,23:59,Yangjiang,14,0
26/02/2020,23:59,Zhanjiang,22,0
26/02/2020,23:59,Zhaoqing,19,1
26/02/2020,23:59,Qingyuan,12,0
26/02/2020,23:59,Jieyang,8,0
26/02/2020,23:59,Heyuan,4,0
26/02/2020,23:59,Jiangmen,23,0
26/02/2020,23:59,Maoming,14,0
26/02/2020,23:59,Chaozhou,5,0
27/02/2020,23:59,Guangzhou,346,1
27/02/2020,23:59,Shenzhen,417,3
27/02/2020,23:59,Zhuhai,98,1
27/02/2020,23:59,Shantou,25,0
27/02/2020,23:59,Foshan,84,0
27/02/2020,23:59,Shaoguan,10,0
27/02/2020,23:59,Meizhou,16,0
27/02/2020,23:59,Huizhou,62,0
27/02/2020,23:59,Shanwei,5,0
27/02/2020,23:59,Dongguan,98,1
27/02/2020,23:59,Zhongshan,66,0
27/02/2020,23:59,Yangjiang,14,0
27/02/2020,23:59,Zhanjiang,22,0
27/02/2020,23:59,Zhaoqing,19,1
27/02/2020,23:59,Qingyuan,12,0
27/02/2020,23:59,Jieyang,8,0
27/02/2020,23:59,Heyuan,4,0
27/02/2020,23:59,Jiangmen,23,0
27/02/2020,23:59,Maoming,14,0
27/02/2020,23:59,Chaozhou,5,0
28/02/2020,23:59,Guangzhou,346,1
28/02/2020,23:59,Shenzhen,417,3
28/02/2020,23:59,Zhuhai,98,1
28/02/2020,23:59,Shantou,25,0
28/02/2020,23:59,Foshan,84,0
28/02/2020,23:59,Shaoguan,10,0
28/02/2020,23:59,Meizhou,16,0
28/02/2020,23:59,Huizhou,62,0
28/02/2020,23:59,Shanwei,5,0
28/02/2020,23:59,Dongguan,99,1
28/02/2020,23:59,Zhongshan,66,0
28/02/2020,23:59,Yangjiang,14,0
28/02/2020,23:59,Zhanjiang,22,0
28/02/2020,23:59,Zhaoqing,19,1
28/02/2020,23:59,Qingyuan,12,0
28/02/2020,23:59,Jieyang,8,0
28/02/2020,23:59,Heyuan,4,0
28/02/2020,23:59,Jiangmen,23,0
28/02/2020,23:59,Maoming,14,0
28/02/2020,23:59,Chaozhou,5,0
29/02/2020,23:59,Guangzhou,346,1
29/02/2020,23:59,Shenzhen,417,3
29/02/2020,23:59,Zhuhai,98,1
29/02/2020,23:59,Shantou,25,0
29/02/2020,23:59,Foshan,84,0
29/02/2020,23:59,Shaoguan,10,0
29/02/2020,23:59,Meizhou,16,0
29/02/2020,23:59,Huizhou,62,0
29/02/2020,23:59,Shanwei,5,0
29/02/2020,23:59,Dongguan,99,1
29/02/2020,23:59,Zhongshan,66,0
29/02/2020,23:59,Yangjiang,14,0
29/02/2020,23:59,Zhanjiang,22,0
29/02/2020,23:59,Zhaoqing,19,1
29/02/2020,23:59,Qingyuan,12,0
29/02/2020,23:59,Jieyang,8,0
29/02/2020,23:59,Heyuan,4,0
29/02/2020,23:59,Jiangmen,23,0
29/02/2020,23:59,Maoming,14,0
29/02/2020,23:59,Chaozhou,5,0
01/03/2020,23:59,Guangzhou,346,1
01/03/2020,23:59,Shenzhen,418,3
01/03/2020,23:59,Zhuhai,98,1
01/03/2020,23:59,Shantou,25,0
01/03/2020,23:59,Foshan,84,0
01/03/2020,23:59,Shaoguan,10,0
01/03/2020,23:59,Meizhou,16,0
01/03/2020,23:59,Huizhou,62,0
01/03/2020,23:59,Shanwei,5,0
01/03/2020,23:59,Dongguan,99,1
01/03/2020,23:59,Zhongshan,66,0
01/03/2020,23:59,Yangjiang,14,0
01/03/2020,23:59,Zhanjiang,22,0
01/03/2020,23:59,Zhaoqing,19,1
01/03/2020,23:59,Qingyuan,12,0
01/03/2020,23:59,Jieyang,8,0
01/03/2020,23:59,Heyuan,4,0
01/03/2020,23:59,Jiangmen,23,0
01/03/2020,23:59,Maoming,14,0
01/03/2020,23:59,Chaozhou,5,0
02/03/2020,23:59,Guangzhou,346,1
02/03/2020,23:59,Shenzhen,418,3
02/03/2020,23:59,Zhuhai,98,1
02/03/2020,23:59,Shantou,25,0
02/03/2020,23:59,Foshan,84,0
02/03/2020,23:59,Shaoguan,10,0
02/03/2020,23:59,Meizhou,16,0
02/03/2020,23:59,Huizhou,62,0
02/03/2020,23:59,Shanwei,5,0
02/03/2020,23:59,Dongguan,99,1
02/03/2020,23:59,Zhongshan,66,0
02/03/2020,23:59,Yangjiang,14,0
02/03/2020,23:59,Zhanjiang,22,0
02/03/2020,23:59,Zhaoqing,19,1
02/03/2020,23:59,Qingyuan,12,0
02/03/2020,23:59,Jieyang,8,0
02/03/2020,23:59,Heyuan,4,0
02/03/2020,23:59,Jiangmen,23,0
02/03/2020,23:59,Maoming,14,0
02/03/2020,23:59,Chaozhou,5,0
03/03/2020,23:59,Guangzhou,346,1
03/03/2020,23:59,Shenzhen,418,3
03/03/2020,23:59,Zhuhai,98,1
03/03/2020,23:59,Shantou,25,0
03/03/2020,23:59,Foshan,84,0
03/03/2020,23:59,Shaoguan,10,0
03/03/2020,23:59,Meizhou,16,0
03/03/2020,23:59,Huizhou,62,0
03/03/2020,23:59,Shanwei,5,0
03/03/2020,23:59,Dongguan,99,1
03/03/2020,23:59,Zhongshan,66,0
03/03/2020,23:59,Yangjiang,14,0
03/03/2020,23:59,Zhanjiang,22,0
03/03/2020,23:59,Zhaoqing,19,1
03/03/2020,23:59,Qingyuan,12,0
03/03/2020,23:59,Jieyang,8,0
03/03/2020,23:59,Heyuan,4,0
03/03/2020,23:59,Jiangmen,23,0
03/03/2020,23:59,Maoming,14,0
03/03/2020,23:59,Chaozhou,5,0
04/03/2020,23:59,Guangzhou,346,1
04/03/2020,23:59,Shenzhen,418,3
04/03/2020,23:59,Zhuhai,98,1
04/03/2020,23:59,Shantou,25,0
04/03/2020,23:59,Foshan,84,0
04/03/2020,23:59,Shaoguan,10,0
04/03/2020,23:59,Meizhou,16,0
04/03/2020,23:59,Huizhou,62,0
04/03/2020,23:59,Shanwei,5,0
04/03/2020,23:59,Dongguan,99,1
04/03/2020,23:59,Zhongshan,66,0
04/03/2020,23:59,Yangjiang,14,0
04/03/2020,23:59,Zhanjiang,22,0
04/03/2020,23:59,Zhaoqing,19,1
04/03/2020,23:59,Qingyuan,12,0
04/03/2020,23:59,Jieyang,8,0
04/03/2020,23:59,Heyuan,4,0
04/03/2020,23:59,Jiangmen,23,0
04/03/2020,23:59,Maoming,14,0
04/03/2020,23:59,Chaozhou,5,0
05/03/2020,23:59,Guangzhou,347,1
05/03/2020,23:59,Shenzhen,418,3
05/03/2020,23:59,Zhuhai,98,1
05/03/2020,23:59,Shantou,25,0
05/03/2020,23:59,Foshan,84,0
05/03/2020,23:59,Shaoguan,10,0
05/03/2020,23:59,Meizhou,16,0
05/03/2020,23:59,Huizhou,62,0
05/03/2020,23:59,Shanwei,5,0
05/03/2020,23:59,Dongguan,99,1
05/03/2020,23:59,Zhongshan,66,0
05/03/2020,23:59,Yangjiang,14,0
05/03/2020,23:59,Zhanjiang,22,0
05/03/2020,23:59,Zhaoqing,19,1
05/03/2020,23:59,Qingyuan,12,0
05/03/2020,23:59,Jieyang,8,0
05/03/2020,23:59,Heyuan,4,0
05/03/2020,23:59,Jiangmen,23,0
05/03/2020,23:59,Maoming,14,0
05/03/2020,23:59,Chaozhou,5,0
06/03/2020,23:59,Guangzhou,347,1
06/03/2020,23:59,Shenzhen,419,3
06/03/2020,23:59,Zhuhai,98,1
06/03/2020,23:59,Shantou,25,0
06/03/2020,23:59,Foshan,84,0
06/03/2020,23:59,Shaoguan,10,0
06/03/2020,23:59,Meizhou,16,0
06/03/2020,23:59,Huizhou,62,0
06/03/2020,23:59,Shanwei,5,0
06/03/2020,23:59,Dongguan,99,1
06/03/2020,23:59,Zhongshan,66,0
06/03/2020,23:59,Yangjiang,14,0
06/03/2020,23:59,Zhanjiang,22,0
06/03/2020,23:59,Zhaoqing,19,1
06/03/2020,23:59,Qingyuan,12,0
06/03/2020,23:59,Jieyang,8,0
06/03/2020,23:59,Heyuan,4,0
06/03/2020,23:59,Jiangmen,23,0
06/03/2020,23:59,Maoming,14,0
06/03/2020,23:59,Chaozhou,5,0
07/03/2020,23:59,Guangzhou,347,1
07/03/2020,23:59,Shenzhen,419,3
07/03/2020,23:59,Zhuhai,98,1
07/03/2020,23:59,Shantou,25,0
07/03/2020,23:59,Foshan,84,0
07/03/2020,23:59,Shaoguan,10,0
07/03/2020,23:59,Meizhou,16,0
07/03/2020,23:59,Huizhou,62,0
07/03/2020,23:59,Shanwei,5,0
07/03/2020,23:59,Dongguan,99,1
07/03/2020,23:59,Zhongshan,66,0
07/03/2020,23:59,Yangjiang,14,0
07/03/2020,23:59,Zhanjiang,22,0
07/03/2020,23:59,Zhaoqing,19,1
07/03/2020,23:59,Qingyuan,12,0
07/03/2020,23:59,Jieyang,8,0
07/03/2020,23:59,Heyuan,4,0
07/03/2020,23:59,Jiangmen,23,0
07/03/2020,23:59,Maoming,14,0
07/03/2020,23:59,Chaozhou,5,0
08/03/2020,23:59,Guangzhou,347,1
08/03/2020,23:59,Shenzhen,419,3
08/03/2020,23:59,Zhuhai,98,1
08/03/2020,23:59,Shantou,25,0
08/03/2020,23:59,Foshan,84,0
08/03/2020,23:59,Shaoguan,10,1
08/03/2020,23:59,Meizhou,16,0
08/03/2020,23:59,Huizhou,62,0
08/03/2020,23:59,Shanwei,5,0
08/03/2020,23:59,Dongguan,99,1
08/03/2020,23:59,Zhongshan,66,0
08/03/2020,23:59,Yangjiang,14,0
08/03/2020,23:59,Zhanjiang,22,0
08/03/2020,23:59,Zhaoqing,19,1
08/03/2020,23:59,Qingyuan,12,0
08/03/2020,23:59,Jieyang,8,0
08/03/2020,23:59,Heyuan,4,0
08/03/2020,23:59,Jiangmen,23,0
08/03/2020,23:59,Maoming,14,0
08/03/2020,23:59,Chaozhou,5,0
09/03/2020,23:59,Guangzhou,347,1
09/03/2020,23:59,Shenzhen,419,3
09/03/2020,23:59,Zhuhai,98,1
09/03/2020,23:59,Shantou,25,0
09/03/2020,23:59,Foshan,84,0
09/03/2020,23:59,Shaoguan,10,1
09/03/2020,23:59,Meizhou,16,0
09/03/2020,23:59,Huizhou,62,0
09/03/2020,23:59,Shanwei,5,0
09/03/2020,23:59,Dongguan,100,1
09/03/2020,23:59,Zhongshan,66,0
09/03/2020,23:59,Yangjiang,14,0
09/03/2020,23:59,Zhanjiang,22,0
09/03/2020,23:59,Zhaoqing,19,1
09/03/2020,23:59,Qingyuan,12,0
09/03/2020,23:59,Jieyang,8,0
09/03/2020,23:59,Heyuan,4,0
09/03/2020,23:59,Jiangmen,23,0
09/03/2020,23:59,Maoming,14,0
09/03/2020,23:59,Chaozhou,5,0
10/03/2020,23:59,Guangzhou,347,1
10/03/2020,23:59,Shenzhen,419,3
10/03/2020,23:59,Zhuhai,98,1
10/03/2020,23:59,Shantou,25,0
10/03/2020,23:59,Foshan,84,0
10/03/2020,23:59,Shaoguan,10,1
10/03/2020,23:59,Meizhou,16,0
10/03/2020,23:59,Huizhou,62,0
10/03/2020,23:59,Shanwei,5,0
10/03/2020,23:59,Dongguan,100,1
10/03/2020,23:59,Zhongshan,66,0
10/03/2020,23:59,Yangjiang,14,0
10/03/2020,23:59,Zhanjiang,22,0
10/03/2020,23:59,Zhaoqing,19,1
10/03/2020,23:59,Qingyuan,12,0
10/03/2020,23:59,Jieyang,8,0
10/03/2020,23:59,Heyuan,4,0
10/03/2020,23:59,Jiangmen,23,0
10/03/2020,23:59,Maoming,14,0
10/03/2020,23:59,Chaozhou,5,0
11/03/2020,23:59,Guangzhou,347,1
11/03/2020,23:59,Shenzhen,420,3
11/03/2020,23:59,Zhuhai,98,1
11/03/2020,23:59,Shantou,25,0
11/03/2020,23:59,Foshan,84,0
11/03/2020,23:59,Shaoguan,10,1
11/03/2020,23:59,Meizhou,16,0
11/03/2020,23:59,Huizhou,62,0
11/03/2020,23:59,Shanwei,5,0
11/03/2020,23:59,Dongguan,100,1
11/03/2020,23:59,Zhongshan,68,0
11/03/2020,23:59,Yangjiang,14,0
11/03/2020,23:59,Zhanjiang,22,0
11/03/2020,23:59,Zhaoqing,19,1
11/03/2020,23:59,Qingyuan,12,0
11/03/2020,23:59,Jieyang,8,0
11/03/2020,23:59,Heyuan,4,0
11/03/2020,23:59,Jiangmen,23,0
11/03/2020,23:59,Maoming,14,0
11/03/2020,23:59,Chaozhou,5,0
12/03/2020,23:59,Guangzhou,347,1
12/03/2020,23:59,Shenzhen,420,3
12/03/2020,23:59,Zhuhai,98,1
12/03/2020,23:59,Shantou,25,0
12/03/2020,23:59,Foshan,84,0
12/03/2020,23:59,Shaoguan,10,1
12/03/2020,23:59,Meizhou,16,0
12/03/2020,23:59,Huizhou,62,0
12/03/2020,23:59,Shanwei,5,0
12/03/2020,23:59,Dongguan,100,1
12/03/2020,23:59,Zhongshan,68,0
12/03/2020,23:59,Yangjiang,14,0
12/03/2020,23:59,Zhanjiang,22,0
12/03/2020,23:59,Zhaoqing,19,1
12/03/2020,23:59,Qingyuan,12,0
12/03/2020,23:59,Jieyang,8,0
12/03/2020,23:59,Heyuan,4,0
12/03/2020,23:59,Jiangmen,23,0
12/03/2020,23:59,Maoming,14,0
12/03/2020,23:59,Chaozhou,5,0