更新日期,更新時間,其他國家/地區,個案/確診個案數目,確診個案中的死亡個案,備註
14/01/2020,18:00,泰國,1,,
15/01/2020,18:00,泰國,1,,
16/01/2020,18:00,泰國,1,,
16/01/2020,18:00,日本,1,,
17/01/2020,18:00,泰國,2,,
17/01/2020,18:00,日本,1,,
18/01/2020,18:00,泰國,2,,
18/01/2020,18:00,日本,1,,
19/01/2020,18:00,泰國,2,,
19/01/2020,18:00,日本,1,,
20/01/2020,18:00,泰國,2,,
20/01/2020,18:00,日本,1,,
20/01/2020,18:00,韓國,1,,
21/01/2020,18:00,台灣,1,,
21/01/2020,18:00,泰國,2,,
21/01/2020,18:00,日本,1,,
21/01/2020,18:00,韓國,1,,
21/01/2020,18:00,美國,1,,
22/01/2020,18:00,澳門特別行政區,1,,
22/01/2020,18:00,台灣,1,,
22/01/2020,18:00,日本,1,,
22/01/2020,18:00,韓國,1,,
22/01/2020,18:00,泰國,3,,
22/01/2020,18:00,美國,1,,
23/01/2020,18:00,澳門特別行政區,2,,
23/01/2020,18:00,台灣,1,,
23/01/2020,18:00,日本,1,,
23/01/2020,18:00,韓國,1,,
23/01/2020,18:00,泰國,3,,
23/01/2020,18:00,美國,1,,
24/01/2020,9:00,香港特別行政區,2,,
24/01/2020,9:00,澳門特別行政區,2,,
24/01/2020,9:00,台灣,1,,
24/01/2020,9:00,日本,2,,
24/01/2020,9:00,韓國,1,,
24/01/2020,9:00,泰國,4,,
24/01/2020,9:00,新加坡,1,,
24/01/2020,9:00,越南,2,,
24/01/2020,18:00,美國,1,,
24/01/2020,18:00,香港特別行政區,2,,
24/01/2020,18:00,澳門特別行政區,2,,
24/01/2020,18:00,台灣,1,,
24/01/2020,18:00,日本,2,,
24/01/2020,18:00,韓國,2,,
24/01/2020,18:00,泰國,4,,
24/01/2020,18:00,新加坡,3,,
24/01/2020,18:00,越南,2,,
24/01/2020,18:00,美國,1,,
25/01/2020,18:00,香港特別行政區,5,,
25/01/2020,18:00,澳門特別行政區,2,,
25/01/2020,18:00,台灣,3,,
25/01/2020,18:00,日本,3,,
25/01/2020,18:00,韓國,2,,
25/01/2020,18:00,泰國,5,,
25/01/2020,18:00,新加坡,3,,
25/01/2020,18:00,越南,2,,
25/01/2020,18:00,尼泊爾,1,,
25/01/2020,18:00,馬來西亞,3,,
25/01/2020,18:00,美國,2,,
25/01/2020,18:00,澳洲,1,,
25/01/2020,18:00,法國,3,,
26/01/2020,18:00,香港特別行政區,6,,
26/01/2020,18:00,澳門特別行政區,5,,
26/01/2020,18:00,台灣,3,,
26/01/2020,18:00,日本,3,,
26/01/2020,18:00,韓國,3,,
26/01/2020,18:00,泰國,5,,
26/01/2020,18:00,新加坡,4,,
26/01/2020,18:00,越南,2,,
26/01/2020,18:00,尼泊爾,1,,
26/01/2020,18:00,馬來西亞,3,,
26/01/2020,18:00,美國,2,,
26/01/2020,18:00,澳洲,4,,
26/01/2020,18:00,法國,3,,
27/01/2020,9:00,香港特別行政區,8,,
27/01/2020,9:00,澳門特別行政區,6,,
27/01/2020,9:00,台灣,4,,
27/01/2020,9:00,日本,4,,
27/01/2020,9:00,韓國,3,,
27/01/2020,9:00,泰國,5,,
27/01/2020,9:00,新加坡,4,,
27/01/2020,9:00,越南,2,,
27/01/2020,9:00,尼泊爾,1,,
27/01/2020,9:00,馬來西亞,3,,
27/01/2020,9:00,美國,5,,
27/01/2020,9:00,澳洲,4,,
27/01/2020,9:00,法國,3,,
27/01/2020,9:00,加拿大,1,,
27/01/2020,18:00,香港特別行政區,8,,
27/01/2020,18:00,澳門特別行政區,6,,
27/01/2020,18:00,台灣,5,,
27/01/2020,18:00,日本,4,,
27/01/2020,18:00,韓國,3,,
27/01/2020,18:00,泰國,5,,
27/01/2020,18:00,新加坡,4,,
27/01/2020,18:00,越南,2,,
27/01/2020,18:00,尼泊爾,1,,
27/01/2020,18:00,馬來西亞,3,,
27/01/2020,18:00,美國,5,,
27/01/2020,18:00,澳洲,4,,
27/01/2020,18:00,法國,3,,
27/01/2020,18:00,加拿大,1,,
28/01/2020,10:00,香港特別行政區,8,,
28/01/2020,10:00,澳門特別行政區,7,,
28/01/2020,10:00,台灣,5,,
28/01/2020,10:00,日本,4,,
28/01/2020,10:00,韓國,4,,
28/01/2020,10:00,泰國,8,,
28/01/2020,10:00,新加坡,5,,
28/01/2020,10:00,越南,2,,
28/01/2020,10:00,尼泊爾,1,,
28/01/2020,10:00,馬來西亞,4,,
28/01/2020,10:00,美國,5,,
28/01/2020,10:00,澳洲,5,,
28/01/2020,10:00,法國,3,,
28/01/2020,10:00,加拿大,2,,
28/01/2020,10:00,德國,1,,
28/01/2020,10:00,斯里蘭卡,1,,
28/01/2020,18:00,香港特別行政區,8,,
28/01/2020,18:00,澳門特別行政區,7,,
28/01/2020,18:00,台灣,7,,
28/01/2020,18:00,日本,6,,
28/01/2020,18:00,韓國,4,,
28/01/2020,18:00,泰國,14,,
28/01/2020,18:00,新加坡,5,,
28/01/2020,18:00,越南,2,,
28/01/2020,18:00,尼泊爾,1,,
28/01/2020,18:00,馬來西亞,4,,
28/01/2020,18:00,美國,5,,
28/01/2020,18:00,澳洲,5,,
28/01/2020,18:00,法國,3,,
28/01/2020,18:00,加拿大,2,,
28/01/2020,18:00,德國,1,,
28/01/2020,18:00,斯里蘭卡,1,,
28/01/2020,18:00,柬埔寨,1,,
29/01/2020,9:00,香港特別行政區,8,,
29/01/2020,9:00,澳門特別行政區,7,,
29/01/2020,9:00,台灣,8,,
29/01/2020,9:00,日本,7,,
29/01/2020,9:00,韓國,4,,
29/01/2020,9:00,泰國,14,,
29/01/2020,9:00,新加坡,7,,
29/01/2020,9:00,越南,2,,
29/01/2020,9:00,尼泊爾,1,,
29/01/2020,9:00,馬來西亞,7,,
29/01/2020,9:00,美國,5,,
29/01/2020,9:00,澳洲,5,,
29/01/2020,9:00,法國,3,,
29/01/2020,9:00,加拿大,2,,
29/01/2020,9:00,德國,4,,
29/01/2020,9:00,斯里蘭卡,1,,
29/01/2020,9:00,柬埔寨,1,,
29/01/2020,18:00,香港特別行政區,10,,
29/01/2020,18:00,澳門特別行政區,7,,
29/01/2020,18:00,台灣,8,,
29/01/2020,18:00,日本,7,,
29/01/2020,18:00,韓國,4,,
29/01/2020,18:00,泰國,14,,
29/01/2020,18:00,新加坡,7,,
29/01/2020,18:00,越南,2,,
29/01/2020,18:00,尼泊爾,1,,
29/01/2020,18:00,馬來西亞,7,,
29/01/2020,18:00,美國,5,,
29/01/2020,18:00,澳洲,6,,
29/01/2020,18:00,法國,4,,
29/01/2020,18:00,加拿大,3,,
29/01/2020,18:00,德國,4,,
29/01/2020,18:00,斯里蘭卡,1,,
29/01/2020,18:00,柬埔寨,1,,
29/01/2020,18:00,阿聯酋,1,,
30/01/2020,9:00,香港特別行政區,10,,
30/01/2020,9:00,澳門特別行政區,7,,
30/01/2020,9:00,台灣,8,,
30/01/2020,9:00,日本,8,,
30/01/2020,9:00,韓國,4,,
30/01/2020,9:00,泰國,14,,
30/01/2020,9:00,新加坡,10,,
30/01/2020,9:00,越南,2,,
30/01/2020,9:00,尼泊爾,1,,
30/01/2020,9:00,馬來西亞,7,,
30/01/2020,9:00,美國,5,,
30/01/2020,9:00,澳洲,7,,
30/01/2020,9:00,法國,5,,
30/01/2020,9:00,加拿大,3,,
30/01/2020,9:00,德國,4,,
30/01/2020,9:00,斯里蘭卡,1,,
30/01/2020,9:00,柬埔寨,1,,
30/01/2020,9:00,阿聯酋,4,,
30/01/2020,9:00,芬蘭,1,,
30/01/2020,18:00,香港特別行政區,10,,
30/01/2020,18:00,澳門特別行政區,7,,
30/01/2020,18:00,台灣,8,,
30/01/2020,18:00,日本,9,,不包括2宗沒有症狀的個案
30/01/2020,18:00,韓國,4,,
30/01/2020,18:00,泰國,14,,
30/01/2020,18:00,新加坡,10,,
30/01/2020,18:00,越南,2,,
30/01/2020,18:00,尼泊爾,1,,
30/01/2020,18:00,馬來西亞,7,,
30/01/2020,18:00,美國,5,,
30/01/2020,18:00,澳洲,7,,
30/01/2020,18:00,法國,5,,
30/01/2020,18:00,加拿大,3,,
30/01/2020,18:00,德國,4,,
30/01/2020,18:00,斯里蘭卡,1,,
30/01/2020,18:00,柬埔寨,1,,
30/01/2020,18:00,阿聯酋,4,,
30/01/2020,18:00,芬蘭,1,,
30/01/2020,18:00,菲律賓,1,,
30/01/2020,18:00,印度,1,,
31/01/2020,9:00,香港特別行政區,12,,
31/01/2020,9:00,澳門特別行政區,7,,
31/01/2020,9:00,台灣,9,,
31/01/2020,9:00,日本,12,,不包括2宗沒有症狀的個案
31/01/2020,9:00,韓國,6,,
31/01/2020,9:00,泰國,14,,
31/01/2020,9:00,新加坡,13,,
31/01/2020,9:00,越南,5,,
31/01/2020,9:00,尼泊爾,1,,
31/01/2020,9:00,馬來西亞,8,,
31/01/2020,9:00,美國,6,,
31/01/2020,9:00,澳洲,9,,
31/01/2020,9:00,法國,6,,
31/01/2020,9:00,加拿大,3,,
31/01/2020,9:00,德國,4,,
31/01/2020,9:00,斯里蘭卡,1,,
31/01/2020,9:00,柬埔寨,1,,
31/01/2020,9:00,阿聯酋,4,,
31/01/2020,9:00,芬蘭,1,,
31/01/2020,9:00,菲律賓,1,,
31/01/2020,9:00,印度,1,,
31/01/2020,9:00,意大利,2,,
31/01/2020,18:00,香港特別行政區,12,,
31/01/2020,18:00,澳門特別行政區,7,,
31/01/2020,18:00,台灣,9,,
31/01/2020,18:00,日本,12,,不包括2宗沒有症狀的個案
31/01/2020,18:00,韓國,7,,
31/01/2020,18:00,泰國,14,,
31/01/2020,18:00,新加坡,13,,
31/01/2020,18:00,越南,5,,
31/01/2020,18:00,尼泊爾,1,,
31/01/2020,18:00,馬來西亞,8,,
31/01/2020,18:00,美國,6,,
31/01/2020,18:00,澳洲,9,,
31/01/2020,18:00,法國,6,,
31/01/2020,18:00,加拿大,3,,
31/01/2020,18:00,德國,4,,
31/01/2020,18:00,斯里蘭卡,1,,
31/01/2020,18:00,柬埔寨,1,,
31/01/2020,18:00,阿聯酋,4,,
31/01/2020,18:00,芬蘭,1,,
31/01/2020,18:00,菲律賓,1,,
31/01/2020,18:00,印度,1,,
31/01/2020,18:00,意大利,2,,
31/01/2020,18:00,英國,2,,
01/02/2020,9:00,香港特別行政區,13,,
01/02/2020,9:00,澳門特別行政區,7,,
01/02/2020,9:00,台灣,10,,
01/02/2020,9:00,日本,13,,不包括4宗沒有症狀的個案
01/02/2020,9:00,韓國,11,,
01/02/2020,9:00,泰國,19,,
01/02/2020,9:00,新加坡,16,,
01/02/2020,9:00,越南,5,,
01/02/2020,9:00,尼泊爾,1,,
01/02/2020,9:00,馬來西亞,8,,
01/02/2020,9:00,美國,6,,
01/02/2020,9:00,澳洲,9,,
01/02/2020,9:00,法國,6,,
01/02/2020,9:00,加拿大,4,,
01/02/2020,9:00,德國,7,,
01/02/2020,9:00,斯里蘭卡,1,,
01/02/2020,9:00,柬埔寨,1,,
01/02/2020,9:00,阿聯酋,4,,
01/02/2020,9:00,芬蘭,1,,
01/02/2020,9:00,菲律賓,1,,
01/02/2020,9:00,印度,1,,
01/02/2020,9:00,意大利,2,,
01/02/2020,9:00,英國,2,,
01/02/2020,9:00,俄羅斯,2,,
01/02/2020,9:00,瑞典,1,,
01/02/2020,18:00,香港特別行政區,13,,
01/02/2020,18:00,澳門特別行政區,7,,
01/02/2020,18:00,台灣,10,,
01/02/2020,18:00,日本,13,,不包括4宗沒有症狀的個案
01/02/2020,18:00,韓國,12,,
01/02/2020,18:00,泰國,19,,
01/02/2020,18:00,新加坡,16,,
01/02/2020,18:00,越南,6,,
01/02/2020,18:00,尼泊爾,1,,
01/02/2020,18:00,馬來西亞,8,,
01/02/2020,18:00,美國,6,,
01/02/2020,18:00,澳洲,10,,
01/02/2020,18:00,法國,6,,
01/02/2020,18:00,加拿大,4,,
01/02/2020,18:00,德國,7,,
01/02/2020,18:00,斯里蘭卡,1,,
01/02/2020,18:00,柬埔寨,1,,
01/02/2020,18:00,阿聯酋,4,,
01/02/2020,18:00,芬蘭,1,,
01/02/2020,18:00,菲律賓,1,,
01/02/2020,18:00,印度,1,,
01/02/2020,18:00,意大利,2,,
01/02/2020,18:00,英國,2,,
01/02/2020,18:00,俄羅斯,2,,
01/02/2020,18:00,瑞典,1,,
02/02/2020,9:00,香港特別行政區,14,,
02/02/2020,9:00,澳門特別行政區,7,,
02/02/2020,9:00,台灣,10,,
02/02/2020,9:00,日本,15,,不包括5宗沒有症狀的個案
02/02/2020,9:00,韓國,12,,
02/02/2020,9:00,泰國,19,,
02/02/2020,9:00,新加坡,18,,
02/02/2020,9:00,越南,6,,
02/02/2020,9:00,尼泊爾,1,,
02/02/2020,9:00,馬來西亞,8,,
02/02/2020,9:00,美國,8,,
02/02/2020,9:00,澳洲,10,,
02/02/2020,9:00,法國,6,,
02/02/2020,9:00,加拿大,4,,
02/02/2020,9:00,德國,7,,
02/02/2020,9:00,斯里蘭卡,1,,
02/02/2020,9:00,柬埔寨,1,,
02/02/2020,9:00,阿聯酋,4,,
02/02/2020,9:00,芬蘭,1,,
02/02/2020,9:00,菲律賓,1,,
02/02/2020,9:00,印度,1,,
02/02/2020,9:00,意大利,2,,
02/02/2020,9:00,英國,2,,
02/02/2020,9:00,俄羅斯,2,,
02/02/2020,9:00,瑞典,1,,
02/02/2020,9:00,西班牙,1,,
02/02/2020,18:00,香港特別行政區,14,,
02/02/2020,18:00,澳門特別行政區,8,,
02/02/2020,18:00,台灣,10,,
02/02/2020,18:00,日本,15,,不包括5宗沒有症狀的個案
02/02/2020,18:00,韓國,15,,
02/02/2020,18:00,泰國,19,,
02/02/2020,18:00,新加坡,18,,
02/02/2020,18:00,越南,7,,
02/02/2020,18:00,尼泊爾,1,,
02/02/2020,18:00,馬來西亞,8,,
02/02/2020,18:00,美國,8,,
02/02/2020,18:00,澳洲,12,,
02/02/2020,18:00,法國,6,,
02/02/2020,18:00,加拿大,4,,
02/02/2020,18:00,德國,8,,
02/02/2020,18:00,斯里蘭卡,1,,
02/02/2020,18:00,柬埔寨,1,,
02/02/2020,18:00,阿聯酋,5,,
02/02/2020,18:00,芬蘭,1,,
02/02/2020,18:00,菲律賓,2,,
02/02/2020,18:00,印度,2,,
02/02/2020,18:00,意大利,2,,
02/02/2020,18:00,英國,2,,
02/02/2020,18:00,俄羅斯,2,,
02/02/2020,18:00,瑞典,1,,
02/02/2020,18:00,西班牙,1,,
03/02/2020,9:00,香港特別行政區,15,,
03/02/2020,9:00,澳門特別行政區,8,,
03/02/2020,9:00,台灣,10,,
03/02/2020,9:00,日本,15,,不包括5宗沒有症狀的個案
03/02/2020,9:00,韓國,15,,
03/02/2020,9:00,泰國,19,,
03/02/2020,9:00,新加坡,18,,
03/02/2020,9:00,越南,7,,
03/02/2020,9:00,尼泊爾,1,,
03/02/2020,9:00,馬來西亞,8,,
03/02/2020,9:00,美國,8,,
03/02/2020,9:00,澳洲,12,,
03/02/2020,9:00,法國,6,,
03/02/2020,9:00,加拿大,4,,
03/02/2020,9:00,德國,8,,
03/02/2020,9:00,斯里蘭卡,1,,
03/02/2020,9:00,柬埔寨,1,,
03/02/2020,9:00,阿聯酋,5,,
03/02/2020,9:00,芬蘭,1,,
03/02/2020,9:00,菲律賓,2,,
03/02/2020,9:00,印度,2,,
03/02/2020,9:00,意大利,2,,
03/02/2020,9:00,英國,2,,
03/02/2020,9:00,俄羅斯,2,,
03/02/2020,9:00,瑞典,1,,
03/02/2020,9:00,西班牙,1,,
03/02/2020,18:00,香港特別行政區,15,,
03/02/2020,18:00,澳門特別行政區,8,,
03/02/2020,18:00,台灣,10,,
03/02/2020,18:00,日本,15,,不包括5宗沒有症狀的個案
03/02/2020,18:00,韓國,15,,
03/02/2020,18:00,泰國,19,,
03/02/2020,18:00,新加坡,18,,
03/02/2020,18:00,越南,8,,
03/02/2020,18:00,尼泊爾,1,,
03/02/2020,18:00,馬來西亞,8,,
03/02/2020,18:00,美國,11,,
03/02/2020,18:00,澳洲,12,,
03/02/2020,18:00,法國,6,,
03/02/2020,18:00,加拿大,4,,
03/02/2020,18:00,德國,10,,
03/02/2020,18:00,斯里蘭卡,1,,
03/02/2020,18:00,柬埔寨,1,,
03/02/2020,18:00,阿聯酋,5,,
03/02/2020,18:00,芬蘭,1,,
03/02/2020,18:00,菲律賓,2,,
03/02/2020,18:00,印度,3,,
03/02/2020,18:00,意大利,2,,
03/02/2020,18:00,英國,2,,
03/02/2020,18:00,俄羅斯,2,,
03/02/2020,18:00,瑞典,1,,
03/02/2020,18:00,西班牙,1,,
04/02/2020,9:00,香港特別行政區,15,,
04/02/2020,9:00,澳門特別行政區,8,,
04/02/2020,9:00,台灣,10,,
04/02/2020,9:00,日本,15,,不包括5宗沒有症狀的個案
04/02/2020,9:00,韓國,15,,
04/02/2020,9:00,泰國,19,,
04/02/2020,9:00,新加坡,18,,
04/02/2020,9:00,越南,8,,
04/02/2020,9:00,尼泊爾,1,,
04/02/2020,9:00,馬來西亞,8,,
04/02/2020,9:00,美國,11,,
04/02/2020,9:00,澳洲,12,,
04/02/2020,9:00,法國,6,,
04/02/2020,9:00,加拿大,4,,
04/02/2020,9:00,德國,10,,
04/02/2020,9:00,斯里蘭卡,1,,
04/02/2020,9:00,柬埔寨,1,,
04/02/2020,9:00,阿聯酋,5,,
04/02/2020,9:00,芬蘭,1,,
04/02/2020,9:00,菲律賓,2,,
04/02/2020,9:00,印度,3,,
04/02/2020,9:00,意大利,2,,
04/02/2020,9:00,英國,2,,
04/02/2020,9:00,俄羅斯,2,,
04/02/2020,9:00,瑞典,1,,
04/02/2020,9:00,西班牙,1,,
04/02/2020,18:00,香港特別行政區,17,,
04/02/2020,18:00,澳門特別行政區,10,,
04/02/2020,18:00,台灣,10,,
04/02/2020,18:00,日本,15,,不包括5宗沒有症狀的個案
04/02/2020,18:00,韓國,16,,
04/02/2020,18:00,泰國,19,,
04/02/2020,18:00,新加坡,18,,
04/02/2020,18:00,越南,10,,
04/02/2020,18:00,尼泊爾,1,,
04/02/2020,18:00,馬來西亞,10,,
04/02/2020,18:00,美國,11,,
04/02/2020,18:00,澳洲,12,,
04/02/2020,18:00,法國,6,,
04/02/2020,18:00,加拿大,4,,
04/02/2020,18:00,德國,10,,不包括2宗沒有症狀的個案
04/02/2020,18:00,斯里蘭卡,1,,
04/02/2020,18:00,柬埔寨,1,,
04/02/2020,18:00,阿聯酋,5,,
04/02/2020,18:00,芬蘭,1,,
04/02/2020,18:00,菲律賓,2,,
04/02/2020,18:00,印度,3,,
04/02/2020,18:00,意大利,2,,
04/02/2020,18:00,英國,2,,
04/02/2020,18:00,俄羅斯,2,,
04/02/2020,18:00,瑞典,1,,
04/02/2020,18:00,西班牙,1,,
04/02/2020,18:00,比利時,1,,
05/02/2020,9:00,香港特別行政區,18,,
05/02/2020,9:00,澳門特別行政區,10,,
05/02/2020,9:00,台灣,10,,
05/02/2020,9:00,日本,19,,不包括5宗沒有症狀的個案
05/02/2020,9:00,韓國,16,,
05/02/2020,9:00,泰國,19,,
05/02/2020,9:00,新加坡,24,,
05/02/2020,9:00,越南,10,,
05/02/2020,9:00,尼泊爾,1,,
05/02/2020,9:00,馬來西亞,10,,
05/02/2020,9:00,美國,11,,
05/02/2020,9:00,澳洲,13,,
05/02/2020,9:00,法國,6,,
05/02/2020,9:00,加拿大,4,,
05/02/2020,9:00,德國,10,,不包括2宗沒有症狀的個案
05/02/2020,9:00,斯里蘭卡,1,,
05/02/2020,9:00,柬埔寨,1,,
05/02/2020,9:00,阿聯酋,5,,
05/02/2020,9:00,芬蘭,1,,
05/02/2020,9:00,菲律賓,2,,
05/02/2020,9:00,印度,3,,
05/02/2020,9:00,意大利,2,,
05/02/2020,9:00,英國,2,,
05/02/2020,9:00,俄羅斯,2,,
05/02/2020,9:00,瑞典,1,,
05/02/2020,9:00,西班牙,1,,
05/02/2020,9:00,比利時,1,,
05/02/2020,18:00,香港特別行政區,21,,
05/02/2020,18:00,澳門特別行政區,10,,
05/02/2020,18:00,台灣,11,,
05/02/2020,18:00,日本,19,,不包括5宗沒有症狀的個案
05/02/2020,18:00,韓國,18,,
05/02/2020,18:00,泰國,25,,
05/02/2020,18:00,新加坡,24,,
05/02/2020,18:00,越南,10,,
05/02/2020,18:00,尼泊爾,1,,
05/02/2020,18:00,馬來西亞,10,,
05/02/2020,18:00,美國,11,,
05/02/2020,18:00,澳洲,13,,
05/02/2020,18:00,法國,6,,
05/02/2020,18:00,加拿大,5,,
05/02/2020,18:00,德國,10,,不包括2宗沒有症狀的個案
05/02/2020,18:00,斯里蘭卡,1,,
05/02/2020,18:00,柬埔寨,1,,
05/02/2020,18:00,阿聯酋,5,,
05/02/2020,18:00,芬蘭,1,,
05/02/2020,18:00,菲律賓,3,,
05/02/2020,18:00,印度,3,,
05/02/2020,18:00,意大利,2,,
05/02/2020,18:00,英國,2,,
05/02/2020,18:00,俄羅斯,2,,
05/02/2020,18:00,瑞典,1,,
05/02/2020,18:00,西班牙,1,,
05/02/2020,18:00,比利時,1,,
06/02/2020,9:00,香港特別行政區,21,,
06/02/2020,9:00,澳門特別行政區,10,,
06/02/2020,9:00,台灣,11,,
06/02/2020,9:00,日本,21,,不包括5宗沒有症狀的個案;另有20宗個案涉及一艘遊輪
06/02/2020,9:00,韓國,19,,
06/02/2020,9:00,泰國,25,,
06/02/2020,9:00,新加坡,28,,
06/02/2020,9:00,越南,10,,
06/02/2020,9:00,尼泊爾,1,,
06/02/2020,9:00,馬來西亞,10,,
06/02/2020,9:00,美國,12,,
06/02/2020,9:00,澳洲,14,,
06/02/2020,9:00,法國,6,,
06/02/2020,9:00,加拿大,5,,
06/02/2020,9:00,德國,10,,不包括2宗沒有症狀的個案
06/02/2020,9:00,斯里蘭卡,1,,
06/02/2020,9:00,柬埔寨,1,,
06/02/2020,9:00,阿聯酋,5,,
06/02/2020,9:00,芬蘭,1,,
06/02/2020,9:00,菲律賓,3,,
06/02/2020,9:00,印度,3,,
06/02/2020,9:00,意大利,2,,
06/02/2020,9:00,英國,2,,
06/02/2020,9:00,俄羅斯,2,,
06/02/2020,9:00,瑞典,1,,
06/02/2020,9:00,西班牙,1,,
06/02/2020,9:00,比利時,1,,
06/02/2020,18:00,香港特別行政區,22,,
06/02/2020,18:00,澳門特別行政區,10,,
06/02/2020,18:00,台灣,13,,
06/02/2020,18:00,日本,41,,不包括5宗沒有症狀的個案
06/02/2020,18:00,韓國,23,,
06/02/2020,18:00,泰國,25,,
06/02/2020,18:00,新加坡,28,,
06/02/2020,18:00,越南,10,,
06/02/2020,18:00,尼泊爾,1,,
06/02/2020,18:00,馬來西亞,12,,
06/02/2020,18:00,美國,12,,
06/02/2020,18:00,澳洲,14,,
06/02/2020,18:00,法國,6,,
06/02/2020,18:00,加拿大,5,,
06/02/2020,18:00,德國,10,,不包括2宗沒有症狀的個案
06/02/2020,18:00,斯里蘭卡,1,,
06/02/2020,18:00,柬埔寨,1,,
06/02/2020,18:00,阿聯酋,5,,
06/02/2020,18:00,芬蘭,1,,
06/02/2020,18:00,菲律賓,3,,
06/02/2020,18:00,印度,3,,
06/02/2020,18:00,意大利,2,,
06/02/2020,18:00,英國,2,,
06/02/2020,18:00,俄羅斯,2,,
06/02/2020,18:00,瑞典,1,,
06/02/2020,18:00,西班牙,1,,
06/02/2020,18:00,比利時,1,,
07/02/2020,9:00,香港特別行政區,24,,
07/02/2020,9:00,澳門特別行政區,10,,
07/02/2020,9:00,台灣,16,,
07/02/2020,9:00,日本,41,,不包括4宗沒有症狀的個案
07/02/2020,9:00,韓國,23,,
07/02/2020,9:00,泰國,25,,
07/02/2020,9:00,新加坡,30,,
07/02/2020,9:00,越南,12,,
07/02/2020,9:00,尼泊爾,1,,
07/02/2020,9:00,馬來西亞,12,,
07/02/2020,9:00,美國,12,,
07/02/2020,9:00,澳洲,15,,
07/02/2020,9:00,法國,6,,
07/02/2020,9:00,加拿大,5,,
07/02/2020,9:00,德國,11,,不包括2宗沒有症狀的個案
07/02/2020,9:00,斯里蘭卡,1,,
07/02/2020,9:00,柬埔寨,1,,
07/02/2020,9:00,阿聯酋,5,,
07/02/2020,9:00,芬蘭,1,,
07/02/2020,9:00,菲律賓,3,,
07/02/2020,9:00,印度,3,,
07/02/2020,9:00,意大利,2,,
07/02/2020,9:00,英國,3,,
07/02/2020,9:00,俄羅斯,2,,
07/02/2020,9:00,瑞典,1,,
07/02/2020,9:00,西班牙,1,,
07/02/2020,9:00,比利時,1,,
07/02/2020,18:00,香港特別行政區,25,,
07/02/2020,18:00,澳門特別行政區,10,,
07/02/2020,18:00,台灣,16,,
07/02/2020,18:00,日本,21,,不包括4宗沒有症狀的個案;有61宗確認個案為遊輪乘客
07/02/2020,18:00,韓國,24,,
07/02/2020,18:00,泰國,25,,
07/02/2020,18:00,新加坡,30,,
07/02/2020,18:00,越南,12,,
07/02/2020,18:00,尼泊爾,1,,
07/02/2020,18:00,馬來西亞,15,,
07/02/2020,18:00,美國,12,,
07/02/2020,18:00,澳洲,15,,
07/02/2020,18:00,法國,6,,
07/02/2020,18:00,加拿大,5,,
07/02/2020,18:00,德國,11,,不包括2宗沒有症狀的個案
07/02/2020,18:00,斯里蘭卡,1,,
07/02/2020,18:00,柬埔寨,1,,
07/02/2020,18:00,阿聯酋,5,,
07/02/2020,18:00,芬蘭,1,,
07/02/2020,18:00,菲律賓,3,,
07/02/2020,18:00,印度,3,,
07/02/2020,18:00,意大利,3,,
07/02/2020,18:00,英國,3,,
07/02/2020,18:00,俄羅斯,2,,
07/02/2020,18:00,瑞典,1,,
07/02/2020,18:00,西班牙,1,,
07/02/2020,18:00,比利時,1,,
08/02/2020,9:00,香港特別行政區,26,,
08/02/2020,9:00,澳門特別行政區,10,,
08/02/2020,9:00,台灣,16,,
08/02/2020,9:00,日本,21,,不包括3宗沒有症狀的個案;有61宗確認個案為遊輪乘客
08/02/2020,9:00,韓國,24,,
08/02/2020,9:00,泰國,25,,
08/02/2020,9:00,新加坡,33,,
08/02/2020,9:00,越南,13,,
08/02/2020,9:00,尼泊爾,1,,
08/02/2020,9:00,馬來西亞,15,,
08/02/2020,9:00,美國,12,,
08/02/2020,9:00,澳洲,15,,
08/02/2020,9:00,法國,6,,
08/02/2020,9:00,加拿大,7,,
08/02/2020,9:00,德國,12,,不包括2宗沒有症狀的個案
08/02/2020,9:00,斯里蘭卡,1,,
08/02/2020,9:00,柬埔寨,1,,
08/02/2020,9:00,阿聯酋,5,,
08/02/2020,9:00,芬蘭,1,,
08/02/2020,9:00,菲律賓,3,,
08/02/2020,9:00,印度,3,,
08/02/2020,9:00,意大利,3,,
08/02/2020,9:00,英國,3,,
08/02/2020,9:00,俄羅斯,2,,
08/02/2020,9:00,瑞典,1,,
08/02/2020,9:00,西班牙,1,,
08/02/2020,9:00,比利時,1,,
08/02/2020,18:00,香港特別行政區,26,,
08/02/2020,18:00,澳門特別行政區,10,,
08/02/2020,18:00,台灣,17,,
08/02/2020,18:00,日本,22,,不包括3宗沒有症狀的個案;有64宗確認個案為遊輪乘客
08/02/2020,18:00,韓國,24,,
08/02/2020,18:00,泰國,32,,
08/02/2020,18:00,新加坡,33,,
08/02/2020,18:00,越南,13,,
08/02/2020,18:00,尼泊爾,1,,
08/02/2020,18:00,馬來西亞,16,,
08/02/2020,18:00,美國,12,,
08/02/2020,18:00,澳洲,15,,
08/02/2020,18:00,法國,6,,
08/02/2020,18:00,加拿大,7,,
08/02/2020,18:00,德國,12,,不包括2宗沒有症狀的個案
08/02/2020,18:00,斯里蘭卡,1,,
08/02/2020,18:00,柬埔寨,1,,
08/02/2020,18:00,阿聯酋,7,,
08/02/2020,18:00,芬蘭,1,,
08/02/2020,18:00,菲律賓,3,,
08/02/2020,18:00,印度,3,,
08/02/2020,18:00,意大利,3,,
08/02/2020,18:00,英國,3,,
08/02/2020,18:00,俄羅斯,2,,
08/02/2020,18:00,瑞典,1,,
08/02/2020,18:00,西班牙,1,,
08/02/2020,18:00,比利時,1,,
09/02/2020,9:00,香港特別行政區,26,,
09/02/2020,9:00,澳門特別行政區,10,,
09/02/2020,9:00,台灣,17,,
09/02/2020,9:00,日本,22,,不包括3宗沒有症狀的個案;有64宗確認個案為遊輪乘客
09/02/2020,9:00,韓國,24,,
09/02/2020,9:00,泰國,32,,
09/02/2020,9:00,新加坡,40,,
09/02/2020,9:00,越南,13,,
09/02/2020,9:00,尼泊爾,1,,
09/02/2020,9:00,馬來西亞,16,,
09/02/2020,9:00,美國,12,,
09/02/2020,9:00,澳洲,15,,
09/02/2020,9:00,法國,11,,
09/02/2020,9:00,加拿大,7,,
09/02/2020,9:00,德國,12,,不包括2宗沒有症狀的個案
09/02/2020,9:00,斯里蘭卡,1,,
09/02/2020,9:00,柬埔寨,1,,
09/02/2020,9:00,阿聯酋,7,,
09/02/2020,9:00,芬蘭,1,,
09/02/2020,9:00,菲律賓,3,,
09/02/2020,9:00,印度,3,,
09/02/2020,9:00,意大利,3,,
09/02/2020,9:00,英國,3,,
09/02/2020,9:00,俄羅斯,2,,
09/02/2020,9:00,瑞典,1,,
09/02/2020,9:00,西班牙,1,,
09/02/2020,9:00,比利時,1,,
09/02/2020,18:00,香港特別行政區,29,,
09/02/2020,18:00,澳門特別行政區,10,,
09/02/2020,18:00,台灣,18,,
09/02/2020,18:00,日本,22,,不包括3宗沒有症狀的個案;有64宗確認個案為遊輪乘客
09/02/2020,18:00,韓國,25,,
09/02/2020,18:00,泰國,32,,
09/02/2020,18:00,新加坡,40,,
09/02/2020,18:00,越南,14,,
09/02/2020,18:00,尼泊爾,1,,
09/02/2020,18:00,馬來西亞,17,,
09/02/2020,18:00,美國,12,,
09/02/2020,18:00,澳洲,15,,
09/02/2020,18:00,法國,11,,
09/02/2020,18:00,加拿大,7,,
09/02/2020,18:00,德國,14,,不包括2宗沒有症狀的個案
09/02/2020,18:00,斯里蘭卡,1,,
09/02/2020,18:00,柬埔寨,1,,
09/02/2020,18:00,阿聯酋,7,,
09/02/2020,18:00,芬蘭,1,,
09/02/2020,18:00,菲律賓,3,,
09/02/2020,18:00,印度,3,,
09/02/2020,18:00,意大利,3,,
09/02/2020,18:00,英國,3,,
09/02/2020,18:00,俄羅斯,2,,
09/02/2020,18:00,瑞典,1,,
09/02/2020,18:00,西班牙,1,,
09/02/2020,18:00,比利時,1,,
10/02/2020,9:00,香港特別行政區,36,,
10/02/2020,9:00,澳門特別行政區,10,,
10/02/2020,9:00,台灣,18,,
10/02/2020,9:00,日本,22,,不包括3宗沒有症狀的個案;有70宗確認個案為遊輪乘客
10/02/2020,9:00,韓國,27,,
10/02/2020,9:00,泰國,32,,
10/02/2020,9:00,新加坡,43,,
10/02/2020,9:00,越南,14,,
10/02/2020,9:00,尼泊爾,1,,
10/02/2020,9:00,馬來西亞,17,,
10/02/2020,9:00,美國,12,,
10/02/2020,9:00,澳洲,15,,
10/02/2020,9:00,法國,11,,
10/02/2020,9:00,加拿大,7,,
10/02/2020,9:00,德國,14,,不包括2宗沒有症狀的個案
10/02/2020,9:00,斯里蘭卡,1,,
10/02/2020,9:00,柬埔寨,1,,
10/02/2020,9:00,阿聯酋,7,,
10/02/2020,9:00,芬蘭,1,,
10/02/2020,9:00,菲律賓,3,,
10/02/2020,9:00,印度,3,,
10/02/2020,9:00,意大利,3,,
10/02/2020,9:00,英國,4,,
10/02/2020,9:00,俄羅斯,2,,
10/02/2020,9:00,瑞典,1,,
10/02/2020,9:00,西班牙,2,,
10/02/2020,9:00,比利時,1,,
10/02/2020,18:00,香港特別行政區,38,1,
10/02/2020,18:00,澳門特別行政區,10,0,
10/02/2020,18:00,台灣,18,0,
10/02/2020,18:00,日本,23,0,不包括3宗沒有症狀的個案;有135宗確診個案為遊輪乘客
10/02/2020,18:00,韓國,27,0,
10/02/2020,18:00,泰國,32,0,
10/02/2020,18:00,新加坡,43,0,
10/02/2020,18:00,越南,14,0,
10/02/2020,18:00,尼泊爾,1,0,
10/02/2020,18:00,馬來西亞,18,0,
10/02/2020,18:00,美國,12,0,
10/02/2020,18:00,澳洲,15,0,
10/02/2020,18:00,法國,11,0,
10/02/2020,18:00,加拿大,7,0,
10/02/2020,18:00,德國,12,0,不包括2宗沒有症狀的個案
10/02/2020,18:00,斯里蘭卡,1,0,
10/02/2020,18:00,柬埔寨,1,0,
10/02/2020,18:00,阿聯酋,7,0,
10/02/2020,18:00,芬蘭,1,0,
10/02/2020,18:00,菲律賓,3,1,
10/02/2020,18:00,印度,3,0,
10/02/2020,18:00,意大利,3,0,
10/02/2020,18:00,英國,4,0,
10/02/2020,18:00,俄羅斯,2,0,
10/02/2020,18:00,瑞典,1,0,
10/02/2020,18:00,西班牙,2,0,
10/02/2020,18:00,比利時,1,0,
11/02/2020,9:00,香港特別行政區,42,1,
11/02/2020,9:00,澳門特別行政區,10,0,
11/02/2020,9:00,台灣,18,0,
11/02/2020,9:00,日本,23,0,不包括3宗沒有症狀的個案;有135宗確診個案為遊輪乘客
11/02/2020,9:00,韓國,27,0,
11/02/2020,9:00,泰國,32,0,
11/02/2020,9:00,新加坡,45,0,
11/02/2020,9:00,越南,14,0,
11/02/2020,9:00,尼泊爾,1,0,
11/02/2020,9:00,馬來西亞,18,0,
11/02/2020,9:00,美國,12,0,
11/02/2020,9:00,澳洲,15,0,
11/02/2020,9:00,法國,11,0,
11/02/2020,9:00,加拿大,7,0,
11/02/2020,9:00,德國,12,0,不包括2宗沒有症狀的個案
11/02/2020,9:00,斯里蘭卡,1,0,
11/02/2020,9:00,柬埔寨,1,0,
11/02/2020,9:00,阿聯酋,8,0,
11/02/2020,9:00,芬蘭,1,0,
11/02/2020,9:00,菲律賓,3,1,
11/02/2020,9:00,印度,3,0,
11/02/2020,9:00,意大利,3,0,
11/02/2020,9:00,英國,8,0,
11/02/2020,9:00,俄羅斯,2,0,
11/02/2020,9:00,瑞典,1,0,
11/02/2020,9:00,西班牙,2,0,
11/02/2020,9:00,比利時,1,0,
11/02/2020,18:00,香港特別行政區,49,1,
11/02/2020,18:00,澳門特別行政區,10,0,
11/02/2020,18:00,台灣,18,0,
11/02/2020,18:00,日本,25,0,不包括3宗沒有症狀的個案;有135宗確診個案為遊輪乘客
11/02/2020,18:00,韓國,28,0,
11/02/2020,18:00,泰國,32,0,
11/02/2020,18:00,新加坡,45,0,
11/02/2020,18:00,越南,15,0,
11/02/2020,18:00,尼泊爾,1,0,
11/02/2020,18:00,馬來西亞,18,0,
11/02/2020,18:00,美國,13,0,
11/02/2020,18:00,澳洲,15,0,
11/02/2020,18:00,法國,11,0,
11/02/2020,18:00,加拿大,7,0,
11/02/2020,18:00,德國,12,0,不包括2宗沒有症狀的個案
11/02/2020,18:00,斯里蘭卡,1,0,
11/02/2020,18:00,柬埔寨,1,0,
11/02/2020,18:00,阿聯酋,8,0,
11/02/2020,18:00,芬蘭,1,0,
11/02/2020,18:00,菲律賓,3,1,
11/02/2020,18:00,印度,3,0,
11/02/2020,18:00,意大利,3,0,
11/02/2020,18:00,英國,8,0,
11/02/2020,18:00,俄羅斯,2,0,
11/02/2020,18:00,瑞典,1,0,
11/02/2020,18:00,西班牙,2,0,
11/02/2020,18:00,比利時,1,0,
12/02/2020,9:00,香港特別行政區,49,1,
12/02/2020,9:00,澳門特別行政區,10,0,
12/02/2020,9:00,台灣,18,0,
12/02/2020,9:00,日本,25,0,不包括3宗沒有症狀的個案;有174宗確診個案為遊輪乘客
12/02/2020,9:00,韓國,28,0,
12/02/2020,9:00,泰國,33,0,
12/02/2020,9:00,新加坡,47,0,
12/02/2020,9:00,越南,15,0,
12/02/2020,9:00,尼泊爾,1,0,
12/02/2020,9:00,馬來西亞,18,0,
12/02/2020,9:00,美國,13,0,
12/02/2020,9:00,澳洲,15,0,
12/02/2020,9:00,法國,11,0,
12/02/2020,9:00,加拿大,7,0,
12/02/2020,9:00,德國,14,0,不包括2宗沒有症狀的個案
12/02/2020,9:00,斯里蘭卡,1,0,
12/02/2020,9:00,柬埔寨,1,0,
12/02/2020,9:00,阿聯酋,8,0,
12/02/2020,9:00,芬蘭,1,0,
12/02/2020,9:00,菲律賓,3,1,
12/02/2020,9:00,印度,3,0,
12/02/2020,9:00,意大利,3,0,
12/02/2020,9:00,英國,8,0,
12/02/2020,9:00,俄羅斯,2,0,
12/02/2020,9:00,瑞典,1,0,
12/02/2020,9:00,西班牙,2,0,
12/02/2020,9:00,比利時,1,0,
12/02/2020,18:00,香港特別行政區,50,1,
12/02/2020,18:00,澳門特別行政區,10,0,
12/02/2020,18:00,台灣,18,0,
12/02/2020,18:00,日本,25,0,不包括3宗沒有症狀的個案;有174宗確診個案為遊輪乘客
12/02/2020,18:00,韓國,28,0,
12/02/2020,18:00,泰國,33,0,
12/02/2020,18:00,新加坡,47,0,
12/02/2020,18:00,越南,15,0,
12/02/2020,18:00,尼泊爾,1,0,
12/02/2020,18:00,馬來西亞,18,0,
12/02/2020,18:00,美國,13,0,
12/02/2020,18:00,澳洲,15,0,
12/02/2020,18:00,法國,11,0,
12/02/2020,18:00,加拿大,7,0,
12/02/2020,18:00,德國,14,0,不包括2宗沒有症狀的個案
12/02/2020,18:00,斯里蘭卡,1,0,
12/02/2020,18:00,柬埔寨,1,0,
12/02/2020,18:00,阿聯酋,8,0,
12/02/2020,18:00,芬蘭,1,0,
12/02/2020,18:00,菲律賓,3,1,
12/02/2020,18:00,印度,3,0,
12/02/2020,18:00,意大利,3,0,
12/02/2020,18:00,英國,8,0,
12/02/2020,18:00,俄羅斯,2,0,
12/02/2020,18:00,瑞典,1,0,
12/02/2020,18:00,西班牙,2,0,
12/02/2020,18:00,比利時,1,0,
13/02/2020,9:00,香港特別行政區,50,1,
13/02/2020,9:00,澳門特別行政區,10,0,
13/02/2020,9:00,台灣,18,0,
13/02/2020,9:00,日本,25,0,不包括3宗沒有症狀的個案;有174宗確診個案為遊輪乘客
13/02/2020,9:00,韓國,28,0,
13/02/2020,9:00,泰國,33,0,
13/02/2020,9:00,新加坡,50,0,
13/02/2020,9:00,越南,15,0,
13/02/2020,9:00,尼泊爾,1,0,
13/02/2020,9:00,馬來西亞,18,0,
13/02/2020,9:00,美國,13,0,
13/02/2020,9:00,澳洲,15,0,
13/02/2020,9:00,法國,11,0,
13/02/2020,9:00,加拿大,7,0,
13/02/2020,9:00,德國,14,0,不包括2宗沒有症狀的個案
13/02/2020,9:00,斯里蘭卡,1,0,
13/02/2020,9:00,柬埔寨,1,0,
13/02/2020,9:00,阿聯酋,8,0,
13/02/2020,9:00,芬蘭,1,0,
13/02/2020,9:00,菲律賓,3,1,
13/02/2020,9:00,印度,3,0,
13/02/2020,9:00,意大利,3,0,
13/02/2020,9:00,英國,9,0,
13/02/2020,9:00,俄羅斯,2,0,
13/02/2020,9:00,瑞典,1,0,
13/02/2020,9:00,西班牙,2,0,
13/02/2020,9:00,比利時,1,0,
13/02/2020,18:00,香港特別行政區,51,1,
13/02/2020,18:00,澳門特別行政區,10,0,
13/02/2020,18:00,台灣,18,0,
13/02/2020,18:00,日本,25,0,不包括3宗沒有症狀的個案;有174宗確診個案為遊輪乘客
13/02/2020,18:00,韓國,28,0,
13/02/2020,18:00,泰國,33,0,
13/02/2020,18:00,新加坡,50,0,
13/02/2020,18:00,越南,16,0,
13/02/2020,18:00,尼泊爾,1,0,
13/02/2020,18:00,馬來西亞,19,0,
13/02/2020,18:00,美國,14,0,
13/02/2020,18:00,澳洲,15,0,
13/02/2020,18:00,法國,11,0,
13/02/2020,18:00,加拿大,7,0,
13/02/2020,18:00,德國,14,0,不包括2宗沒有症狀的個案
13/02/2020,18:00,斯里蘭卡,1,0,
13/02/2020,18:00,柬埔寨,1,0,
13/02/2020,18:00,阿聯酋,8,0,
13/02/2020,18:00,芬蘭,1,0,
13/02/2020,18:00,菲律賓,3,1,
13/02/2020,18:00,印度,3,0,
13/02/2020,18:00,意大利,3,0,
13/02/2020,18:00,英國,9,0,
13/02/2020,18:00,俄羅斯,2,0,
13/02/2020,18:00,瑞典,1,0,
13/02/2020,18:00,西班牙,2,0,
13/02/2020,18:00,比利時,1,0,
14/02/2020,9:00,香港特別行政區,53,1,
14/02/2020,9:00,澳門特別行政區,10,0,
14/02/2020,9:00,台灣,18,0,
14/02/2020,9:00,日本,30,1,不包括3宗沒有症狀的個案;有218宗確診個案為遊輪乘客
14/02/2020,9:00,韓國,28,0,
14/02/2020,9:00,泰國,33,0,
14/02/2020,9:00,新加坡,58,0,
14/02/2020,9:00,越南,16,0,
14/02/2020,9:00,尼泊爾,1,0,
14/02/2020,9:00,馬來西亞,19,0,
14/02/2020,9:00,美國,15,0,
14/02/2020,9:00,澳洲,15,0,
14/02/2020,9:00,法國,11,0,
14/02/2020,9:00,加拿大,7,0,
14/02/2020,9:00,德國,14,0,不包括2宗沒有症狀的個案
14/02/2020,9:00,斯里蘭卡,1,0,
14/02/2020,9:00,柬埔寨,1,0,
14/02/2020,9:00,阿聯酋,8,0,
14/02/2020,9:00,芬蘭,1,0,
14/02/2020,9:00,菲律賓,3,1,
14/02/2020,9:00,印度,3,0,
14/02/2020,9:00,意大利,3,0,
14/02/2020,9:00,英國,9,0,
14/02/2020,9:00,俄羅斯,2,0,
14/02/2020,9:00,瑞典,1,0,
14/02/2020,9:00,西班牙,2,0,
14/02/2020,9:00,比利時,1,0,
14/02/2020,18:00,香港特別行政區,56,1,
14/02/2020,18:00,澳門特別行政區,10,0,
14/02/2020,18:00,台灣,18,0,
14/02/2020,18:00,日本,30,1,不包括3宗沒有症狀的個案;有218宗確診個案為遊輪乘客
14/02/2020,18:00,韓國,28,0,
14/02/2020,18:00,泰國,33,0,
14/02/2020,18:00,新加坡,58,0,
14/02/2020,18:00,越南,16,0,
14/02/2020,18:00,尼泊爾,1,0,
14/02/2020,18:00,馬來西亞,19,0,
14/02/2020,18:00,美國,15,0,
14/02/2020,18:00,澳洲,15,0,
14/02/2020,18:00,法國,11,0,
14/02/2020,18:00,加拿大,7,0,
14/02/2020,18:00,德國,14,0,不包括2宗沒有症狀的個案
14/02/2020,18:00,斯里蘭卡,1,0,
14/02/2020,18:00,柬埔寨,1,0,
14/02/2020,18:00,阿聯酋,8,0,
14/02/2020,18:00,芬蘭,1,0,
14/02/2020,18:00,菲律賓,3,1,
14/02/2020,18:00,印度,3,0,
14/02/2020,18:00,意大利,3,0,
14/02/2020,18:00,英國,9,0,
14/02/2020,18:00,俄羅斯,2,0,
14/02/2020,18:00,瑞典,1,0,
14/02/2020,18:00,西班牙,2,0,
14/02/2020,18:00,比利時,1,0,
15/02/2020,9:00,香港特別行政區,56,1,
15/02/2020,9:00,澳門特別行政區,10,0,
15/02/2020,9:00,台灣,18,0,
15/02/2020,9:00,日本,37,1,不包括3宗沒有症狀的個案;有218宗確診個案為遊輪乘客
15/02/2020,9:00,韓國,28,0,
15/02/2020,9:00,泰國,33,0,
15/02/2020,9:00,新加坡,67,0,
15/02/2020,9:00,越南,16,0,
15/02/2020,9:00,尼泊爾,1,0,
15/02/2020,9:00,馬來西亞,19,0,
15/02/2020,9:00,美國,15,0,
15/02/2020,9:00,澳洲,15,0,
15/02/2020,9:00,法國,11,0,
15/02/2020,9:00,加拿大,7,0,
15/02/2020,9:00,德國,14,0,不包括2宗沒有症狀的個案
15/02/2020,9:00,斯里蘭卡,1,0,
15/02/2020,9:00,柬埔寨,1,0,
15/02/2020,9:00,阿聯酋,8,0,
15/02/2020,9:00,芬蘭,1,0,
15/02/2020,9:00,菲律賓,3,1,
15/02/2020,9:00,印度,3,0,
15/02/2020,9:00,意大利,3,0,
15/02/2020,9:00,英國,9,0,
15/02/2020,9:00,俄羅斯,2,0,
15/02/2020,9:00,瑞典,1,0,
15/02/2020,9:00,西班牙,2,0,
15/02/2020,9:00,比利時,1,0,
15/02/2020,18:00,香港特別行政區,56,1,
15/02/2020,18:00,澳門特別行政區,10,0,
15/02/2020,18:00,台灣,18,0,
15/02/2020,18:00,日本,37,1,不包括3宗沒有症狀的個案;有218宗確診個案為遊輪乘客
15/02/2020,18:00,韓國,28,0,
15/02/2020,18:00,泰國,34,0,
15/02/2020,18:00,新加坡,67,0,
15/02/2020,18:00,越南,16,0,
15/02/2020,18:00,尼泊爾,1,0,
15/02/2020,18:00,馬來西亞,21,0,
15/02/2020,18:00,美國,15,0,
15/02/2020,18:00,澳洲,15,0,
15/02/2020,18:00,法國,11,0,
15/02/2020,18:00,加拿大,7,0,
15/02/2020,18:00,德國,14,0,不包括2宗沒有症狀的個案
15/02/2020,18:00,斯里蘭卡,1,0,
15/02/2020,18:00,柬埔寨,1,0,
15/02/2020,18:00,阿聯酋,8,0,
15/02/2020,18:00,芬蘭,1,0,
15/02/2020,18:00,菲律賓,3,1,
15/02/2020,18:00,印度,3,0,
15/02/2020,18:00,意大利,3,0,
15/02/2020,18:00,英國,9,0,
15/02/2020,18:00,俄羅斯,2,0,
15/02/2020,18:00,瑞典,1,0,
15/02/2020,18:00,西班牙,2,0,
15/02/2020,18:00,比利時,1,0,
15/02/2020,18:00,埃及,1,0,
16/02/2020,9:00,香港特別行政區,56,1,
16/02/2020,9:00,澳門特別行政區,10,0,
16/02/2020,9:00,台灣,18,0,
16/02/2020,9:00,日本,43,1,不包括9宗沒有症狀的個案;有285宗確診個案為遊輪乘客
16/02/2020,9:00,韓國,28,0,
16/02/2020,9:00,泰國,34,0,
16/02/2020,9:00,新加坡,72,0,
16/02/2020,9:00,越南,16,0,
16/02/2020,9:00,尼泊爾,1,0,
16/02/2020,9:00,馬來西亞,22,0,
16/02/2020,9:00,美國,15,0,
16/02/2020,9:00,澳洲,15,0,
16/02/2020,9:00,法國,12,1,
16/02/2020,9:00,加拿大,7,0,
16/02/2020,9:00,德國,14,0,不包括2宗沒有症狀的個案
16/02/2020,9:00,斯里蘭卡,1,0,
16/02/2020,9:00,柬埔寨,1,0,
16/02/2020,9:00,阿聯酋,8,0,
16/02/2020,9:00,芬蘭,1,0,
16/02/2020,9:00,菲律賓,3,1,
16/02/2020,9:00,印度,3,0,
16/02/2020,9:00,意大利,3,0,
16/02/2020,9:00,英國,9,0,
16/02/2020,9:00,俄羅斯,2,0,
16/02/2020,9:00,瑞典,1,0,
16/02/2020,9:00,西班牙,2,0,
16/02/2020,9:00,比利時,1,0,
16/02/2020,9:00,埃及,1,0,
16/02/2020,18:00,香港特別行政區,57,1,
16/02/2020,18:00,澳門特別行政區,10,0,
16/02/2020,18:00,台灣,18,0,
16/02/2020,18:00,日本,43,1,不包括9宗沒有症狀的個案;有355宗確診個案為遊輪乘客
16/02/2020,18:00,韓國,29,0,
16/02/2020,18:00,泰國,34,0,
16/02/2020,18:00,新加坡,72,0,
16/02/2020,18:00,越南,16,0,
16/02/2020,18:00,尼泊爾,1,0,
16/02/2020,18:00,馬來西亞,22,0,
16/02/2020,18:00,美國,15,0,
16/02/2020,18:00,澳洲,15,0,
16/02/2020,18:00,法國,12,1,
16/02/2020,18:00,加拿大,7,0,
16/02/2020,18:00,德國,14,0,不包括2宗沒有症狀的個案
16/02/2020,18:00,斯里蘭卡,1,0,
16/02/2020,18:00,柬埔寨,1,0,
16/02/2020,18:00,阿聯酋,8,0,
16/02/2020,18:00,芬蘭,1,0,
16/02/2020,18:00,菲律賓,3,1,
16/02/2020,18:00,印度,3,0,
16/02/2020,18:00,意大利,3,0,
16/02/2020,18:00,英國,9,0,
16/02/2020,18:00,俄羅斯,2,0,
16/02/2020,18:00,瑞典,1,0,
16/02/2020,18:00,西班牙,2,0,
16/02/2020,18:00,比利時,1,0,
16/02/2020,18:00,埃及,1,0,
17/02/2020,9:00,香港特別行政區,57,1,
17/02/2020,9:00,澳門特別行政區,10,0,
17/02/2020,9:00,台灣,20,1,
17/02/2020,9:00,日本,43,1,不包括9宗沒有症狀的個案;有355宗確診個案為遊輪乘客
17/02/2020,9:00,韓國,29,0,
17/02/2020,9:00,泰國,34,0,
17/02/2020,9:00,新加坡,75,0,
17/02/2020,9:00,越南,16,0,
17/02/2020,9:00,尼泊爾,1,0,
17/02/2020,9:00,馬來西亞,22,0,
17/02/2020,9:00,美國,15,0,
17/02/2020,9:00,澳洲,15,0,
17/02/2020,9:00,法國,12,1,
17/02/2020,9:00,加拿大,7,0,
17/02/2020,9:00,德國,14,0,不包括2宗沒有症狀的個案
17/02/2020,9:00,斯里蘭卡,1,0,
17/02/2020,9:00,柬埔寨,1,0,
17/02/2020,9:00,阿聯酋,8,0,
17/02/2020,9:00,芬蘭,1,0,
17/02/2020,9:00,菲律賓,3,1,
17/02/2020,9:00,印度,3,0,
17/02/2020,9:00,意大利,3,0,
17/02/2020,9:00,英國,9,0,
17/02/2020,9:00,俄羅斯,2,0,
17/02/2020,9:00,瑞典,1,0,
17/02/2020,9:00,西班牙,2,0,
17/02/2020,9:00,比利時,1,0,
17/02/2020,9:00,埃及,1,0,
17/02/2020,18:00,香港特別行政區,60,1,
17/02/2020,18:00,澳門特別行政區,10,0,
17/02/2020,18:00,台灣,20,1,
17/02/2020,18:00,日本,53,1,有454宗確診個案為遊輪乘客
17/02/2020,18:00,韓國,30,0,
17/02/2020,18:00,泰國,35,0,
17/02/2020,18:00,新加坡,75,0,
17/02/2020,18:00,越南,16,0,
17/02/2020,18:00,尼泊爾,1,0,
17/02/2020,18:00,馬來西亞,22,0,
17/02/2020,18:00,美國,15,0,
17/02/2020,18:00,澳洲,15,0,
17/02/2020,18:00,法國,12,1,
17/02/2020,18:00,加拿大,7,0,
17/02/2020,18:00,德國,14,0,不包括2宗沒有症狀的個案
17/02/2020,18:00,斯里蘭卡,1,0,
17/02/2020,18:00,柬埔寨,1,0,
17/02/2020,18:00,阿聯酋,9,0,
17/02/2020,18:00,芬蘭,1,0,
17/02/2020,18:00,菲律賓,3,1,
17/02/2020,18:00,印度,3,0,
17/02/2020,18:00,意大利,3,0,
17/02/2020,18:00,英國,9,0,
17/02/2020,18:00,俄羅斯,2,0,
17/02/2020,18:00,瑞典,1,0,
17/02/2020,18:00,西班牙,2,0,
17/02/2020,18:00,比利時,1,0,
17/02/2020,18:00,埃及,1,0,
18/02/2020,9:00,香港特別行政區,60,1,
18/02/2020,9:00,澳門特別行政區,10,0,
18/02/2020,9:00,台灣,22,1,
18/02/2020,9:00,日本,59,1,有454宗確診個案為遊輪乘客
18/02/2020,9:00,韓國,30,0,
18/02/2020,9:00,泰國,35,0,
18/02/2020,9:00,新加坡,77,0,
18/02/2020,9:00,越南,16,0,
18/02/2020,9:00,尼泊爾,1,0,
18/02/2020,9:00,馬來西亞,22,0,
18/02/2020,9:00,美國,15,0,
18/02/2020,9:00,澳洲,15,0,
18/02/2020,9:00,法國,12,1,
18/02/2020,9:00,加拿大,8,0,
18/02/2020,9:00,德國,14,0,不包括2宗沒有症狀的個案
18/02/2020,9:00,斯里蘭卡,1,0,
18/02/2020,9:00,柬埔寨,1,0,
18/02/2020,9:00,阿聯酋,9,0,
18/02/2020,9:00,芬蘭,1,0,
18/02/2020,9:00,菲律賓,3,1,
18/02/2020,9:00,印度,3,0,
18/02/2020,9:00,意大利,3,0,
18/02/2020,9:00,英國,9,0,
18/02/2020,9:00,俄羅斯,2,0,
18/02/2020,9:00,瑞典,1,0,
18/02/2020,9:00,西班牙,2,0,
18/02/2020,9:00,比利時,1,0,
18/02/2020,9:00,埃及,1,0,
18/02/2020,18:00,香港特別行政區,61,1,
18/02/2020,18:00,澳門特別行政區,10,0,
18/02/2020,18:00,台灣,22,1,
18/02/2020,18:00,日本,59,1,有454宗確診個案為遊輪乘客
18/02/2020,18:00,韓國,31,0,
18/02/2020,18:00,泰國,35,0,
18/02/2020,18:00,新加坡,77,0,
18/02/2020,18:00,越南,16,0,
18/02/2020,18:00,尼泊爾,1,0,
18/02/2020,18:00,馬來西亞,22,0,
18/02/2020,18:00,美國,15,0,
18/02/2020,18:00,澳洲,15,0,
18/02/2020,18:00,法國,12,1,
18/02/2020,18:00,加拿大,8,0,
18/02/2020,18:00,德國,14,0,不包括2宗沒有症狀的個案
18/02/2020,18:00,斯里蘭卡,1,0,
18/02/2020,18:00,柬埔寨,1,0,
18/02/2020,18:00,阿聯酋,9,0,
18/02/2020,18:00,芬蘭,1,0,
18/02/2020,18:00,菲律賓,3,1,
18/02/2020,18:00,印度,3,0,
18/02/2020,18:00,意大利,3,0,
18/02/2020,18:00,英國,9,0,
18/02/2020,18:00,俄羅斯,2,0,
18/02/2020,18:00,瑞典,1,0,
18/02/2020,18:00,西班牙,2,0,
18/02/2020,18:00,比利時,1,0,
18/02/2020,18:00,埃及,1,0,
19/02/2020,9:00,香港特別行政區,62,1,
19/02/2020,9:00,澳門特別行政區,10,0,
19/02/2020,9:00,台灣,22,1,
19/02/2020,9:00,日本,65,1,有542宗確診個案為遊輪乘客
19/02/2020,9:00,韓國,31,0,
19/02/2020,9:00,泰國,35,0,
19/02/2020,9:00,新加坡,81,0,
19/02/2020,9:00,越南,16,0,
19/02/2020,9:00,尼泊爾,1,0,
19/02/2020,9:00,馬來西亞,22,0,
19/02/2020,9:00,美國,15,0,
19/02/2020,9:00,澳洲,15,0,
19/02/2020,9:00,法國,12,1,
19/02/2020,9:00,加拿大,8,0,
19/02/2020,9:00,德國,14,0,不包括2宗沒有症狀的個案
19/02/2020,9:00,斯里蘭卡,1,0,
19/02/2020,9:00,柬埔寨,1,0,
19/02/2020,9:00,阿聯酋,9,0,
19/02/2020,9:00,芬蘭,1,0,
19/02/2020,9:00,菲律賓,3,1,
19/02/2020,9:00,印度,3,0,
19/02/2020,9:00,意大利,3,0,
19/02/2020,9:00,英國,9,0,
19/02/2020,9:00,俄羅斯,2,0,
19/02/2020,9:00,瑞典,1,0,
19/02/2020,9:00,西班牙,2,0,
19/02/2020,9:00,比利時,1,0,
19/02/2020,9:00,埃及,1,0,
19/02/2020,18:00,香港特別行政區,63,2,
19/02/2020,18:00,澳門特別行政區,10,0,
19/02/2020,18:00,台灣,23,1,
19/02/2020,18:00,日本,65,1,有542宗確診個案為遊輪乘客
19/02/2020,18:00,韓國,51,0,
19/02/2020,18:00,泰國,35,0,
19/02/2020,18:00,新加坡,81,0,
19/02/2020,18:00,越南,16,0,
19/02/2020,18:00,尼泊爾,1,0,
19/02/2020,18:00,馬來西亞,22,0,
19/02/2020,18:00,美國,15,0,
19/02/2020,18:00,澳洲,15,0,
19/02/2020,18:00,法國,12,1,
19/02/2020,18:00,加拿大,8,0,
19/02/2020,18:00,德國,14,0,不包括2宗沒有症狀的個案
19/02/2020,18:00,斯里蘭卡,1,0,
19/02/2020,18:00,柬埔寨,1,0,
19/02/2020,18:00,阿聯酋,9,0,
19/02/2020,18:00,芬蘭,1,0,
19/02/2020,18:00,菲律賓,3,1,
19/02/2020,18:00,印度,3,0,
19/02/2020,18:00,意大利,3,0,
19/02/2020,18:00,英國,9,0,
19/02/2020,18:00,俄羅斯,2,0,
19/02/2020,18:00,瑞典,1,0,
19/02/2020,18:00,西班牙,2,0,
19/02/2020,18:00,比利時,1,0,
19/02/2020,18:00,埃及,1,0,
20/02/2020,9:00,香港特別行政區,65,2,
20/02/2020,9:00,澳門特別行政區,10,0,
20/02/2020,9:00,台灣,24,1,
20/02/2020,9:00,日本,70,1,不包括14宗沒有症狀的個案;有621宗確診個案為遊輪乘客
20/02/2020,9:00,韓國,82,0,
20/02/2020,9:00,泰國,35,0,
20/02/2020,9:00,新加坡,84,0,
20/02/2020,9:00,越南,16,0,
20/02/2020,9:00,尼泊爾,1,0,
20/02/2020,9:00,馬來西亞,22,0,
20/02/2020,9:00,美國,15,0,
20/02/2020,9:00,澳洲,15,0,
20/02/2020,9:00,法國,12,1,
20/02/2020,9:00,加拿大,8,0,
20/02/2020,9:00,德國,14,0,不包括2宗沒有症狀的個案
20/02/2020,9:00,斯里蘭卡,1,0,
20/02/2020,9:00,柬埔寨,1,0,
20/02/2020,9:00,阿聯酋,9,0,
20/02/2020,9:00,芬蘭,1,0,
20/02/2020,9:00,菲律賓,3,1,
20/02/2020,9:00,印度,3,0,
20/02/2020,9:00,意大利,3,0,
20/02/2020,9:00,英國,9,0,
20/02/2020,9:00,俄羅斯,2,0,
20/02/2020,9:00,瑞典,1,0,
20/02/2020,9:00,西班牙,2,0,
20/02/2020,9:00,比利時,1,0,
20/02/2020,9:00,埃及,1,0,
20/02/2020,9:00,伊朗,2,2,
20/02/2020,18:00,香港特別行政區,67,2,包括1宗疑似個案
20/02/2020,18:00,澳門特別行政區,10,0,
20/02/2020,18:00,台灣,24,1,
20/02/2020,18:00,日本,70,1,不包括14宗沒有症狀的個案;有621宗確診個案為遊輪乘客 (當中包括2宗死亡個案)
20/02/2020,18:00,韓國,104,1,
20/02/2020,18:00,泰國,35,0,
20/02/2020,18:00,新加坡,84,0,
20/02/2020,18:00,越南,16,0,
20/02/2020,18:00,尼泊爾,1,0,
20/02/2020,18:00,馬來西亞,22,0,
20/02/2020,18:00,美國,15,0,
20/02/2020,18:00,澳洲,15,0,
20/02/2020,18:00,法國,12,1,
20/02/2020,18:00,加拿大,8,0,
20/02/2020,18:00,德國,14,0,不包括2宗沒有症狀的個案
20/02/2020,18:00,斯里蘭卡,1,0,
20/02/2020,18:00,柬埔寨,1,0,
20/02/2020,18:00,阿聯酋,9,0,
20/02/2020,18:00,芬蘭,1,0,
20/02/2020,18:00,菲律賓,3,1,
20/02/2020,18:00,印度,3,0,
20/02/2020,18:00,意大利,3,0,
20/02/2020,18:00,英國,9,0,
20/02/2020,18:00,俄羅斯,2,0,
20/02/2020,18:00,瑞典,1,0,
20/02/2020,18:00,西班牙,2,0,
20/02/2020,18:00,比利時,1,0,
20/02/2020,18:00,埃及,1,0,
20/02/2020,18:00,伊朗,2,2,
21/02/2020,9:00,香港特別行政區,69,2,包括1宗疑似個案
21/02/2020,9:00,澳門特別行政區,10,0,
21/02/2020,9:00,台灣,24,1,
21/02/2020,9:00,日本,79,1,不包括14宗沒有症狀的個案;有634宗確診個案為遊輪乘客 (當中包括2宗死亡個案)
21/02/2020,9:00,韓國,156,1,
21/02/2020,9:00,泰國,35,0,
21/02/2020,9:00,新加坡,85,0,
21/02/2020,9:00,越南,16,0,
21/02/2020,9:00,尼泊爾,1,0,
21/02/2020,9:00,馬來西亞,22,0,
21/02/2020,9:00,美國,15,0,
21/02/2020,9:00,澳洲,15,0,
21/02/2020,9:00,法國,12,1,
21/02/2020,9:00,加拿大,8,0,
21/02/2020,9:00,德國,14,0,不包括2宗沒有症狀的個案
21/02/2020,9:00,斯里蘭卡,1,0,
21/02/2020,9:00,柬埔寨,1,0,
21/02/2020,9:00,阿聯酋,9,0,
21/02/2020,9:00,芬蘭,1,0,
21/02/2020,9:00,菲律賓,3,1,
21/02/2020,9:00,印度,3,0,
21/02/2020,9:00,意大利,3,0,
21/02/2020,9:00,英國,9,0,
21/02/2020,9:00,俄羅斯,2,0,
21/02/2020,9:00,瑞典,1,0,
21/02/2020,9:00,西班牙,2,0,
21/02/2020,9:00,比利時,1,0,
21/02/2020,9:00,埃及,1,0,
21/02/2020,9:00,伊朗,5,2,
21/02/2020,18:00,香港特別行政區,69,2,包括1宗疑似個案
21/02/2020,18:00,澳門特別行政區,10,0,
21/02/2020,18:00,台灣,26,1,
21/02/2020,18:00,日本,79,1,不包括14宗沒有症狀的個案;有634宗確診個案為遊輪乘客 (當中包括2宗死亡個案)
21/02/2020,18:00,韓國,204,1,
21/02/2020,18:00,泰國,35,0,
21/02/2020,18:00,新加坡,85,0,
21/02/2020,18:00,越南,16,0,
21/02/2020,18:00,尼泊爾,1,0,
21/02/2020,18:00,馬來西亞,22,0,
21/02/2020,18:00,美國,15,0,
21/02/2020,18:00,澳洲,17,0,
21/02/2020,18:00,法國,12,1,
21/02/2020,18:00,加拿大,8,0,
21/02/2020,18:00,德國,14,0,不包括2宗沒有症狀的個案
21/02/2020,18:00,斯里蘭卡,1,0,
21/02/2020,18:00,柬埔寨,1,0,
21/02/2020,18:00,阿聯酋,9,0,
21/02/2020,18:00,芬蘭,1,0,
21/02/2020,18:00,菲律賓,3,1,
21/02/2020,18:00,印度,3,0,
21/02/2020,18:00,意大利,3,0,
21/02/2020,18:00,英國,9,0,
21/02/2020,18:00,俄羅斯,2,0,
21/02/2020,18:00,瑞典,1,0,
21/02/2020,18:00,西班牙,2,0,
21/02/2020,18:00,比利時,1,0,
21/02/2020,18:00,埃及,1,0,
21/02/2020,18:00,伊朗,5,2,
22/02/2020,9:00,香港特別行政區,69,2,包括1宗疑似個案
22/02/2020,9:00,澳門特別行政區,10,0,
22/02/2020,9:00,台灣,26,1,
22/02/2020,9:00,日本,91,1,不包括14宗沒有症狀的個案;有634宗確診個案為遊輪乘客 (當中包括2宗死亡個案)
22/02/2020,9:00,韓國,204,1,
22/02/2020,9:00,泰國,35,0,
22/02/2020,9:00,新加坡,86,0,
22/02/2020,9:00,越南,16,0,
22/02/2020,9:00,尼泊爾,1,0,
22/02/2020,9:00,馬來西亞,22,0,
22/02/2020,9:00,美國,15,0,
22/02/2020,9:00,澳洲,17,0,
22/02/2020,9:00,法國,12,1,
22/02/2020,9:00,加拿大,8,0,
22/02/2020,9:00,德國,14,0,不包括2宗沒有症狀的個案
22/02/2020,9:00,斯里蘭卡,1,0,
22/02/2020,9:00,柬埔寨,1,0,
22/02/2020,9:00,阿聯酋,11,0,
22/02/2020,9:00,芬蘭,1,0,
22/02/2020,9:00,菲律賓,3,1,
22/02/2020,9:00,印度,3,0,
22/02/2020,9:00,意大利,17,0,
22/02/2020,9:00,英國,9,0,
22/02/2020,9:00,俄羅斯,2,0,
22/02/2020,9:00,瑞典,1,0,
22/02/2020,9:00,西班牙,2,0,
22/02/2020,9:00,比利時,1,0,
22/02/2020,9:00,埃及,1,0,
22/02/2020,9:00,伊朗,18,4,
22/02/2020,9:00,以色列,1,0,
22/02/2020,9:00,黎巴嫩,1,0,
22/02/2020,18:00,香港特別行政區,69,2,包括1宗疑似個案
22/02/2020,18:00,澳門特別行政區,10,0,
22/02/2020,18:00,台灣,26,1,
22/02/2020,18:00,日本,93,1,不包括14宗沒有症狀的個案;有634宗確診個案為遊輪乘客 (當中包括2宗死亡個案)
22/02/2020,18:00,韓國,346,2,
22/02/2020,18:00,泰國,35,0,
22/02/2020,18:00,新加坡,86,0,
22/02/2020,18:00,越南,16,0,
22/02/2020,18:00,尼泊爾,1,0,
22/02/2020,18:00,馬來西亞,22,0,
22/02/2020,18:00,美國,15,0,
22/02/2020,18:00,澳洲,17,0,
22/02/2020,18:00,法國,12,1,
22/02/2020,18:00,加拿大,8,0,
22/02/2020,18:00,德國,14,0,不包括2宗沒有症狀的個案
22/02/2020,18:00,斯里蘭卡,1,0,
22/02/2020,18:00,柬埔寨,1,0,
22/02/2020,18:00,阿聯酋,11,0,
22/02/2020,18:00,芬蘭,1,0,
22/02/2020,18:00,菲律賓,3,1,
22/02/2020,18:00,印度,3,0,
22/02/2020,18:00,意大利,17,0,
22/02/2020,18:00,英國,9,0,
22/02/2020,18:00,俄羅斯,2,0,
22/02/2020,18:00,瑞典,1,0,
22/02/2020,18:00,西班牙,2,0,
22/02/2020,18:00,比利時,1,0,
22/02/2020,18:00,埃及,1,0,
22/02/2020,18:00,伊朗,18,4,
22/02/2020,18:00,以色列,1,0,
22/02/2020,18:00,黎巴嫩,1,0,
23/02/2020,9:00,香港特別行政區,70,2,包括1宗疑似個案
23/02/2020,9:00,澳門特別行政區,10,0,
23/02/2020,9:00,台灣,26,1,
23/02/2020,9:00,日本,113,1,不包括14宗沒有症狀的個案;有634宗確診個案為遊輪乘客 (當中包括2宗死亡個案)
23/02/2020,9:00,韓國,556,2,
23/02/2020,9:00,泰國,35,0,
23/02/2020,9:00,新加坡,89,0,
23/02/2020,9:00,越南,16,0,
23/02/2020,9:00,尼泊爾,1,0,
23/02/2020,9:00,馬來西亞,22,0,
23/02/2020,9:00,美國,14,0,
23/02/2020,9:00,澳洲,22,0,
23/02/2020,9:00,法國,12,1,
23/02/2020,9:00,加拿大,9,0,
23/02/2020,9:00,德國,14,0,不包括2宗沒有症狀的個案
23/02/2020,9:00,斯里蘭卡,1,0,
23/02/2020,9:00,柬埔寨,1,0,
23/02/2020,9:00,阿聯酋,13,0,
23/02/2020,9:00,芬蘭,1,0,
23/02/2020,9:00,菲律賓,3,1,
23/02/2020,9:00,印度,3,0,
23/02/2020,9:00,意大利,17,0,
23/02/2020,9:00,英國,9,0,
23/02/2020,9:00,俄羅斯,2,0,
23/02/2020,9:00,瑞典,1,0,
23/02/2020,9:00,西班牙,2,0,
23/02/2020,9:00,比利時,1,0,
23/02/2020,9:00,埃及,1,0,
23/02/2020,9:00,伊朗,18,4,
23/02/2020,9:00,以色列,1,0,
23/02/2020,9:00,黎巴嫩,1,0,
23/02/2020,18:00,香港特別行政區,74,2,
23/02/2020,18:00,澳門特別行政區,10,0,
23/02/2020,18:00,台灣,28,1,
23/02/2020,18:00,日本,132,1,有634宗確診個案為遊輪乘客 (當中包括2宗死亡個案)
23/02/2020,18:00,韓國,602,5,
23/02/2020,18:00,泰國,35,0,
23/02/2020,18:00,新加坡,89,0,
23/02/2020,18:00,越南,16,0,
23/02/2020,18:00,尼泊爾,1,0,
23/02/2020,18:00,馬來西亞,22,0,
23/02/2020,18:00,美國,35,0,
23/02/2020,18:00,澳洲,22,0,
23/02/2020,18:00,法國,12,1,
23/02/2020,18:00,加拿大,9,0,
23/02/2020,18:00,德國,16,0,
23/02/2020,18:00,斯里蘭卡,1,0,
23/02/2020,18:00,柬埔寨,1,0,
23/02/2020,18:00,阿聯酋,13,0,
23/02/2020,18:00,芬蘭,1,0,
23/02/2020,18:00,菲律賓,3,1,
23/02/2020,18:00,印度,3,0,
23/02/2020,18:00,意大利,79,2,
23/02/2020,18:00,英國,9,0,
23/02/2020,18:00,俄羅斯,2,0,
23/02/2020,18:00,瑞典,1,0,
23/02/2020,18:00,西班牙,2,0,
23/02/2020,18:00,比利時,1,0,
23/02/2020,18:00,埃及,1,0,
23/02/2020,18:00,伊朗,18,4,
23/02/2020,18:00,以色列,1,0,
23/02/2020,18:00,黎巴嫩,1,0,
23/02/2020,18:00,尼泊爾,1,0,
23/02/2020,18:00,芬蘭,1,0,
24/02/2020,9:00,香港特別行政區,74,2,
24/02/2020,9:00,澳門特別行政區,10,0,
24/02/2020,9:00,台灣,28,1,
24/02/2020,9:00,日本,144,1,有691宗確診個案為遊輪乘客 (當中包括3宗死亡個案)
24/02/2020,9:00,韓國,763,7,
24/02/2020,9:00,泰國,35,0,
24/02/2020,9:00,新加坡,89,0,
24/02/2020,9:00,越南,16,0,
24/02/2020,9:00,尼泊爾,1,0,
24/02/2020,9:00,馬來西亞,22,0,
24/02/2020,9:00,美國,35,0,
24/02/2020,9:00,澳洲,22,0,
24/02/2020,9:00,法國,12,1,
24/02/2020,9:00,加拿大,9,0,
24/02/2020,9:00,德國,16,0,
24/02/2020,9:00,斯里蘭卡,1,0,
24/02/2020,9:00,柬埔寨,1,0,
24/02/2020,9:00,阿聯酋,13,0,
24/02/2020,9:00,芬蘭,1,0,
24/02/2020,9:00,菲律賓,3,1,
24/02/2020,9:00,印度,3,0,
24/02/2020,9:00,意大利,132,2,
24/02/2020,9:00,英國,9,0,
24/02/2020,9:00,俄羅斯,2,0,
24/02/2020,9:00,瑞典,1,0,
24/02/2020,9:00,西班牙,2,0,
24/02/2020,9:00,比利時,1,0,
24/02/2020,9:00,埃及,1,0,
24/02/2020,9:00,伊朗,43,8,
24/02/2020,9:00,以色列,1,0,
24/02/2020,9:00,黎巴嫩,1,0,
24/02/2020,18:00,香港特別行政區,79,2,
24/02/2020,18:00,澳門特別行政區,10,0,
24/02/2020,18:00,台灣,30,1,
24/02/2020,18:00,日本,144,1,有691宗確診個案為遊輪乘客/船員 (當中包括3宗死亡個案)
24/02/2020,18:00,韓國,833,7,
24/02/2020,18:00,泰國,35,0,
24/02/2020,18:00,新加坡,89,0,
24/02/2020,18:00,越南,16,0,
24/02/2020,18:00,尼泊爾,1,0,
24/02/2020,18:00,馬來西亞,22,0,
24/02/2020,18:00,美國,35,0,
24/02/2020,18:00,澳洲,22,0,
24/02/2020,18:00,法國,12,1,
24/02/2020,18:00,加拿大,9,0,
24/02/2020,18:00,德國,16,0,
24/02/2020,18:00,斯里蘭卡,1,0,
24/02/2020,18:00,柬埔寨,1,0,
24/02/2020,18:00,阿聯酋,13,0,
24/02/2020,18:00,芬蘭,1,0,
24/02/2020,18:00,菲律賓,3,1,
24/02/2020,18:00,印度,3,0,
24/02/2020,18:00,意大利,132,3,
24/02/2020,18:00,英國,13,0,
24/02/2020,18:00,俄羅斯,2,0,
24/02/2020,18:00,瑞典,1,0,
24/02/2020,18:00,西班牙,2,0,
24/02/2020,18:00,比利時,1,0,
24/02/2020,18:00,埃及,1,0,
24/02/2020,18:00,伊朗,64,12,
24/02/2020,18:00,以色列,2,0,
24/02/2020,18:00,黎巴嫩,1,0,
24/02/2020,18:00,科威特,3,0,
24/02/2020,18:00,阿富汗,1,0,
24/02/2020,18:00,巴林,1,0,
24/02/2020,18:00,伊拉克,1,0,
25/02/2020,9:00,香港特別行政區,81,2,
25/02/2020,9:00,澳門特別行政區,10,0,
25/02/2020,9:00,台灣,30,1,
25/02/2020,9:00,日本,156,1,有691宗確診個案為遊輪乘客/船員 (當中包括3宗死亡個案)
25/02/2020,9:00,韓國,893,8,
25/02/2020,9:00,泰國,35,0,
25/02/2020,9:00,新加坡,90,0,
25/02/2020,9:00,越南,16,0,
25/02/2020,9:00,尼泊爾,1,0,
25/02/2020,9:00,馬來西亞,22,0,
25/02/2020,9:00,美國,53,0,
25/02/2020,9:00,澳洲,22,0,
25/02/2020,9:00,法國,12,1,
25/02/2020,9:00,加拿大,10,0,
25/02/2020,9:00,德國,16,0,
25/02/2020,9:00,斯里蘭卡,1,0,
25/02/2020,9:00,柬埔寨,1,0,
25/02/2020,9:00,阿聯酋,13,0,
25/02/2020,9:00,芬蘭,1,0,
25/02/2020,9:00,菲律賓,3,1,
25/02/2020,9:00,印度,3,0,
25/02/2020,9:00,意大利,229,6,
25/02/2020,9:00,英國,13,0,
25/02/2020,9:00,俄羅斯,2,0,
25/02/2020,9:00,瑞典,1,0,
25/02/2020,9:00,西班牙,2,0,
25/02/2020,9:00,比利時,1,0,
25/02/2020,9:00,埃及,1,0,
25/02/2020,9:00,伊朗,61,12,
25/02/2020,9:00,以色列,2,0,
25/02/2020,9:00,黎巴嫩,1,0,
25/02/2020,9:00,科威特,3,0,
25/02/2020,9:00,阿富汗,1,0,
25/02/2020,9:00,巴林,1,0,
25/02/2020,9:00,伊拉克,1,0,
25/02/2020,9:00,阿曼,2,0,
25/02/2020,18:00,香港特別行政區,84,2,
25/02/2020,18:00,澳門特別行政區,10,0,
25/02/2020,18:00,台灣,31,1,
25/02/2020,18:00,日本,156,1,有691宗確診個案為遊輪乘客/船員 (當中包括3宗死亡個案)
25/02/2020,18:00,韓國,977,8,
25/02/2020,18:00,泰國,37,0,
25/02/2020,18:00,新加坡,90,0,
25/02/2020,18:00,越南,16,0,
25/02/2020,18:00,尼泊爾,1,0,
25/02/2020,18:00,馬來西亞,22,0,
25/02/2020,18:00,美國,53,0,
25/02/2020,18:00,澳洲,22,0,
25/02/2020,18:00,法國,12,1,
25/02/2020,18:00,加拿大,10,0,
25/02/2020,18:00,德國,16,0,
25/02/2020,18:00,斯里蘭卡,1,0,
25/02/2020,18:00,柬埔寨,1,0,
25/02/2020,18:00,阿聯酋,13,0,
25/02/2020,18:00,芬蘭,1,0,
25/02/2020,18:00,菲律賓,3,1,
25/02/2020,18:00,印度,3,0,
25/02/2020,18:00,意大利,229,6,
25/02/2020,18:00,英國,13,0,
25/02/2020,18:00,俄羅斯,2,0,
25/02/2020,18:00,瑞典,1,0,
25/02/2020,18:00,西班牙,2,0,
25/02/2020,18:00,比利時,1,0,
25/02/2020,18:00,埃及,1,0,
25/02/2020,18:00,伊朗,61,12,
25/02/2020,18:00,以色列,2,0,
25/02/2020,18:00,黎巴嫩,1,0,
25/02/2020,18:00,科威特,8,0,
25/02/2020,18:00,阿富汗,1,0,
25/02/2020,18:00,巴林,8,0,
25/02/2020,18:00,伊拉克,1,0,
25/02/2020,18:00,阿曼,2,0,
26/02/2020,9:00,香港特別行政區,85,2,
26/02/2020,9:00,澳門特別行政區,10,0,
26/02/2020,9:00,台灣,31,1,
26/02/2020,9:00,日本,164,1,有691宗確診個案為遊輪乘客/船員 (當中包括4宗死亡個案)
26/02/2020,9:00,韓國,1146,11,
26/02/2020,9:00,泰國,37,0,
26/02/2020,9:00,新加坡,91,0,
26/02/2020,9:00,越南,16,0,
26/02/2020,9:00,尼泊爾,1,0,
26/02/2020,9:00,馬來西亞,22,0,
26/02/2020,9:00,美國,53,0,
26/02/2020,9:00,澳洲,23,0,
26/02/2020,9:00,法國,14,1,
26/02/2020,9:00,加拿大,11,0,
26/02/2020,9:00,德國,16,0,
26/02/2020,9:00,斯里蘭卡,1,0,
26/02/2020,9:00,柬埔寨,1,0,
26/02/2020,9:00,阿聯酋,13,0,
26/02/2020,9:00,芬蘭,1,0,
26/02/2020,9:00,菲律賓,3,1,
26/02/2020,9:00,印度,3,0,
26/02/2020,9:00,意大利,322,10,
26/02/2020,9:00,英國,13,0,
26/02/2020,9:00,俄羅斯,2,0,
26/02/2020,9:00,瑞典,1,0,
26/02/2020,9:00,西班牙,3,0,
26/02/2020,9:00,比利時,1,0,
26/02/2020,9:00,埃及,1,0,
26/02/2020,9:00,伊朗,95,15,
26/02/2020,9:00,以色列,2,0,
26/02/2020,9:00,黎巴嫩,1,0,
26/02/2020,9:00,科威特,11,0,
26/02/2020,9:00,阿富汗,1,0,
26/02/2020,9:00,巴林,17,0,
26/02/2020,9:00,伊拉克,1,0,
26/02/2020,9:00,阿曼,4,0,
26/02/2020,9:00,阿爾及利亞,1,0,
26/02/2020,9:00,奧地利,2,0,
26/02/2020,9:00,克羅地亞,1,0,
26/02/2020,9:00,瑞士,1,0,
26/02/2020,18:00,香港特別行政區,90,2,
26/02/2020,18:00,澳門特別行政區,10,0,
26/02/2020,18:00,台灣,32,1,
26/02/2020,18:00,日本,164,1,有691宗確診個案為遊輪乘客/船員 (當中包括4宗死亡個案)
26/02/2020,18:00,韓國,1261,12,
26/02/2020,18:00,泰國,40,0,
26/02/2020,18:00,新加坡,91,0,
26/02/2020,18:00,越南,16,0,
26/02/2020,18:00,尼泊爾,1,0,
26/02/2020,18:00,馬來西亞,22,0,
26/02/2020,18:00,美國,53,0,
26/02/2020,18:00,澳洲,23,0,
26/02/2020,18:00,法國,14,1,
26/02/2020,18:00,加拿大,11,0,
26/02/2020,18:00,德國,19,0,
26/02/2020,18:00,斯里蘭卡,1,0,
26/02/2020,18:00,柬埔寨,1,0,
26/02/2020,18:00,阿聯酋,13,0,
26/02/2020,18:00,芬蘭,1,0,
26/02/2020,18:00,菲律賓,3,1,
26/02/2020,18:00,印度,3,0,
26/02/2020,18:00,意大利,322,10,
26/02/2020,18:00,英國,13,0,
26/02/2020,18:00,俄羅斯,2,0,
26/02/2020,18:00,瑞典,1,0,
26/02/2020,18:00,西班牙,3,0,
26/02/2020,18:00,比利時,1,0,
26/02/2020,18:00,埃及,1,0,
26/02/2020,18:00,伊朗,95,15,
26/02/2020,18:00,以色列,2,0,
26/02/2020,18:00,黎巴嫩,1,0,
26/02/2020,18:00,科威特,12,0,
26/02/2020,18:00,阿富汗,1,0,
26/02/2020,18:00,巴林,26,0,
26/02/2020,18:00,伊拉克,5,0,
26/02/2020,18:00,阿曼,4,0,
26/02/2020,18:00,阿爾及利亞,1,0,
26/02/2020,18:00,奧地利,2,0,
26/02/2020,18:00,克羅地亞,2,0,
26/02/2020,18:00,瑞士,1,0,
27/02/2020,9:00,香港特別行政區,91,2,
27/02/2020,9:00,澳門特別行政區,10,0,
27/02/2020,9:00,台灣,32,1,
27/02/2020,9:00,日本,186,3,有705宗確診個案為遊輪乘客/船員 (當中包括4宗死亡個案)
27/02/2020,9:00,韓國,1595,12,
27/02/2020,9:00,泰國,40,0,
27/02/2020,9:00,新加坡,93,0,
27/02/2020,9:00,越南,16,0,
27/02/2020,9:00,尼泊爾,1,0,
27/02/2020,9:00,馬來西亞,22,0,
27/02/2020,9:00,美國,59,0,
27/02/2020,9:00,澳洲,23,0,
27/02/2020,9:00,法國,18,2,
27/02/2020,9:00,加拿大,12,0,
27/02/2020,9:00,德國,21,0,
27/02/2020,9:00,斯里蘭卡,1,0,
27/02/2020,9:00,柬埔寨,1,0,
27/02/2020,9:00,阿聯酋,13,0,
27/02/2020,9:00,芬蘭,1,0,
27/02/2020,9:00,菲律賓,3,1,
27/02/2020,9:00,印度,3,0,
27/02/2020,9:00,意大利,400,12,
27/02/2020,9:00,英國,13,0,
27/02/2020,9:00,俄羅斯,2,0,
27/02/2020,9:00,瑞典,2,0,
27/02/2020,9:00,西班牙,12,0,
27/02/2020,9:00,比利時,1,0,
27/02/2020,9:00,埃及,1,0,
27/02/2020,9:00,伊朗,139,19,
27/02/2020,9:00,以色列,2,0,
27/02/2020,9:00,黎巴嫩,2,0,
27/02/2020,9:00,科威特,26,0,
27/02/2020,9:00,阿富汗,1,0,
27/02/2020,9:00,巴林,33,0,
27/02/2020,9:00,伊拉克,5,0,
27/02/2020,9:00,阿曼,4,0,
27/02/2020,9:00,阿爾及利亞,1,0,
27/02/2020,9:00,奧地利,2,0,
27/02/2020,9:00,克羅地亞,2,0,
27/02/2020,9:00,瑞士,1,0,
27/02/2020,9:00,巴基斯坦,2,0,
27/02/2020,9:00,巴西,1,0,
27/02/2020,9:00,希臘,1,0,
27/02/2020,9:00,格魯吉亞,1,0,
27/02/2020,18:00,香港特別行政區,92,2,
27/02/2020,18:00,澳門特別行政區,10,0,
27/02/2020,18:00,台灣,32,1,
27/02/2020,18:00,日本,186,3,有705宗確診個案為遊輪乘客/船員 (當中包括4宗死亡個案)
27/02/2020,18:00,韓國,1766,13,
27/02/2020,18:00,泰國,40,0,
27/02/2020,18:00,新加坡,93,0,
27/02/2020,18:00,越南,16,0,
27/02/2020,18:00,尼泊爾,1,0,
27/02/2020,18:00,馬來西亞,22,0,
27/02/2020,18:00,美國,59,0,
27/02/2020,18:00,澳洲,23,0,
27/02/2020,18:00,法國,18,2,
27/02/2020,18:00,加拿大,12,0,
27/02/2020,18:00,德國,21,0,
27/02/2020,18:00,斯里蘭卡,1,0,
27/02/2020,18:00,柬埔寨,1,0,
27/02/2020,18:00,阿聯酋,13,0,
27/02/2020,18:00,芬蘭,1,0,
27/02/2020,18:00,菲律賓,3,1,
27/02/2020,18:00,印度,3,0,
27/02/2020,18:00,意大利,400,12,
27/02/2020,18:00,英國,13,0,
27/02/2020,18:00,俄羅斯,2,0,
27/02/2020,18:00,瑞典,2,0,
27/02/2020,18:00,西班牙,12,0,
27/02/2020,18:00,比利時,1,0,
27/02/2020,18:00,埃及,1,0,
27/02/2020,18:00,伊朗,139,19,
27/02/2020,18:00,以色列,2,0,
27/02/2020,18:00,黎巴嫩,2,0,
27/02/2020,18:00,科威特,43,0,
27/02/2020,18:00,阿富汗,1,0,
27/02/2020,18:00,巴林,33,0,
27/02/2020,18:00,伊拉克,5,0,
27/02/2020,18:00,阿曼,4,0,
27/02/2020,18:00,阿爾及利亞,1,0,
27/02/2020,18:00,奧地利,2,0,
27/02/2020,18:00,克羅地亞,2,0,
27/02/2020,18:00,瑞士,1,0,
27/02/2020,18:00,巴基斯坦,2,0,
27/02/2020,18:00,巴西,1,0,
27/02/2020,18:00,希臘,1,0,
27/02/2020,18:00,格魯吉亞,1,0,
27/02/2020,18:00,羅馬尼亞,1,0,
27/02/2020,18:00,丹麥,1,0,
27/02/2020,18:00,挪威,1,0,
27/02/2020,18:00,愛沙尼亞,1,0,
27/02/2020,18:00,北馬其頓,1,0,
28/02/2020,9:00,香港特別行政區,93,2,
28/02/2020,9:00,澳門特別行政區,10,0,
28/02/2020,9:00,台灣,32,1,
28/02/2020,9:00,日本,210,4,有705宗確診個案為遊輪乘客/船員 (當中包括4宗死亡個案)
28/02/2020,9:00,韓國,2022,13,
28/02/2020,9:00,泰國,40,0,
28/02/2020,9:00,新加坡,93,0,
28/02/2020,9:00,越南,16,0,
28/02/2020,9:00,尼泊爾,1,0,
28/02/2020,9:00,馬來西亞,22,0,
28/02/2020,9:00,美國,60,0,
28/02/2020,9:00,澳洲,23,0,
28/02/2020,9:00,法國,38,2,
28/02/2020,9:00,加拿大,13,0,
28/02/2020,9:00,德國,26,0,
28/02/2020,9:00,斯里蘭卡,1,0,
28/02/2020,9:00,柬埔寨,1,0,
28/02/2020,9:00,阿聯酋,19,0,
28/02/2020,9:00,芬蘭,1,0,
28/02/2020,9:00,菲律賓,3,1,
28/02/2020,9:00,印度,3,0,
28/02/2020,9:00,意大利,650,17,
28/02/2020,9:00,英國,15,0,
28/02/2020,9:00,俄羅斯,2,0,
28/02/2020,9:00,瑞典,7,0,
28/02/2020,9:00,西班牙,17,0,
28/02/2020,9:00,比利時,1,0,
28/02/2020,9:00,埃及,1,0,
28/02/2020,9:00,伊朗,245,26,
28/02/2020,9:00,以色列,6,0,
28/02/2020,9:00,黎巴嫩,3,0,
28/02/2020,9:00,科威特,43,0,
28/02/2020,9:00,阿富汗,1,0,
28/02/2020,9:00,巴林,33,0,
28/02/2020,9:00,伊拉克,5,0,
28/02/2020,9:00,阿曼,6,0,
28/02/2020,9:00,阿爾及利亞,1,0,
28/02/2020,9:00,奧地利,3,0,
28/02/2020,9:00,克羅地亞,3,0,
28/02/2020,9:00,瑞士,5,0,
28/02/2020,9:00,巴基斯坦,2,0,
28/02/2020,9:00,巴西,1,0,
28/02/2020,9:00,希臘,3,0,
28/02/2020,9:00,格魯吉亞,1,0,
28/02/2020,9:00,羅馬尼亞,1,0,
28/02/2020,9:00,丹麥,1,0,
28/02/2020,9:00,挪威,1,0,
28/02/2020,9:00,愛沙尼亞,1,0,
28/02/2020,9:00,北馬其頓,1,0,
28/02/2020,9:00,荷蘭,1,0,
28/02/2020,18:00,阿富汗,1,0,
28/02/2020,18:00,阿爾及利亞,1,0,
28/02/2020,18:00,澳洲,23,0,
28/02/2020,18:00,奧地利,3,0,
28/02/2020,18:00,巴林,33,0,
28/02/2020,18:00,巴西,1,0,
28/02/2020,18:00,比利時,1,0,
28/02/2020,18:00,柬埔寨,1,0,
28/02/2020,18:00,加拿大,13,0,
28/02/2020,18:00,克羅地亞,3,0,
28/02/2020,18:00,丹麥,1,0,
28/02/2020,18:00,埃及,1,0,
28/02/2020,18:00,愛沙尼亞,1,0,
28/02/2020,18:00,芬蘭,1,0,
28/02/2020,18:00,法國,38,2,
28/02/2020,18:00,格魯吉亞,1,0,
28/02/2020,18:00,德國,26,0,
28/02/2020,18:00,希臘,3,0,
28/02/2020,18:00,荷蘭,1,0,
28/02/2020,18:00,香港特別行政區,93,2,
28/02/2020,18:00,印度,3,0,
28/02/2020,18:00,伊朗,245,26,
28/02/2020,18:00,伊拉克,5,0,
28/02/2020,18:00,以色列,6,0,
28/02/2020,18:00,意大利,650,17,
28/02/2020,18:00,日本,210,5,有705宗確診個案為遊輪乘客/船員 (當中包括5宗死亡個案)
28/02/2020,18:00,韓國,2337,13,
28/02/2020,18:00,科威特,43,0,
28/02/2020,18:00,黎巴嫩,3,0,
28/02/2020,18:00,立陶宛,1,0,
28/02/2020,18:00,澳門特別行政區,10,0,
28/02/2020,18:00,馬來西亞,22,0,
28/02/2020,18:00,尼泊爾,1,0,
28/02/2020,18:00,荷蘭,1,0,
28/02/2020,18:00,新西蘭,1,0,
28/02/2020,18:00,尼日利亞,1,0,
28/02/2020,18:00,北馬其頓,1,0,
28/02/2020,18:00,挪威,4,0,
28/02/2020,18:00,阿曼,6,0,
28/02/2020,18:00,巴基斯坦,2,0,
28/02/2020,18:00,羅馬尼亞,1,0,
28/02/2020,18:00,俄羅斯,2,0,
28/02/2020,18:00,新加坡,93,0,
28/02/2020,18:00,西班牙,25,0,
28/02/2020,18:00,斯里蘭卡,1,0,
28/02/2020,18:00,瑞典,7,0,
28/02/2020,18:00,瑞士,6,0,
28/02/2020,18:00,台灣,34,1,
28/02/2020,18:00,泰國,40,0,
28/02/2020,18:00,菲律賓,3,1,
28/02/2020,18:00,阿聯酋,19,0,
28/02/2020,18:00,英國,16,0,
28/02/2020,18:00,美國,60,0,
28/02/2020,18:00,越南,16,0,
29/02/2020,9:00,阿富汗,1,0,
29/02/2020,9:00,阿爾及利亞,1,0,
29/02/2020,9:00,澳洲,25,0,
29/02/2020,9:00,奧地利,6,0,
29/02/2020,9:00,阿塞拜疆,1,0,
29/02/2020,9:00,巴林,38,0,
29/02/2020,9:00,巴西,1,0,
29/02/2020,9:00,白俄羅斯,1,0,
29/02/2020,9:00,比利時,1,0,
29/02/2020,9:00,柬埔寨,1,0,
29/02/2020,9:00,加拿大,14,0,
29/02/2020,9:00,克羅地亞,5,0,
29/02/2020,9:00,丹麥,2,0,
29/02/2020,9:00,埃及,1,0,
29/02/2020,9:00,愛沙尼亞,1,0,
29/02/2020,9:00,芬蘭,2,0,
29/02/2020,9:00,法國,57,2,
29/02/2020,9:00,格魯吉亞,3,0,
29/02/2020,9:00,德國,57,0,
29/02/2020,9:00,希臘,4,0,
29/02/2020,9:00,香港特別行政區,94,2,
29/02/2020,9:00,冰島,1,0,
29/02/2020,9:00,印度,3,0,
29/02/2020,9:00,伊朗,388,34,
29/02/2020,9:00,伊拉克,7,0,
29/02/2020,9:00,以色列,6,0,
29/02/2020,9:00,意大利,888,21,
29/02/2020,9:00,日本,228,5,有705宗確診個案為遊輪乘客/船員 (當中包括6宗死亡個案)
29/02/2020,9:00,韓國,2931,16,
29/02/2020,9:00,科威特,45,0,
29/02/2020,9:00,黎巴嫩,3,0,
29/02/2020,9:00,立陶宛,1,0,
29/02/2020,9:00,澳門特別行政區,10,0,
29/02/2020,9:00,馬來西亞,25,0,
29/02/2020,9:00,墨西哥,2,0,
29/02/2020,9:00,尼泊爾,1,0,
29/02/2020,9:00,荷蘭,2,0,
29/02/2020,9:00,新西蘭,1,0,
29/02/2020,9:00,尼日利亞,1,0,
29/02/2020,9:00,北馬其頓,1,0,
29/02/2020,9:00,挪威,6,0,
29/02/2020,9:00,阿曼,6,0,
29/02/2020,9:00,巴基斯坦,2,0,
29/02/2020,9:00,羅馬尼亞,3,0,
29/02/2020,9:00,俄羅斯,2,0,
29/02/2020,9:00,聖馬力諾,1,1,
29/02/2020,9:00,新加坡,98,0,
29/02/2020,9:00,西班牙,34,0,
29/02/2020,9:00,斯里蘭卡,1,0,
29/02/2020,9:00,瑞典,11,0,
29/02/2020,9:00,瑞士,15,0,
29/02/2020,9:00,台灣,34,1,
29/02/2020,9:00,泰國,41,0,
29/02/2020,9:00,菲律賓,3,1,
29/02/2020,9:00,土庫曼,1,2,
29/02/2020,9:00,阿聯酋,19,0,
29/02/2020,9:00,英國,20,0,
29/02/2020,9:00,美國,62,0,
29/02/2020,9:00,越南,16,0,
29/02/2020,18:00,阿富汗,1,0,
29/02/2020,18:00,阿爾及利亞,1,0,
29/02/2020,18:00,澳洲,25,0,
29/02/2020,18:00,奧地利,7,0,
29/02/2020,18:00,阿塞拜疆,1,0,
29/02/2020,18:00,巴林,38,0,
29/02/2020,18:00,巴西,1,0,
29/02/2020,18:00,白俄羅斯,1,0,
29/02/2020,18:00,比利時,1,0,
29/02/2020,18:00,柬埔寨,1,0,
29/02/2020,18:00,加拿大,14,0,
29/02/2020,18:00,克羅地亞,5,0,
29/02/2020,18:00,丹麥,2,0,
29/02/2020,18:00,埃及,1,0,
29/02/2020,18:00,愛沙尼亞,1,0,
29/02/2020,18:00,芬蘭,3,0,
29/02/2020,18:00,法國,57,2,
29/02/2020,18:00,格魯吉亞,3,0,
29/02/2020,18:00,德國,57,0,
29/02/2020,18:00,希臘,4,0,
29/02/2020,18:00,香港特別行政區,94,2,
29/02/2020,18:00,冰島,1,0,
29/02/2020,18:00,印度,3,0,
29/02/2020,18:00,伊朗,388,34,
29/02/2020,18:00,伊拉克,8,0,
29/02/2020,18:00,以色列,6,0,
29/02/2020,18:00,意大利,888,21,
29/02/2020,18:00,日本,230,5,有705宗確診個案為遊輪乘客/船員 (當中包括6宗死亡個案)
29/02/2020,18:00,韓國,3150,17,
29/02/2020,18:00,科威特,45,0,
29/02/2020,18:00,黎巴嫩,3,0,
29/02/2020,18:00,立陶宛,1,0,
29/02/2020,18:00,澳門特別行政區,10,0,
29/02/2020,18:00,馬來西亞,25,0,
29/02/2020,18:00,摩納哥,1,0,
29/02/2020,18:00,墨西哥,2,0,
29/02/2020,18:00,尼泊爾,1,0,
29/02/2020,18:00,荷蘭,2,0,
29/02/2020,18:00,新西蘭,1,0,
29/02/2020,18:00,尼日利亞,1,0,
29/02/2020,18:00,北馬其頓,1,0,
29/02/2020,18:00,挪威,6,0,
29/02/2020,18:00,阿曼,6,0,
29/02/2020,18:00,巴基斯坦,2,0,
29/02/2020,18:00,羅馬尼亞,3,0,
29/02/2020,18:00,俄羅斯,2,0,
29/02/2020,18:00,聖馬力諾,1,1,
29/02/2020,18:00,新加坡,98,0,
29/02/2020,18:00,西班牙,34,0,
29/02/2020,18:00,斯里蘭卡,1,0,
29/02/2020,18:00,瑞典,11,0,
29/02/2020,18:00,瑞士,15,0,
29/02/2020,18:00,台灣,39,1,
29/02/2020,18:00,泰國,42,0,
29/02/2020,18:00,菲律賓,3,1,
29/02/2020,18:00,土庫曼,1,2,
29/02/2020,18:00,阿聯酋,19,0,
29/02/2020,18:00,英國,20,0,
29/02/2020,18:00,美國,62,0,
29/02/2020,18:00,越南,16,0,
01/03/2020,9:00,阿富汗,1,0,
01/03/2020,9:00,阿爾及利亞,1,0,
01/03/2020,9:00,澳洲,25,0,
01/03/2020,9:00,奧地利,10,0,
01/03/2020,9:00,阿塞拜疆,3,0,
01/03/2020,9:00,巴林,38,0,
01/03/2020,9:00,巴西,1,0,
01/03/2020,9:00,白俄羅斯,1,0,
01/03/2020,9:00,比利時,1,0,
01/03/2020,9:00,柬埔寨,1,0,
01/03/2020,9:00,加拿大,20,0,
01/03/2020,9:00,克羅地亞,6,0,
01/03/2020,9:00,丹麥,3,0,
01/03/2020,9:00,埃及,1,0,
01/03/2020,9:00,愛沙尼亞,1,0,
01/03/2020,9:00,芬蘭,3,0,
01/03/2020,9:00,法國,100,2,
01/03/2020,9:00,格魯吉亞,3,0,
01/03/2020,9:00,德國,66,0,
01/03/2020,9:00,希臘,4,0,
01/03/2020,9:00,香港特別行政區,95,2,
01/03/2020,9:00,冰島,1,0,
01/03/2020,9:00,印度,3,0,
01/03/2020,9:00,伊朗,593,43,
01/03/2020,9:00,伊拉克,8,0,
01/03/2020,9:00,以色列,7,0,
01/03/2020,9:00,意大利,1128,29,
01/03/2020,9:00,日本,239,5,有705宗確診個案為遊輪乘客/船員 (當中包括6宗死亡個案)
01/03/2020,9:00,韓國,3526,17,
01/03/2020,9:00,科威特,45,0,
01/03/2020,9:00,黎巴嫩,3,0,
01/03/2020,9:00,立陶宛,1,0,
01/03/2020,9:00,澳門特別行政區,10,0,
01/03/2020,9:00,馬來西亞,25,0,
01/03/2020,9:00,摩納哥,1,0,
01/03/2020,9:00,墨西哥,2,0,
01/03/2020,9:00,尼泊爾,1,0,
01/03/2020,9:00,荷蘭,6,0,
01/03/2020,9:00,新西蘭,1,0,
01/03/2020,9:00,尼日利亞,1,0,
01/03/2020,9:00,北馬其頓,1,0,
01/03/2020,9:00,挪威,15,0,
01/03/2020,9:00,阿曼,6,0,
01/03/2020,9:00,巴基斯坦,4,0,
01/03/2020,9:00,卡塔爾,1,0,
01/03/2020,9:00,羅馬尼亞,3,0,
01/03/2020,9:00,俄羅斯,2,0,
01/03/2020,9:00,聖馬力諾,1,0,
01/03/2020,9:00,新加坡,102,0,
01/03/2020,9:00,西班牙,46,0,
01/03/2020,9:00,斯里蘭卡,1,0,
01/03/2020,9:00,瑞典,13,0,
01/03/2020,9:00,瑞士,18,0,
01/03/2020,9:00,台灣,39,1,
01/03/2020,9:00,泰國,42,0,
01/03/2020,9:00,菲律賓,3,1,
01/03/2020,9:00,阿聯酋,19,0,
01/03/2020,9:00,英國和北愛爾蘭,23,0,
01/03/2020,9:00,美國,62,1,
01/03/2020,9:00,越南,16,0,
01/03/2020,18:00,阿富汗,1,0,
01/03/2020,18:00,阿爾及利亞,1,0,
01/03/2020,18:00,澳洲,26,1,
01/03/2020,18:00,奧地利,10,0,
01/03/2020,18:00,阿塞拜疆,3,0,
01/03/2020,18:00,巴林,40,0,
01/03/2020,18:00,巴西,2,0,
01/03/2020,18:00,白俄羅斯,1,0,
01/03/2020,18:00,比利時,1,0,
01/03/2020,18:00,柬埔寨,1,0,
01/03/2020,18:00,加拿大,20,0,
01/03/2020,18:00,克羅地亞,7,0,
01/03/2020,18:00,丹麥,3,0,
01/03/2020,18:00,厄瓜多爾,1,0,
01/03/2020,18:00,埃及,1,0,
01/03/2020,18:00,愛沙尼亞,1,0,
01/03/2020,18:00,芬蘭,3,0,
01/03/2020,18:00,法國,100,2,
01/03/2020,18:00,格魯吉亞,3,0,
01/03/2020,18:00,德國,66,0,
01/03/2020,18:00,希臘,4,0,
01/03/2020,18:00,香港特別行政區,100,2,包括2宗疑似個案
01/03/2020,18:00,冰島,1,0,
01/03/2020,18:00,印度,3,0,
01/03/2020,18:00,伊朗,593,43,
01/03/2020,18:00,伊拉克,13,0,
01/03/2020,18:00,以色列,7,0,
01/03/2020,18:00,意大利,1128,29,
01/03/2020,18:00,日本,239,5,有705宗確診個案為遊輪乘客/船員 (當中包括6宗死亡個案)
01/03/2020,18:00,韓國,3736,18,
01/03/2020,18:00,科威特,45,0,
01/03/2020,18:00,黎巴嫩,7,0,
01/03/2020,18:00,立陶宛,1,0,
01/03/2020,18:00,澳門特別行政區,10,0,
01/03/2020,18:00,馬來西亞,25,0,
01/03/2020,18:00,摩納哥,1,0,
01/03/2020,18:00,墨西哥,2,0,
01/03/2020,18:00,尼泊爾,1,0,
01/03/2020,18:00,荷蘭,7,0,
01/03/2020,18:00,新西蘭,1,0,
01/03/2020,18:00,尼日利亞,1,0,
01/03/2020,18:00,北馬其頓,1,0,
01/03/2020,18:00,挪威,15,0,
01/03/2020,18:00,阿曼,6,0,
01/03/2020,18:00,巴基斯坦,4,0,
01/03/2020,18:00,卡塔爾,1,0,
01/03/2020,18:00,羅馬尼亞,3,0,
01/03/2020,18:00,俄羅斯,2,0,
01/03/2020,18:00,聖馬力諾,1,0,
01/03/2020,18:00,新加坡,102,0,
01/03/2020,18:00,西班牙,46,0,
01/03/2020,18:00,斯里蘭卡,1,0,
01/03/2020,18:00,瑞典,13,0,
01/03/2020,18:00,瑞士,18,0,
01/03/2020,18:00,台灣,40,1,
01/03/2020,18:00,泰國,42,1,
01/03/2020,18:00,菲律賓,3,1,
01/03/2020,18:00,阿聯酋,19,0,
01/03/2020,18:00,英國和北愛爾蘭,23,0,
01/03/2020,18:00,美國,62,0,
01/03/2020,18:00,越南,16,0,
02/03/2020,9:00,阿富汗,1,0,
02/03/2020,9:00,阿爾及利亞,1,0,
02/03/2020,9:00,亞美尼亞,1,0,
02/03/2020,9:00,澳洲,29,1,
02/03/2020,9:00,奧地利,14,0,
02/03/2020,9:00,阿塞拜疆,3,0,
02/03/2020,9:00,巴林,47,0,
02/03/2020,9:00,巴西,2,0,
02/03/2020,9:00,白俄羅斯,1,0,
02/03/2020,9:00,比利時,2,0,
02/03/2020,9:00,柬埔寨,1,0,
02/03/2020,9:00,加拿大,20,0,
02/03/2020,9:00,克羅地亞,7,0,
02/03/2020,9:00,捷克,3,0,
02/03/2020,9:00,丹麥,3,0,
02/03/2020,9:00,多米尼加,1,0,
02/03/2020,9:00,厄瓜多爾,1,0,
02/03/2020,9:00,埃及,1,0,
02/03/2020,9:00,愛沙尼亞,1,0,
02/03/2020,9:00,芬蘭,6,0,
02/03/2020,9:00,法國,130,2,
02/03/2020,9:00,格魯吉亞,3,0,
02/03/2020,9:00,德國,129,0,
02/03/2020,9:00,希臘,7,0,
02/03/2020,9:00,香港特別行政區,100,2,包括2宗疑似個案
02/03/2020,9:00,冰島,1,0,
02/03/2020,9:00,印度,3,0,
02/03/2020,9:00,伊朗,978,54,
02/03/2020,9:00,伊拉克,13,0,
02/03/2020,9:00,以色列,10,0,
02/03/2020,9:00,意大利,1694,34,
02/03/2020,9:00,日本,254,6,有705宗確診個案為遊輪乘客/船員 (當中包括6宗死亡個案)
02/03/2020,9:00,韓國,3736,18,
02/03/2020,9:00,科威特,46,0,
02/03/2020,9:00,黎巴嫩,7,0,
02/03/2020,9:00,立陶宛,1,0,
02/03/2020,9:00,盧森堡,1,0,
02/03/2020,9:00,澳門特別行政區,10,0,
02/03/2020,9:00,馬來西亞,25,0,
02/03/2020,9:00,摩納哥,1,0,
02/03/2020,9:00,墨西哥,2,0,
02/03/2020,9:00,尼泊爾,1,0,
02/03/2020,9:00,荷蘭,10,0,
02/03/2020,9:00,新西蘭,1,0,
02/03/2020,9:00,尼日利亞,1,0,
02/03/2020,9:00,北馬其頓,1,0,
02/03/2020,9:00,挪威,15,0,
02/03/2020,9:00,阿曼,6,0,
02/03/2020,9:00,巴基斯坦,4,0,
02/03/2020,9:00,卡塔爾,1,0,
02/03/2020,9:00,羅馬尼亞,3,0,
02/03/2020,9:00,俄羅斯,2,0,
02/03/2020,9:00,聖馬力諾,1,0,
02/03/2020,9:00,新加坡,106,0,
02/03/2020,9:00,西班牙,66,0,
02/03/2020,9:00,斯里蘭卡,1,0,
02/03/2020,9:00,瑞典,13,0,
02/03/2020,9:00,瑞士,24,0,
02/03/2020,9:00,台灣,40,1,
02/03/2020,9:00,泰國,42,1,
02/03/2020,9:00,菲律賓,3,1,
02/03/2020,9:00,阿聯酋,21,0,
02/03/2020,9:00,英國,36,0,
02/03/2020,9:00,美國,62,0,
02/03/2020,9:00,越南,16,0,
02/03/2020,18:00,阿富汗,1,0,
02/03/2020,18:00,阿爾及利亞,1,0,
02/03/2020,18:00,亞美尼亞,1,0,
02/03/2020,18:00,澳洲,29,1,
02/03/2020,18:00,奧地利,14,0,
02/03/2020,18:00,阿塞拜疆,3,0,
02/03/2020,18:00,巴林,47,0,
02/03/2020,18:00,巴西,2,0,
02/03/2020,18:00,白俄羅斯,1,0,
02/03/2020,18:00,比利時,2,0,
02/03/2020,18:00,柬埔寨,1,0,
02/03/2020,18:00,加拿大,20,0,
02/03/2020,18:00,克羅地亞,7,0,
02/03/2020,18:00,捷克,3,0,
02/03/2020,18:00,丹麥,3,0,
02/03/2020,18:00,多米尼加,1,0,
02/03/2020,18:00,厄瓜多爾,1,0,
02/03/2020,18:00,埃及,1,0,
02/03/2020,18:00,愛沙尼亞,1,0,
02/03/2020,18:00,芬蘭,6,0,
02/03/2020,18:00,法國,130,2,
02/03/2020,18:00,格魯吉亞,3,0,
02/03/2020,18:00,德國,150,0,
02/03/2020,18:00,希臘,7,0,
02/03/2020,18:00,香港特別行政區,100,2,包括2宗疑似個案
02/03/2020,18:00,冰島,1,0,
02/03/2020,18:00,印度,3,0,
02/03/2020,18:00,伊朗,978,54,
02/03/2020,18:00,伊拉克,13,0,
02/03/2020,18:00,以色列,10,0,
02/03/2020,18:00,意大利,1694,34,
02/03/2020,18:00,日本,254,6,有705宗確診個案為郵輪乘客/船員 (當中包括6宗死亡個案)
02/03/2020,18:00,韓國,4212,22,
02/03/2020,18:00,科威特,46,0,
02/03/2020,18:00,黎巴嫩,7,0,
02/03/2020,18:00,立陶宛,1,0,
02/03/2020,18:00,盧森堡,1,0,
02/03/2020,18:00,澳門特別行政區,10,0,
02/03/2020,18:00,馬來西亞,25,0,
02/03/2020,18:00,摩納哥,1,0,
02/03/2020,18:00,墨西哥,2,0,
02/03/2020,18:00,尼泊爾,1,0,
02/03/2020,18:00,荷蘭,10,0,
02/03/2020,18:00,新西蘭,1,0,
02/03/2020,18:00,尼日利亞,1,0,
02/03/2020,18:00,北馬其頓,1,0,
02/03/2020,18:00,挪威,15,0,
02/03/2020,18:00,阿曼,6,0,
02/03/2020,18:00,巴基斯坦,4,0,
02/03/2020,18:00,卡塔爾,1,0,
02/03/2020,18:00,羅馬尼亞,3,0,
02/03/2020,18:00,俄羅斯,2,0,
02/03/2020,18:00,聖馬力諾,1,0,
02/03/2020,18:00,新加坡,106,0,
02/03/2020,18:00,西班牙,66,0,
02/03/2020,18:00,斯里蘭卡,1,0,
02/03/2020,18:00,瑞典,13,0,
02/03/2020,18:00,瑞士,24,0,
02/03/2020,18:00,台灣,40,1,
02/03/2020,18:00,泰國,42,1,
02/03/2020,18:00,菲律賓,3,1,
02/03/2020,18:00,阿聯酋,21,0,
02/03/2020,18:00,英國,36,0,
02/03/2020,18:00,美國,62,0,
02/03/2020,18:00,越南,16,0,
03/03/2020,9:00,阿富汗,1,0,
03/03/2020,9:00,阿爾及利亞,1,0,
03/03/2020,9:00,亞美尼亞,1,0,
03/03/2020,9:00,澳洲,29,1,
03/03/2020,9:00,奧地利,14,0,
03/03/2020,9:00,阿塞拜疆,3,0,
03/03/2020,9:00,巴林,47,0,
03/03/2020,9:00,白俄羅斯,1,0,
03/03/2020,9:00,比利時,2,0,
03/03/2020,9:00,巴西,2,0,
03/03/2020,9:00,柬埔寨,1,0,
03/03/2020,9:00,加拿大,20,0,
03/03/2020,9:00,克羅地亞,7,0,
03/03/2020,9:00,捷克,3,0,
03/03/2020,9:00,丹麥,4,0,
03/03/2020,9:00,多米尼加,1,0,
03/03/2020,9:00,厄瓜多爾,1,0,
03/03/2020,9:00,埃及,2,0,
03/03/2020,9:00,愛沙尼亞,1,0,
03/03/2020,9:00,芬蘭,6,0,
03/03/2020,9:00,法國,130,2,
03/03/2020,9:00,格魯吉亞,3,0,
03/03/2020,9:00,德國,157,0,
03/03/2020,9:00,希臘,7,0,
03/03/2020,9:00,香港特別行政區,101,2,包括1宗疑似個案
03/03/2020,9:00,冰島,2,0,
03/03/2020,9:00,印度,3,0,
03/03/2020,9:00,印尼,2,0,
03/03/2020,9:00,伊朗,1501,54,
03/03/2020,9:00,伊拉克,19,0,
03/03/2020,9:00,愛爾蘭,1,0,
03/03/2020,9:00,以色列,10,0,
03/03/2020,9:00,意大利,2036,52,
03/03/2020,9:00,日本,268,6,有706宗確診個案為郵輪乘客/船員 (當中包括6宗死亡個案)
03/03/2020,9:00,韓國,4212,22,
03/03/2020,9:00,科威特,56,0,
03/03/2020,9:00,黎巴嫩,10,0,
03/03/2020,9:00,立陶宛,1,0,
03/03/2020,9:00,盧森堡,1,0,
03/03/2020,9:00,澳門特別行政區,10,0,
03/03/2020,9:00,馬來西亞,25,0,
03/03/2020,9:00,墨西哥,5,0,
03/03/2020,9:00,摩納哥,1,0,
03/03/2020,9:00,尼泊爾,1,0,
03/03/2020,9:00,荷蘭,13,0,
03/03/2020,9:00,新西蘭,1,0,
03/03/2020,9:00,尼日利亞,1,0,
03/03/2020,9:00,北馬其頓,1,0,
03/03/2020,9:00,挪威,19,0,
03/03/2020,9:00,阿曼,6,0,
03/03/2020,9:00,巴基斯坦,4,0,
03/03/2020,9:00,卡塔爾,3,0,
03/03/2020,9:00,羅馬尼亞,3,0,
03/03/2020,9:00,俄羅斯,2,0,
03/03/2020,9:00,聖馬力諾,1,0,
03/03/2020,9:00,新加坡,108,0,
03/03/2020,9:00,西班牙,66,0,
03/03/2020,9:00,斯里蘭卡,1,0,
03/03/2020,9:00,瑞典,14,0,
03/03/2020,9:00,瑞士,24,0,
03/03/2020,9:00,台灣,41,1,
03/03/2020,9:00,泰國,42,1,
03/03/2020,9:00,菲律賓,3,1,
03/03/2020,9:00,阿聯酋,21,0,
03/03/2020,9:00,英國,36,0,
03/03/2020,9:00,美國,62,0,
03/03/2020,9:00,越南,16,0,
03/03/2020,18:00,阿富汗,1,0,
03/03/2020,18:00,阿爾及利亞,1,0,
03/03/2020,18:00,安道爾,1,0,
03/03/2020,18:00,亞美尼亞,1,0,
03/03/2020,18:00,澳洲,29,1,
03/03/2020,18:00,奧地利,14,0,
03/03/2020,18:00,阿塞拜疆,3,0,
03/03/2020,18:00,巴林,47,0,
03/03/2020,18:00,白俄羅斯,1,0,
03/03/2020,18:00,比利時,2,0,
03/03/2020,18:00,巴西,2,0,
03/03/2020,18:00,柬埔寨,1,0,
03/03/2020,18:00,加拿大,20,0,
03/03/2020,18:00,克羅地亞,7,0,
03/03/2020,18:00,捷克,3,0,
03/03/2020,18:00,丹麥,4,0,
03/03/2020,18:00,多米尼加,1,0,
03/03/2020,18:00,厄瓜多爾,1,0,
03/03/2020,18:00,埃及,2,0,
03/03/2020,18:00,愛沙尼亞,1,0,
03/03/2020,18:00,芬蘭,6,0,
03/03/2020,18:00,法國,130,2,
03/03/2020,18:00,格魯吉亞,3,0,
03/03/2020,18:00,德國,188,0,
03/03/2020,18:00,希臘,7,0,
03/03/2020,18:00,香港特別行政區,101,2,包括1宗疑似個案
03/03/2020,18:00,冰島,2,0,
03/03/2020,18:00,印度,3,0,
03/03/2020,18:00,印尼,2,0,
03/03/2020,18:00,伊朗,1501,66,
03/03/2020,18:00,伊拉克,19,0,
03/03/2020,18:00,愛爾蘭,1,0,
03/03/2020,18:00,以色列,10,0,
03/03/2020,18:00,意大利,2036,52,
03/03/2020,18:00,日本,268,6,有706宗確診個案為郵輪乘客/船員 (當中包括6宗死亡個案)
03/03/2020,18:00,約旦,1,0,
03/03/2020,18:00,韓國,4812,28,
03/03/2020,18:00,科威特,56,0,
03/03/2020,18:00,拉脫維亞,1,0,
03/03/2020,18:00,黎巴嫩,10,0,
03/03/2020,18:00,立陶宛,1,0,
03/03/2020,18:00,盧森堡,1,0,
03/03/2020,18:00,澳門特別行政區,10,0,
03/03/2020,18:00,馬來西亞,25,0,
03/03/2020,18:00,墨西哥,5,0,
03/03/2020,18:00,摩納哥,1,0,
03/03/2020,18:00,尼泊爾,1,0,
03/03/2020,18:00,荷蘭,13,0,
03/03/2020,18:00,新西蘭,1,0,
03/03/2020,18:00,尼日利亞,1,0,
03/03/2020,18:00,北馬其頓,1,0,
03/03/2020,18:00,挪威,19,0,
03/03/2020,18:00,阿曼,6,0,
03/03/2020,18:00,巴基斯坦,4,0,
03/03/2020,18:00,卡塔爾,3,0,
03/03/2020,18:00,羅馬尼亞,3,0,
03/03/2020,18:00,俄羅斯,2,0,
03/03/2020,18:00,聖馬力諾,1,0,
03/03/2020,18:00,沙特阿拉伯,1,0,
03/03/2020,18:00,塞內加爾,1,0,
03/03/2020,18:00,新加坡,108,0,
03/03/2020,18:00,西班牙,66,0,
03/03/2020,18:00,斯里蘭卡,1,0,
03/03/2020,18:00,瑞典,14,0,
03/03/2020,18:00,瑞士,24,0,
03/03/2020,18:00,台灣,41,1,
03/03/2020,18:00,泰國,42,1,
03/03/2020,18:00,突尼斯,1,0,
03/03/2020,18:00,菲律賓,3,1,
03/03/2020,18:00,阿聯酋,21,0,
03/03/2020,18:00,英國,36,0,
03/03/2020,18:00,美國,62,0,
03/03/2020,18:00,越南,16,0,
04/03/2020,9:00,阿富汗,1,0,
04/03/2020,9:00,阿爾及利亞,5,0,
04/03/2020,9:00,安道爾,1,0,
04/03/2020,9:00,亞美尼亞,1,0,
04/03/2020,9:00,澳洲,33,1,
04/03/2020,9:00,奧地利,18,0,
04/03/2020,9:00,阿塞拜疆,3,0,
04/03/2020,9:00,巴林,49,0,
04/03/2020,9:00,白俄羅斯,1,0,
04/03/2020,9:00,比利時,8,0,
04/03/2020,9:00,巴西,2,0,
04/03/2020,9:00,柬埔寨,1,0,
04/03/2020,9:00,加拿大,27,0,
04/03/2020,9:00,克羅地亞,9,0,
04/03/2020,9:00,捷克,3,0,
04/03/2020,9:00,丹麥,5,0,
04/03/2020,9:00,多米尼加,1,0,
04/03/2020,9:00,厄瓜多爾,6,0,
04/03/2020,9:00,埃及,2,0,
04/03/2020,9:00,愛沙尼亞,1,0,
04/03/2020,9:00,芬蘭,7,0,
04/03/2020,9:00,法國,191,3,
04/03/2020,9:00,格魯吉亞,3,0,
04/03/2020,9:00,德國,196,0,
04/03/2020,9:00,希臘,7,0,
04/03/2020,9:00,香港特別行政區,101,2,包括1宗疑似個案
04/03/2020,9:00,冰島,9,0,
04/03/2020,9:00,印度,5,0,
04/03/2020,9:00,印尼,2,0,
04/03/2020,9:00,伊朗,2336,77,
04/03/2020,9:00,伊拉克,26,0,
04/03/2020,9:00,愛爾蘭,1,0,
04/03/2020,9:00,以色列,10,0,
04/03/2020,9:00,意大利,2502,79,
04/03/2020,9:00,日本,284,6,有706宗確診個案為郵輪乘客/船員 (當中包括6宗死亡個案)
04/03/2020,9:00,約旦,1,0,
04/03/2020,9:00,韓國,5328,32,
04/03/2020,9:00,科威特,56,0,
04/03/2020,9:00,拉脫維亞,1,0,
04/03/2020,9:00,黎巴嫩,13,0,
04/03/2020,9:00,立陶宛,1,0,
04/03/2020,9:00,盧森堡,1,0,
04/03/2020,9:00,澳門特別行政區,10,0,
04/03/2020,9:00,馬來西亞,29,0,
04/03/2020,9:00,墨西哥,5,0,
04/03/2020,9:00,摩納哥,1,0,
04/03/2020,9:00,摩洛哥,1,0,
04/03/2020,9:00,尼泊爾,1,0,
04/03/2020,9:00,荷蘭,18,0,
04/03/2020,9:00,新西蘭,2,0,
04/03/2020,9:00,尼日利亞,1,0,
04/03/2020,9:00,北馬其頓,1,0,
04/03/2020,9:00,挪威,25,0,
04/03/2020,9:00,阿曼,6,0,
04/03/2020,9:00,巴基斯坦,5,0,
04/03/2020,9:00,葡萄牙 ,2,0,
04/03/2020,9:00,卡塔爾,7,0,
04/03/2020,9:00,羅馬尼亞,3,0,
04/03/2020,9:00,俄羅斯,3,0,
04/03/2020,9:00,聖馬力諾,8,0,
04/03/2020,9:00,沙特阿拉伯,1,0,
04/03/2020,9:00,塞內加爾,1,0,
04/03/2020,9:00,新加坡,110,0,
04/03/2020,9:00,西班牙,114,0,
04/03/2020,9:00,斯里蘭卡,1,0,
04/03/2020,9:00,瑞典,15,0,
04/03/2020,9:00,瑞士,30,0,
04/03/2020,9:00,台灣,42,1,
04/03/2020,9:00,泰國,43,1,
04/03/2020,9:00,菲律賓,3,1,
04/03/2020,9:00,突尼斯,1,0,
04/03/2020,9:00,阿聯酋,21,0,
04/03/2020,9:00,英國,39,0,
04/03/2020,9:00,美國,64,0,
04/03/2020,9:00,越南,16,0,
04/03/2020,18:00,阿根廷,1,0,
04/03/2020,18:00,阿富汗,1,0,
04/03/2020,18:00,阿爾及利亞,5,0,
04/03/2020,18:00,安道爾,1,0,
04/03/2020,18:00,亞美尼亞,1,0,
04/03/2020,18:00,澳洲,33,1,
04/03/2020,18:00,奧地利,18,0,
04/03/2020,18:00,阿塞拜疆,3,0,
04/03/2020,18:00,巴林,49,0,
04/03/2020,18:00,白俄羅斯,1,0,
04/03/2020,18:00,比利時,8,0,
04/03/2020,18:00,巴西,2,0,
04/03/2020,18:00,柬埔寨,1,0,
04/03/2020,18:00,加拿大,27,0,
04/03/2020,18:00,智利,1,0,
04/03/2020,18:00,克羅地亞,9,0,
04/03/2020,18:00,捷克,3,0,
04/03/2020,18:00,丹麥,5,0,
04/03/2020,18:00,多米尼加,1,0,
04/03/2020,18:00,厄瓜多爾,6,0,
04/03/2020,18:00,埃及,2,0,
04/03/2020,18:00,愛沙尼亞,1,0,
04/03/2020,18:00,芬蘭,7,0,
04/03/2020,18:00,法國,191,3,
04/03/2020,18:00,格魯吉亞,3,0,
04/03/2020,18:00,德國,196,0,
04/03/2020,18:00,希臘,7,0,
04/03/2020,18:00,香港特別行政區,103,2,包括1宗疑似個案
04/03/2020,18:00,冰島,9,0,
04/03/2020,18:00,印度,5,0,
04/03/2020,18:00,印尼,2,0,
04/03/2020,18:00,伊朗,2336,77,
04/03/2020,18:00,伊拉克,26,0,
04/03/2020,18:00,愛爾蘭,1,0,
04/03/2020,18:00,以色列,10,0,
04/03/2020,18:00,意大利,2502,79,
04/03/2020,18:00,日本,284,6,有706宗確診個案為郵輪乘客/船員 (當中包括6宗死亡個案)
04/03/2020,18:00,約旦,1,0,
04/03/2020,18:00,韓國,5328,32,
04/03/2020,18:00,科威特,56,0,
04/03/2020,18:00,拉脫維亞,1,0,
04/03/2020,18:00,黎巴嫩,13,0,
04/03/2020,18:00,立陶宛,1,0,
04/03/2020,18:00,盧森堡,1,0,
04/03/2020,18:00,澳門特別行政區,10,0,
04/03/2020,18:00,馬來西亞,29,0,
04/03/2020,18:00,墨西哥,5,0,
04/03/2020,18:00,摩納哥,1,0,
04/03/2020,18:00,摩洛哥,1,0,
04/03/2020,18:00,尼泊爾,1,0,
04/03/2020,18:00,荷蘭,18,0,
04/03/2020,18:00,新西蘭,2,0,
04/03/2020,18:00,尼日利亞,1,0,
04/03/2020,18:00,北馬其頓,1,0,
04/03/2020,18:00,挪威,25,0,
04/03/2020,18:00,阿曼,6,0,
04/03/2020,18:00,巴基斯坦,5,0,
04/03/2020,18:00,葡萄牙 ,2,0,
04/03/2020,18:00,卡塔爾,7,0,
04/03/2020,18:00,羅馬尼亞,3,0,
04/03/2020,18:00,俄羅斯,3,0,
04/03/2020,18:00,聖馬力諾,8,0,
04/03/2020,18:00,沙特阿拉伯,1,0,
04/03/2020,18:00,塞內加爾,1,0,
04/03/2020,18:00,新加坡,110,0,
04/03/2020,18:00,西班牙,151,0,
04/03/2020,18:00,斯里蘭卡,1,0,
04/03/2020,18:00,瑞典,15,0,
04/03/2020,18:00,瑞士,30,0,
04/03/2020,18:00,台灣,42,1,
04/03/2020,18:00,泰國,43,1,
04/03/2020,18:00,菲律賓,3,1,
04/03/2020,18:00,突尼斯,1,0,
04/03/2020,18:00,烏克蘭,1,0,
04/03/2020,18:00,阿聯酋,21,0,
04/03/2020,18:00,英國,39,0,
04/03/2020,18:00,美國,64,0,
04/03/2020,18:00,越南,16,0,
05/03/2020,9:00,阿根廷,1,0,
05/03/2020,9:00,阿富汗,1,0,
05/03/2020,9:00,阿爾及利亞,5,0,
05/03/2020,9:00,安道爾,1,0,
05/03/2020,9:00,亞美尼亞,1,0,
05/03/2020,9:00,澳洲,43,1,
05/03/2020,9:00,奧地利,24,0,
05/03/2020,9:00,阿塞拜疆,3,0,
05/03/2020,9:00,巴林,49,0,
05/03/2020,9:00,白俄羅斯,1,0,
05/03/2020,9:00,比利時,8,0,
05/03/2020,9:00,巴西,2,0,
05/03/2020,9:00,柬埔寨,1,0,
05/03/2020,9:00,加拿大,30,0,
05/03/2020,9:00,智利,1,0,
05/03/2020,9:00,克羅地亞,9,0,
05/03/2020,9:00,捷克,5,0,
05/03/2020,9:00,丹麥,8,0,
05/03/2020,9:00,多米尼加,1,0,
05/03/2020,9:00,厄瓜多爾,7,0,
05/03/2020,9:00,埃及,2,0,
05/03/2020,9:00,愛沙尼亞,2,0,
05/03/2020,9:00,芬蘭,7,0,
05/03/2020,9:00,法國,285,4,
05/03/2020,9:00,格魯吉亞,3,0,
05/03/2020,9:00,德國,262,0,
05/03/2020,9:00,希臘,7,0,
05/03/2020,9:00,香港特別行政區,105,2,包括1宗疑似個案
05/03/2020,9:00,冰島,16,0,
05/03/2020,9:00,印度,28,0,
05/03/2020,9:00,印尼,2,0,
05/03/2020,9:00,伊朗,2922,92,
05/03/2020,9:00,伊拉克,31,0,
05/03/2020,9:00,愛爾蘭,2,0,
05/03/2020,9:00,以色列,12,0,
05/03/2020,9:00,意大利,3089,107,
05/03/2020,9:00,日本,317,6,有706宗確診個案為郵輪乘客/船員 (當中包括6宗死亡個案)
05/03/2020,9:00,約旦,1,0,
05/03/2020,9:00,韓國,5766,35,
05/03/2020,9:00,科威特,56,0,
05/03/2020,9:00,拉脫維亞,1,0,
05/03/2020,9:00,黎巴嫩,13,0,
05/03/2020,9:00,立陶宛,1,0,
05/03/2020,9:00,盧森堡,1,0,
05/03/2020,9:00,澳門特別行政區,10,0,
05/03/2020,9:00,馬來西亞,50,0,
05/03/2020,9:00,墨西哥,5,0,
05/03/2020,9:00,摩納哥,1,0,
05/03/2020,9:00,摩洛哥,1,0,
05/03/2020,9:00,尼泊爾,1,0,
05/03/2020,9:00,荷蘭,28,0,
05/03/2020,9:00,新西蘭,2,0,
05/03/2020,9:00,尼日利亞,1,0,
05/03/2020,9:00,北馬其頓,1,0,
05/03/2020,9:00,挪威,32,0,
05/03/2020,9:00,阿曼,12,0,
05/03/2020,9:00,巴基斯坦,5,0,
05/03/2020,9:00,波蘭,1,0,
05/03/2020,9:00,葡萄牙 ,2,0,
05/03/2020,9:00,卡塔爾,8,0,
05/03/2020,9:00,羅馬尼亞,4,0,
05/03/2020,9:00,俄羅斯,3,0,
05/03/2020,9:00,聖馬力諾,8,0,
05/03/2020,9:00,沙特阿拉伯,1,0,
05/03/2020,9:00,塞內加爾,1,0,
05/03/2020,9:00,新加坡,112,0,
05/03/2020,9:00,西班牙,200,1,
05/03/2020,9:00,斯里蘭卡,1,0,
05/03/2020,9:00,瑞典,24,0,
05/03/2020,9:00,瑞士,37,0,
05/03/2020,9:00,台灣,42,1,
05/03/2020,9:00,泰國,43,1,
05/03/2020,9:00,菲律賓,3,1,
05/03/2020,9:00,突尼斯,1,0,
05/03/2020,9:00,烏克蘭,1,0,
05/03/2020,9:00,阿聯酋,27,0,
05/03/2020,9:00,英國,85,0,
05/03/2020,9:00,美國,80,9,
05/03/2020,9:00,越南,16,0,
05/03/2020,18:00,阿根廷,1,0,
05/03/2020,18:00,阿富汗,1,0,
05/03/2020,18:00,阿爾及利亞,5,0,
05/03/2020,18:00,安道爾,1,0,
05/03/2020,18:00,亞美尼亞,1,0,
05/03/2020,18:00,澳洲,43,1,
05/03/2020,18:00,奧地利,24,0,
05/03/2020,18:00,阿塞拜疆,3,0,
05/03/2020,18:00,巴林,49,0,
05/03/2020,18:00,白俄羅斯,1,0,
05/03/2020,18:00,比利時,8,0,
05/03/2020,18:00,巴西,2,0,
05/03/2020,18:00,柬埔寨,1,0,
05/03/2020,18:00,加拿大,30,0,
05/03/2020,18:00,智利,1,0,
05/03/2020,18:00,克羅地亞,9,0,
05/03/2020,18:00,捷克,5,0,
05/03/2020,18:00,丹麥,8,0,
05/03/2020,18:00,多米尼加,1,0,
05/03/2020,18:00,厄瓜多爾,7,0,
05/03/2020,18:00,埃及,2,0,
05/03/2020,18:00,愛沙尼亞,2,0,
05/03/2020,18:00,芬蘭,7,0,
05/03/2020,18:00,法國,285,4,
05/03/2020,18:00,格魯吉亞,3,0,
05/03/2020,18:00,德國,349,0,
05/03/2020,18:00,希臘,7,0,
05/03/2020,18:00,香港特別行政區,105,2,包括1宗疑似個案
05/03/2020,18:00,匈牙利,2,0,
05/03/2020,18:00,冰島,16,0,
05/03/2020,18:00,印度,28,0,
05/03/2020,18:00,印尼,2,0,
05/03/2020,18:00,伊朗,2922,92,
05/03/2020,18:00,伊拉克,31,0,
05/03/2020,18:00,愛爾蘭,2,0,
05/03/2020,18:00,以色列,12,0,
05/03/2020,18:00,意大利,3089,107,
05/03/2020,18:00,日本,317,6,有706宗確診個案為郵輪乘客/船員 (當中包括6宗死亡個案)
05/03/2020,18:00,約旦,1,0,
05/03/2020,18:00,韓國,5766,35,
05/03/2020,18:00,科威特,56,0,
05/03/2020,18:00,拉脫維亞,1,0,
05/03/2020,18:00,黎巴嫩,13,0,
05/03/2020,18:00,立陶宛,1,0,
05/03/2020,18:00,盧森堡,1,0,
05/03/2020,18:00,澳門特別行政區,10,0,
05/03/2020,18:00,馬來西亞,50,0,
05/03/2020,18:00,墨西哥,5,0,
05/03/2020,18:00,摩納哥,1,0,
05/03/2020,18:00,摩洛哥,1,0,
05/03/2020,18:00,尼泊爾,1,0,
05/03/2020,18:00,荷蘭,28,0,
05/03/2020,18:00,新西蘭,2,0,
05/03/2020,18:00,尼日利亞,1,0,
05/03/2020,18:00,北馬其頓,1,0,
05/03/2020,18:00,挪威,32,0,
05/03/2020,18:00,阿曼,12,0,
05/03/2020,18:00,巴基斯坦,5,0,
05/03/2020,18:00,波蘭,1,0,
05/03/2020,18:00,葡萄牙 ,2,0,
05/03/2020,18:00,卡塔爾,8,0,
05/03/2020,18:00,羅馬尼亞,4,0,
05/03/2020,18:00,俄羅斯,3,0,
05/03/2020,18:00,聖馬力諾,8,0,
05/03/2020,18:00,沙特阿拉伯,1,0,
05/03/2020,18:00,塞內加爾,1,0,
05/03/2020,18:00,新加坡,112,0,
05/03/2020,18:00,斯洛文尼亞,1,0,
05/03/2020,18:00,西班牙,200,1,
05/03/2020,18:00,斯里蘭卡,1,0,
05/03/2020,18:00,瑞典,24,0,
05/03/2020,18:00,瑞士,37,0,
05/03/2020,18:00,台灣,42,1,
05/03/2020,18:00,泰國,43,1,
05/03/2020,18:00,菲律賓,3,1,
05/03/2020,18:00,突尼斯,1,0,
05/03/2020,18:00,烏克蘭,1,0,
05/03/2020,18:00,阿聯酋,27,0,
05/03/2020,18:00,英國,85,0,
05/03/2020,18:00,美國,80,9,
05/03/2020,18:00,越南,16,0,
06/03/2020,9:00,阿富汗,1,0,
06/03/2020,9:00,阿爾及利亞,12,0,
06/03/2020,9:00,安道爾,1,0,
06/03/2020,9:00,阿根廷,1,0,
06/03/2020,9:00,亞美尼亞,1,0,
06/03/2020,9:00,澳洲,66,3,
06/03/2020,9:00,奧地利,37,0,
06/03/2020,9:00,阿塞拜疆,3,0,
06/03/2020,9:00,巴林,49,0,
06/03/2020,9:00,白俄羅斯,6,0,
06/03/2020,9:00,比利時,23,0,
06/03/2020,9:00,波斯尼亞和黑塞哥維那,2,0,
06/03/2020,9:00,巴西,3,0,
06/03/2020,9:00,柬埔寨,1,0,
06/03/2020,9:00,加拿大,30,0,
06/03/2020,9:00,智利,1,0,
06/03/2020,9:00,克羅地亞,9,0,
06/03/2020,9:00,捷克,5,0,
06/03/2020,9:00,丹麥,10,0,
06/03/2020,9:00,多米尼加,1,0,
06/03/2020,9:00,厄瓜多爾,7,0,
06/03/2020,9:00,埃及,2,0,
06/03/2020,9:00,愛沙尼亞,2,0,
06/03/2020,9:00,芬蘭,7,0,
06/03/2020,9:00,法國,423,7,
06/03/2020,9:00,格魯吉亞,3,0,
06/03/2020,9:00,德國,400,0,
06/03/2020,9:00,直布羅陀,1,0,
06/03/2020,9:00,希臘,9,0,
06/03/2020,9:00,香港特別行政區,105,2,包括1宗疑似個案
06/03/2020,9:00,匈牙利,2,0,
06/03/2020,9:00,冰島,26,0,
06/03/2020,9:00,印度,29,0,
06/03/2020,9:00,印尼,2,0,
06/03/2020,9:00,伊朗,3513,107,
06/03/2020,9:00,伊拉克,36,2,
06/03/2020,9:00,愛爾蘭,2,0,
06/03/2020,9:00,以色列,15,0,
06/03/2020,9:00,意大利,3858,148,
06/03/2020,9:00,日本,349,6,有696宗確診個案為郵輪乘客/船員 (當中包括6宗死亡個案)
06/03/2020,9:00,約旦,1,0,
06/03/2020,9:00,韓國,6284,42,
06/03/2020,9:00,科威特,58,0,
06/03/2020,9:00,拉脫維亞,1,0,
06/03/2020,9:00,黎巴嫩,13,0,
06/03/2020,9:00,列支敦斯登,1,0,
06/03/2020,9:00,立陶宛,1,0,
06/03/2020,9:00,盧森堡,1,0,
06/03/2020,9:00,澳門特別行政區,10,0,
06/03/2020,9:00,馬來西亞,50,0,
06/03/2020,9:00,墨西哥,5,0,
06/03/2020,9:00,摩納哥,1,0,
06/03/2020,9:00,摩洛哥,2,0,
06/03/2020,9:00,尼泊爾,1,0,
06/03/2020,9:00,荷蘭,38,0,
06/03/2020,9:00,新西蘭,2,0,
06/03/2020,9:00,尼日利亞,1,0,
06/03/2020,9:00,北馬其頓,1,0,
06/03/2020,9:00,挪威,56,0,
06/03/2020,9:00,阿曼,15,0,
06/03/2020,9:00,巴基斯坦,5,0,
06/03/2020,9:00,巴勒斯坦,4,0,
06/03/2020,9:00,波蘭,1,0,
06/03/2020,9:00,葡萄牙 ,7,0,
06/03/2020,9:00,卡塔爾,8,0,
06/03/2020,9:00,羅馬尼亞,4,0,
06/03/2020,9:00,俄羅斯,3,0,
06/03/2020,9:00,聖巴泰勒米,1,0,
06/03/2020,9:00,聖馬丁,2,0,
06/03/2020,9:00,聖馬力諾,16,0,
06/03/2020,9:00,沙特阿拉伯,2,0,
06/03/2020,9:00,塞內加爾,4,0,
06/03/2020,9:00,新加坡,117,0,
06/03/2020,9:00,斯洛文尼亞,1,0,
06/03/2020,9:00,西班牙,261,3,
06/03/2020,9:00,斯里蘭卡,1,0,
06/03/2020,9:00,瑞典,35,0,
06/03/2020,9:00,瑞士,56,0,
06/03/2020,9:00,台灣,44,1,
06/03/2020,9:00,泰國,47,1,
06/03/2020,9:00,菲律賓,3,1,
06/03/2020,9:00,突尼斯,1,0,
06/03/2020,9:00,烏克蘭,1,0,
06/03/2020,9:00,阿聯酋,27,0,
06/03/2020,9:00,英國,115,0,
06/03/2020,9:00,美國,99,10,
06/03/2020,9:00,越南,16,0,
06/03/2020,18:00,阿富汗,1,0,
06/03/2020,18:00,阿爾及利亞,12,0,
06/03/2020,18:00,安道爾,1,0,
06/03/2020,18:00,阿根廷,1,0,
06/03/2020,18:00,亞美尼亞,1,0,
06/03/2020,18:00,澳洲,66,3,
06/03/2020,18:00,奧地利,37,0,
06/03/2020,18:00,阿塞拜疆,3,0,
06/03/2020,18:00,巴林,49,0,
06/03/2020,18:00,白俄羅斯,6,0,
06/03/2020,18:00,比利時,23,0,
06/03/2020,18:00,波斯尼亞和黑塞哥維那,2,0,
06/03/2020,18:00,巴西,3,0,
06/03/2020,18:00,柬埔寨,1,0,
06/03/2020,18:00,加拿大,30,0,
06/03/2020,18:00,智利,1,0,
06/03/2020,18:00,克羅地亞,9,0,
06/03/2020,18:00,捷克,5,0,
06/03/2020,18:00,丹麥,10,0,
06/03/2020,18:00,多米尼加,1,0,
06/03/2020,18:00,厄瓜多爾,7,0,
06/03/2020,18:00,埃及,2,0,
06/03/2020,18:00,愛沙尼亞,2,0,
06/03/2020,18:00,芬蘭,7,0,
06/03/2020,18:00,法國,423,7,
06/03/2020,18:00,格魯吉亞,3,0,
06/03/2020,18:00,德國,534,0,
06/03/2020,18:00,直布羅陀,1,0,
06/03/2020,18:00,希臘,9,0,
06/03/2020,18:00,香港特別行政區,107,2,包括1宗疑似個案
06/03/2020,18:00,匈牙利,2,0,
06/03/2020,18:00,冰島,26,0,
06/03/2020,18:00,印度,29,0,
06/03/2020,18:00,印尼,2,0,
06/03/2020,18:00,伊朗,3513,107,
06/03/2020,18:00,伊拉克,36,2,
06/03/2020,18:00,愛爾蘭,2,0,
06/03/2020,18:00,以色列,15,0,
06/03/2020,18:00,意大利,3858,148,
06/03/2020,18:00,日本,349,6,不包括696宗確診個案為郵輪乘客/船員 (當中包括6宗死亡個案)
06/03/2020,18:00,約旦,1,0,
06/03/2020,18:00,韓國,6284,42,
06/03/2020,18:00,科威特,58,0,
06/03/2020,18:00,拉脫維亞,1,0,
06/03/2020,18:00,黎巴嫩,13,0,
06/03/2020,18:00,列支敦斯登,1,0　,
06/03/2020,18:00,立陶宛,1,0,
06/03/2020,18:00,盧森堡,1,0,
06/03/2020,18:00,澳門特別行政區,10,0,
06/03/2020,18:00,馬來西亞,50,0,
06/03/2020,18:00,墨西哥,5,0,
06/03/2020,18:00,摩納哥,1,0,
06/03/2020,18:00,摩洛哥,2,0,
06/03/2020,18:00,尼泊爾,1,0,
06/03/2020,18:00,荷蘭,38,0,
06/03/2020,18:00,新西蘭,2,0,
06/03/2020,18:00,尼日利亞,1,0,
06/03/2020,18:00,北馬其頓,1,0,
06/03/2020,18:00,挪威,56,0,
06/03/2020,18:00,阿曼,15,0,
06/03/2020,18:00,巴基斯坦,5,0,
06/03/2020,18:00,巴勒斯坦,4,0,
06/03/2020,18:00,波蘭,1,0,
06/03/2020,18:00,葡萄牙 ,7,0,
06/03/2020,18:00,卡塔爾,8,0,
06/03/2020,18:00,羅馬尼亞,4,0,
06/03/2020,18:00,俄羅斯,3,0,
06/03/2020,18:00,聖巴泰勒米,1,0,
06/03/2020,18:00,聖馬丁,2,0,
06/03/2020,18:00,聖馬力諾,16,0,
06/03/2020,18:00,沙特阿拉伯,2,0,
06/03/2020,18:00,塞內加爾,4,0,
06/03/2020,18:00,新加坡,117,0,
06/03/2020,18:00,斯洛文尼亞,1,0,
06/03/2020,18:00,西班牙,261,3,
06/03/2020,18:00,斯里蘭卡,1,0,
06/03/2020,18:00,瑞典,35,0,
06/03/2020,18:00,瑞士,56,0,
06/03/2020,18:00,台灣,45,1,
06/03/2020,18:00,泰國,47,1,
06/03/2020,18:00,菲律賓,3,1,
06/03/2020,18:00,突尼斯,1,0,
06/03/2020,18:00,烏克蘭,1,0,
06/03/2020,18:00,阿聯酋,27,0,
06/03/2020,18:00,英國,115,0,
06/03/2020,18:00,美國,99,10,不包括美國包機返國人士：46宗(鑽石公主號)和3宗(武漢)
06/03/2020,18:00,越南,16,0,
07/03/2020,9:00,阿富汗,1,0,
07/03/2020,9:00,阿爾及利亞,12,0,
07/03/2020,9:00,安道爾,1,0,
07/03/2020,9:00,阿根廷,1,0,
07/03/2020,9:00,亞美尼亞,1,0,
07/03/2020,9:00,澳洲,57,2,
07/03/2020,9:00,奧地利,47,0,
07/03/2020,9:00,阿塞拜疆,3,0,
07/03/2020,9:00,巴林,49,0,
07/03/2020,9:00,白俄羅斯,6,0,
07/03/2020,9:00,比利時,50,0,
07/03/2020,9:00,不丹,1,0,
07/03/2020,9:00,波斯尼亞和黑塞哥維那,2,0,
07/03/2020,9:00,巴西,7,0,
07/03/2020,9:00,柬埔寨,1,0,
07/03/2020,9:00,喀麥隆,1,0,
07/03/2020,9:00,加拿大,45,0,
07/03/2020,9:00,智利,1,0,
07/03/2020,9:00,克羅地亞,10,0,
07/03/2020,9:00,捷克,12,0,
07/03/2020,9:00,丹麥,18,0,
07/03/2020,9:00,多米尼加,1,0,
07/03/2020,9:00,厄瓜多爾,13,0,
07/03/2020,9:00,埃及,3,0,
07/03/2020,9:00,愛沙尼亞,3,0,
07/03/2020,9:00,芬蘭,12,0,
07/03/2020,9:00,法國,613,9,
07/03/2020,9:00,格魯吉亞,9,0,
07/03/2020,9:00,德國,639,0,
07/03/2020,9:00,直布羅陀,1,0,
07/03/2020,9:00,希臘,32,0,
07/03/2020,9:00,香港特別行政區,108,2,包括1宗疑似個案
07/03/2020,9:00,匈牙利,2,0,
07/03/2020,9:00,冰島,26,0,
07/03/2020,9:00,印度,30,0,
07/03/2020,9:00,印尼,2,0,
07/03/2020,9:00,伊朗,4747,124,
07/03/2020,9:00,伊拉克,36,2,
07/03/2020,9:00,愛爾蘭,14,0,
07/03/2020,9:00,以色列,15,0,
07/03/2020,9:00,意大利,4636,197,
07/03/2020,9:00,日本,408,6,不包括696宗確診個案為郵輪乘客/船員 (當中包括6宗死亡個案)
07/03/2020,9:00,約旦,1,0,
07/03/2020,9:00,韓國,6767,44,
07/03/2020,9:00,科威特,58,0,
07/03/2020,9:00,拉脫維亞,1,0,
07/03/2020,9:00,黎巴嫩,16,0,
07/03/2020,9:00,列支敦斯登,1,0,
07/03/2020,9:00,立陶宛,1,0,
07/03/2020,9:00,盧森堡,1,0,
07/03/2020,9:00,澳門特別行政區,10,0,
07/03/2020,9:00,馬來西亞,55,0,
07/03/2020,9:00,墨西哥,5,0,
07/03/2020,9:00,摩納哥,1,0,
07/03/2020,9:00,摩洛哥,2,0,
07/03/2020,9:00,尼泊爾,1,0,
07/03/2020,9:00,荷蘭,82,0,
07/03/2020,9:00,新西蘭,4,0,
07/03/2020,9:00,尼日利亞,1,0,
07/03/2020,9:00,北馬其頓,1,0,
07/03/2020,9:00,挪威,86,0,
07/03/2020,9:00,阿曼,16,0,
07/03/2020,9:00,巴基斯坦,5,0,
07/03/2020,9:00,巴勒斯坦,7,0,
07/03/2020,9:00,波蘭,1,0,
07/03/2020,9:00,葡萄牙 ,9,0,
07/03/2020,9:00,卡塔爾,8,0,
07/03/2020,9:00,羅馬尼亞,6,0,
07/03/2020,9:00,俄羅斯,4,0,
07/03/2020,9:00,聖巴泰勒米,1,0,
07/03/2020,9:00,聖馬丁,2,0,
07/03/2020,9:00,聖馬力諾,21,0,
07/03/2020,9:00,沙特阿拉伯,8,0,
07/03/2020,9:00,塞內加爾,4,0,
07/03/2020,9:00,塞爾維亞,1,0,
07/03/2020,9:00,新加坡,130,0,
07/03/2020,9:00,斯洛文尼亞,6,0,
07/03/2020,9:00,南非,1,0,
07/03/2020,9:00,西班牙,374,5,
07/03/2020,9:00,斯里蘭卡,1,0,
07/03/2020,9:00,瑞典,61,0,
07/03/2020,9:00,瑞士,86,1,
07/03/2020,9:00,台灣,45,1,
07/03/2020,9:00,泰國,47,1,
07/03/2020,9:00,菲律賓,5,1,
07/03/2020,9:00, 突尼斯,1,0,
07/03/2020,9:00,烏克蘭,1,0,
07/03/2020,9:00,阿聯酋,27,0,
07/03/2020,9:00,英國,163,1,
07/03/2020,9:00,美國,148,10,不包括美國包機返國人士：46宗(鑽石公主號)和3宗(武漢)
07/03/2020,9:00,越南,16,0,
07/03/2020,18:00,阿富汗,1,0,
07/03/2020,18:00,阿爾及利亞,12,0,
07/03/2020,18:00,安道爾,1,0,
07/03/2020,18:00,阿根廷,1,0,
07/03/2020,18:00,亞美尼亞,1,0,
07/03/2020,18:00,澳洲,57,2,
07/03/2020,18:00,奧地利,47,0,
07/03/2020,18:00,阿塞拜疆,3,0,
07/03/2020,18:00,巴林,49,0,
07/03/2020,18:00,白俄羅斯,6,0,
07/03/2020,18:00,比利時,50,0,
07/03/2020,18:00,不丹,1,0,
07/03/2020,18:00,波斯尼亞和黑塞哥維那,2,0,
07/03/2020,18:00,巴西,7,0,
07/03/2020,18:00,柬埔寨,1,0,
07/03/2020,18:00,喀麥隆,1,0,
07/03/2020,18:00,加拿大,45,0,
07/03/2020,18:00,智利,1,0,
07/03/2020,18:00,克羅地亞,10,0,
07/03/2020,18:00,捷克,12,0,
07/03/2020,18:00,丹麥,18,0,
07/03/2020,18:00,多米尼加,1,0,
07/03/2020,18:00,厄瓜多爾,13,0,
07/03/2020,18:00,埃及,3,0,
07/03/2020,18:00,愛沙尼亞,3,0,
07/03/2020,18:00,芬蘭,12,0,
07/03/2020,18:00,法國,613,10,
07/03/2020,18:00,格魯吉亞,9,0,
07/03/2020,18:00,德國,684,0,
07/03/2020,18:00,直布羅陀,1,0,
07/03/2020,18:00,希臘,32,0,
07/03/2020,18:00,香港特別行政區,109,2,包括1宗疑似個案
07/03/2020,18:00,匈牙利,2,0,
07/03/2020,18:00,冰島,26,0,
07/03/2020,18:00,印度,30,0,
07/03/2020,18:00,印尼,2,0,
07/03/2020,18:00,伊朗,4747,124,
07/03/2020,18:00,伊拉克,36,2,
07/03/2020,18:00,愛爾蘭,14,0,
07/03/2020,18:00,以色列,15,0,
07/03/2020,18:00,意大利,4636,197,
07/03/2020,18:00,日本,408,6,不包括696宗確診個案為郵輪乘客/船員 (當中包括6宗死亡個案)
07/03/2020,18:00,約旦,1,0,
07/03/2020,18:00,韓國,6767,44,
07/03/2020,18:00,科威特,58,0,
07/03/2020,18:00,拉脫維亞,1,0,
07/03/2020,18:00,黎巴嫩,16,0,
07/03/2020,18:00,列支敦斯登,1,0,
07/03/2020,18:00,立陶宛,1,0,
07/03/2020,18:00,盧森堡,1,0,
07/03/2020,18:00,澳門特別行政區,10,0,
07/03/2020,18:00,馬來西亞,55,0,
07/03/2020,18:00,墨西哥,5,0,
07/03/2020,18:00,摩納哥,1,0,
07/03/2020,18:00,摩洛哥,2,0,
07/03/2020,18:00,尼泊爾,1,0,
07/03/2020,18:00,荷蘭,82,0,
07/03/2020,18:00,新西蘭,4,0,
07/03/2020,18:00,尼日利亞,1,0,
07/03/2020,18:00,北馬其頓,1,0,
07/03/2020,18:00,挪威,86,0,
07/03/2020,18:00,阿曼,16,0,
07/03/2020,18:00,巴基斯坦,5,0,
07/03/2020,18:00,巴勒斯坦,7,0,
07/03/2020,18:00,波蘭,1,0,
07/03/2020,18:00,葡萄牙 ,9,0,
07/03/2020,18:00,卡塔爾,8,0,
07/03/2020,18:00,羅馬尼亞,6,0,
07/03/2020,18:00,俄羅斯,4,0,
07/03/2020,18:00,聖巴泰勒米,1,0,
07/03/2020,18:00,聖馬丁,2,0,
07/03/2020,18:00,聖馬力諾,21,0,
07/03/2020,18:00,沙特阿拉伯,8,0,
07/03/2020,18:00,塞內加爾,4,0,
07/03/2020,18:00,塞爾維亞,1,0,
07/03/2020,18:00,新加坡,130,0,
07/03/2020,18:00,斯洛文尼亞,6,0,
07/03/2020,18:00,南非,1,0,
07/03/2020,18:00,西班牙,374,5,
07/03/2020,18:00,斯里蘭卡,1,0,
07/03/2020,18:00,瑞典,61,0,
07/03/2020,18:00,瑞士,86,1,
07/03/2020,18:00,台灣,45,1,
07/03/2020,18:00,泰國,47,1,
07/03/2020,18:00,菲律賓,5,1,
07/03/2020,18:00, 突尼斯,1,0,
07/03/2020,18:00,烏克蘭,1,0,
07/03/2020,18:00,阿聯酋,27,0,
07/03/2020,18:00,英國,163,1,
07/03/2020,18:00,美國,164,11,不包括美國包機返國人士：46宗(鑽石公主號)和3宗(武漢)
07/03/2020,18:00,越南,16,0,
